Date,log_return
2010-01-05,-0.11796954978348323
2010-01-06,0.013885995995365183
2010-01-07,-0.6267866470222999
2010-01-08,0.2999548829151047
2010-01-11,1.2390702948313268
2010-01-12,-0.08947314682030738
2010-01-13,-0.21368265928360664
2010-01-14,-0.09665171618811873
2010-01-15,-0.7070106389691765
2010-01-19,-0.7470797532819753
2010-01-20,-1.234017704360749
2010-01-21,0.08510638811566758
2010-01-22,0.3397030867605495
2010-01-25,-0.05653710397947721
2010-01-26,-0.588466372568753
2010-01-27,-0.07113387695028243
2010-01-28,-0.4278691545031663
2010-01-29,-0.8828970246836105
2010-02-01,0.244833419629608
2010-02-02,0.36612984652491376
2010-02-03,-0.34455564918115855
2010-02-04,-1.0699155050794484
2010-02-05,-1.1035300352118667
2010-02-08,0.6664982375691691
2010-02-09,0.6983370199996954
2010-02-10,-0.5305823400550268
2010-02-11,-0.599373185338303
2010-02-12,-0.11003118660082678
2010-02-16,0.8550496059576536
2010-02-17,-0.869729582496044
2010-02-18,-0.44140438033460055
2010-02-19,-0.1844950894162065
2010-02-22,0.38336820766365237
2010-02-23,-0.3907550959403221
2010-02-24,0.2876850728276077
2010-02-25,-0.7393202387618705
2010-02-26,1.356152859833766
2010-03-01,-1.0597685290600671
2010-03-02,0.3545055411348824
2010-03-03,1.2236826076222524
2010-03-04,-1.172088724038109
2010-03-05,0.2722691994326923
2010-03-08,0.036736343677533596
2010-03-09,-0.198536776122577
2010-03-10,0.5285579769787236
2010-03-11,0.11707889527048027
2010-03-12,0.5760762640968472
2010-03-15,-0.7370951088110135
2010-03-16,0.7734442059361814
2010-03-17,-0.138196916201122
2010-03-18,-0.9948147290518057
2010-03-19,-0.5380914468596381
2010-03-22,0.0073907098810411945
2010-03-23,0.029557378475731255
2010-03-24,-1.398728257425006
2010-03-25,-0.022479487562349937
2010-03-26,0.4038596469684912
2010-03-29,0.49882841774864456
2010-03-30,-0.41676029660572916
2010-03-31,0.8687635855243174
2010-04-01,0.3174020011067649
2010-04-02,-0.606152062909519
2010-04-05,-0.007414822233037977
2010-04-06,-0.8040543616173824
2010-04-07,-0.10470422017062567
2010-04-08,-0.029935638601043264
2010-04-09,0.8051333190328431
2010-04-12,0.8796951943358444
2010-04-13,0.03679311274443037
2010-04-14,0.5429611988955678
2010-04-15,-0.9262728874457593
2010-04-16,-0.3922008949408454
2010-04-19,-0.21525337685942494
2010-04-20,-0.0892060719281366
2010-04-21,-0.46964192326074894
2010-04-22,-0.6371596833974125
2010-04-23,0.4651520128236361
2010-04-26,-0.1798022660006948
2010-04-27,-0.798016732162851
2010-04-28,-0.7587289812159481
2010-04-29,0.8569422630122583
2010-04-30,0.44452889174020443
2010-05-03,-0.8986279086396503
2010-05-04,-1.11366520951911
2010-05-05,-1.1339651729545837
2010-05-06,-1.5716340536318536
2010-05-07,0.251869475929634
2010-05-10,1.0945305109875954
2010-05-11,-1.1417077409866705
2010-05-12,-0.575779482397606
2010-05-13,-0.5870703096787062
2010-05-14,-1.4264205312268803
2010-05-17,-0.7371737380777666
2010-05-18,0.47856683785144283
2010-05-19,-0.33232046794406045
2010-05-20,0.4293764445049402
2010-05-21,1.643652958140639
2010-05-24,-1.353048943487724
2010-05-25,-1.0289740372550071
2010-05-26,-0.44892537542110444
2010-05-27,1.1872953980231942
2010-05-28,-0.008084401152386107
2010-06-01,-0.8362135189080873
2010-06-02,-0.4903573081488793
2010-06-03,-0.10656175441753689
2010-06-04,-1.6122047347226436
2010-06-07,-0.3255836244230934
2010-06-08,0.30057633049875954
2010-06-09,0.4159739775176712
2010-06-10,0.5464494472078967
2010-06-11,-0.28113132456753154
2010-06-14,1.6424775905464655
2010-06-15,0.40643853706794353
2010-06-16,-0.03245436133962467
2010-06-17,0.3402466017393416
2010-06-18,-0.04044489438348097
2010-06-21,0.2020610911778074
2010-06-22,-0.6642927863291028
2010-06-23,0.05688051183304679
2010-06-24,-0.17887637910459261
2010-06-25,0.3574333618587647
2010-06-28,-0.12982799616500598
2010-06-29,-1.0529420220888794
2010-06-30,0.8497477391478557
2010-07-01,1.3977201895548685
2010-07-02,0.9025259936626095
2010-07-06,0.5471210571402808
2010-07-07,-0.4120449569870416
2010-07-08,0.7042004018741509
2010-07-09,-0.34752424203033144
2010-07-12,-0.523561405394494
2010-07-13,1.1545280858303273
2010-07-14,0.2826413124427363
2010-07-15,1.0761176834925597
2010-07-16,0.2014567549463791
2010-07-19,0.3400049639741646
2010-07-20,-0.4484312447328687
2010-07-21,-0.6764400088542036
2010-07-22,0.6609409387673807
2010-07-23,-0.22500688392847462
2010-07-26,0.8431035747692177
2010-07-27,0.0
2010-07-28,0.11546900940407778
2010-07-29,0.5064856196006782
2010-07-30,0.03826579467349289
2010-08-02,0.8002176603602291
2010-08-03,0.49218287370188113
2010-08-04,-0.6137080291713652
2010-08-05,-0.007600228010498899
2010-08-06,0.9455798734820651
2010-08-09,-0.309165876090213
2010-08-10,-1.1087598397944491
2010-08-11,-1.508068897667626
2010-08-12,-0.25616159941904615
2010-08-13,-0.7724456150594804
2010-08-16,0.5545806051372736
2010-08-17,0.40422940615093983
2010-08-18,-0.13974072610140031
2010-08-19,-0.2722783587292482
2010-08-20,-1.1753778944328404
2010-08-23,-0.18934916899898258
2010-08-24,0.09471940087755962
2010-08-25,-0.18162440338444313
2010-08-26,0.5124375595207398
2010-08-27,0.3767369654837402
2010-08-30,-0.6208027481741816
2010-08-31,0.14178812930744697
2010-09-01,0.8543376022659404
2010-09-02,0.08581347798124973
2010-09-03,0.47454287970765724
2010-09-07,-1.265246494376503
2010-09-08,0.03143418493465701
2010-09-09,-0.14940046026403375
2010-09-10,0.18082476722385138
2010-09-13,1.2411852871587656
2010-09-14,0.9573884121696314
2010-09-15,-0.04611482673375483
2010-09-16,0.5443337701560569
2010-09-17,-0.2526317133111136
2010-09-20,0.21439518166334318
2010-09-21,0.47310275195347384
2010-09-22,1.877812426224345
2010-09-23,-0.30678313559249076
2010-09-24,0.9843479927915325
2010-09-27,-0.007420874924552385
2010-09-28,0.7982894045292859
2010-09-29,0.4041003258107248
2010-09-30,-0.27166946478446347
2010-10-01,1.1186371447027994
2010-10-04,-0.4810154307751998
2010-10-05,1.0609793588500587
2010-10-06,0.6484639770799504
2010-10-07,-0.021547854276244217
2010-10-08,0.014365752071846243
2010-10-12,-0.5545766671314756
2010-10-13,0.8486206986955992
2010-10-14,0.7277948643036842
2010-10-15,-0.48460756184787446
2010-10-18,-0.1429797212410586
2010-10-19,-1.0861462648456242
2010-10-20,0.8784618703617323
2010-10-21,0.17190749882126652
2010-10-22,-0.49503275752745834
2010-10-25,0.5880260758638828
2010-10-26,-0.8112324183086703
2010-10-27,-0.614585644396954
2010-10-28,1.017434905127541
2010-10-29,-0.2515905435205252
2010-11-01,-0.043193435269478685
2010-11-02,0.9887592196724289
2010-11-03,-0.0855920166376617
2010-11-04,1.4873848823206663
2010-11-05,-1.3518980002550156
2010-11-08,-0.7582296698043722
2010-11-09,-0.4461723003213526
2010-11-10,-0.9930136322134898
2010-11-12,-0.2041709911527208
2010-11-15,-0.6223706708356409
2010-11-16,-0.7223973624032275
2010-11-17,0.2807330448938204
2010-11-18,0.4636964110146002
2010-11-19,0.2640071935313702
2010-11-22,-0.3080762357429265
2010-11-23,-1.6592973289579094
2010-11-24,-0.2842398502821622
2010-11-26,-0.8047273901431165
2010-11-29,-1.1467754305893294
2010-11-30,-0.42865956636188646
2010-12-01,0.8630949129466648
2010-12-02,0.5990085014764562
2010-12-03,1.0453187869789575
2010-12-06,-0.6906415861333549
2010-12-07,0.360929785007247
2010-12-08,-0.6098268475420592
2010-12-09,-0.2722324730274788
2010-12-10,0.2722324730274665
2010-12-13,1.1039877812588157
2010-12-14,0.04480286813294303
2010-12-15,-0.6666441676876256
2010-12-16,-0.7543789547316132
2010-12-17,-0.3869357280123632
2010-12-20,-0.23592993934007395
2010-12-21,0.05332317780128059
2010-12-22,-0.3203664067285669
2010-12-23,0.09163803619513551
2010-12-27,0.34289666698508203
2010-12-28,-0.1827318918698658
2010-12-29,0.46379098531471197
2010-12-30,0.6502366778466581
2011-01-03,0.7657695078229125
2011-01-04,-0.4873121312832603
2011-01-05,-1.0197618302786315
2011-01-06,-1.0993316301482454
2011-01-07,-0.639176639929117
2011-01-10,0.007725288736499019
2011-01-11,0.254600299547587
2011-01-12,0.6757820219581785
2011-01-13,2.255108807595159
2011-01-14,-0.26974390700232154
2011-01-18,0.531299188198419
2011-01-19,0.7139169163496926
2011-01-20,-0.3860721997852182
2011-01-21,1.0213232649815538
2011-01-24,0.5287520580683197
2011-01-25,-0.06594131462152071
2011-01-26,0.3219672033493065
2011-01-27,0.0
2011-01-28,-0.5935170381170993
2011-01-31,0.7905758180845104
2011-02-01,0.5671092703816323
2011-02-02,-0.10155230816167685
2011-02-03,-0.911317501567753
2011-02-04,-0.5139889427096982
2011-02-07,-0.19896104717393046
2011-02-08,0.9543458131876953
2011-02-09,0.007305936076308022
2011-02-10,-0.37328497141955386
2011-02-11,-0.8616616260878739
2011-02-14,-0.34081680763500966
2011-02-15,0.14832396667654765
2011-02-16,0.39199783933657917
2011-02-17,0.4786636040060009
2011-02-18,0.4471328688285291
2011-02-22,-0.0878027421594459
2011-02-23,0.7075415198472061
2011-02-24,0.26132419052772327
2011-02-25,-0.26859295302410024
2011-02-28,0.2613431614524365
2011-03-01,0.14489606244400668
2011-03-02,0.4045955956375248
2011-03-03,0.5608297702359242
2011-03-04,0.25778746821562115
2011-03-07,-0.05007332269582707
2011-03-08,-0.4589795779773451
2011-03-09,-0.0431375375155815
2011-03-10,-0.5986530194605846
2011-03-11,0.29616809310847936
2011-03-14,0.7974466627857711
2011-03-15,-0.05010199439163673
2011-03-16,-0.32986763507716504
2011-03-17,0.7085882992519555
2011-03-18,0.8522173586644897
2011-03-21,0.3036189446267495
2011-03-22,0.1972109386873885
2011-03-23,-0.6211200092640635
2011-03-24,0.5366486541075042
2011-03-25,-0.39514587119272643
2011-03-28,-0.2832060799718507
2011-03-29,-0.09931191849803485
2011-03-30,0.03547986554869275
2011-03-31,0.6223939746394496
2011-04-01,0.22536807904927408
2011-04-04,0.04220002875960158
2011-04-05,0.06326667112017914
2011-04-06,0.7212158839317596
2011-04-07,-0.32145380580574995
2011-04-08,1.044432276465646
2011-04-11,0.11768372131117953
2011-04-12,0.006918260751997167
2011-04-13,0.15208077035971254
2011-04-14,-0.08983795220858369
2011-04-15,-0.14529355307910005
2011-04-18,-1.6193555509305197
2011-04-19,0.7571014082144711
2011-04-20,1.3457472796356715
2011-04-21,0.4948803831458834
2011-04-22,-0.274631137251981
2011-04-25,0.21290485704375395
2011-04-26,0.33560526003176544
2011-04-27,0.23220881899739085
2011-04-28,0.8558671996546413
2011-04-29,0.2431940670337532
2011-05-02,0.33006664972859157
2011-05-03,0.03361909596297075
2011-05-04,-0.10762091574831667
2011-05-05,-1.874927554278229
2011-05-06,-0.6052704357809309
2011-05-09,-1.3474297482820574
2011-05-10,0.39778132634930546
2011-05-11,-0.621792620585301
2011-05-12,-0.28072163848838344
2011-05-13,-0.6203756237914997
2011-05-16,0.5500719088597996
2011-05-17,-0.45111798503744693
2011-05-18,0.80915129248822
2011-05-19,-0.11218624090660519
2011-05-20,-0.576938207645345
2011-05-23,-1.1140002386473955
2011-05-24,0.6542943475613698
2011-05-25,-0.03544967955165974
2011-05-26,-0.09932601029436618
2011-05-27,1.4026661689116027
2011-05-31,0.621011659823691
2011-06-01,0.38185209726828634
2011-06-02,-0.03465363724597424
2011-06-03,1.2263329711909388
2011-06-06,0.1094990528242113
2011-06-07,0.3754911392527759
2011-06-08,-0.6014644610083852
2011-06-09,-0.3639988909632094
2011-06-10,-1.1696039763191188
2011-06-13,0.0208819128590998
2011-06-14,0.7281333095623712
2011-06-15,-1.756509926490832
2011-06-16,-0.46518268266962953
2011-06-17,1.200814962839656
2011-06-20,-0.04189066597600546
2011-06-21,0.5501598193633981
2011-06-22,0.02777584907795657
2011-06-23,-1.6591790885481992
2011-06-24,0.162228919374536
2011-06-27,0.653298660174183
2011-06-28,0.6003508432925609
2011-06-29,0.41672514814486983
2011-06-30,0.6562836584374258
2011-07-01,-0.10333782050109515
2011-07-05,-0.26226807772634075
2011-07-06,-0.9792084908926716
2011-07-07,0.1394797631803796
2011-07-08,-0.6853173675194417
2011-07-11,-1.5344122860978193
2011-07-12,-0.14261268817547867
2011-07-13,1.08584864488717
2011-07-14,0.10582384845908407
2011-07-15,-0.18349923985879743
2011-07-18,-0.8085723888159945
2011-07-19,0.8085723888160016
2011-07-20,0.22579744281586078
2011-07-21,1.2885332339896798
2011-07-22,-0.041756559866239155
2011-07-25,-0.06266755070531078
2011-07-26,0.9566134228062009
2011-07-27,-0.8452315804524074
2011-07-28,-0.4882141096331825
2011-07-29,0.5925220360614628
2011-08-01,-1.3011726073475787
2011-08-02,0.21101506036322906
2011-08-03,0.6164211168965429
2011-08-04,-1.1377326180502019
2011-08-05,0.0
2011-08-08,0.5845292885293089
2011-08-09,0.007021732264240847
2011-08-10,-0.3446460242812202
2011-08-11,0.2603526784640401
2011-08-12,0.0632266697096461
2011-08-15,1.4848134486536202
2011-08-16,-0.21473357054605413
2011-08-17,0.10396092006088886
2011-08-18,-0.8067925248042648
2011-08-19,0.6126446341155585
2011-08-22,-0.16671301443906056
2011-08-23,0.3262192724676449
2011-08-24,-0.20115846272657278
2011-08-25,-0.15287335337743807
2011-08-26,0.5755311798694261
2011-08-29,0.3244402804501629
2011-08-30,-0.5182253781198134
2011-08-31,-0.20110266477271324
2011-09-01,-0.8574767586679944
2011-09-02,-0.5616808981500404
2011-09-06,-1.4467311406302796
2011-09-07,0.42057302610254865
2011-09-08,-0.7927197377156201
2011-09-09,-2.0353435017970862
2011-09-12,-0.2270980061034724
2011-09-13,0.3294895896852706
2011-09-14,0.219058137981846
2011-09-15,1.0737189630966555
2011-09-16,-0.5426734492887662
2011-09-19,-1.0722594436645227
2011-09-20,0.4463476477027476
2011-09-21,0.1969294243519203
2011-09-22,-2.0464460949358374
2011-09-23,0.5340466631317283
2011-09-26,-0.01479618261188569
2011-09-27,0.6636703070825676
2011-09-28,0.16156278758511713
2011-09-29,0.08068361460179177
2011-09-30,-1.402858210332592
2011-10-03,-1.2570311423298406
2011-10-04,0.09783632012762614
2011-10-05,0.2554279805096922
2011-10-06,0.5984458315240266
2011-10-07,0.7726635765771745
2011-10-11,1.0674031190788504
2011-10-12,1.0778634685830477
2011-10-13,-0.5447625602238066
2011-10-14,0.9495921451336278
2011-10-17,-0.6586828490652548
2011-10-18,-0.3710579396535713
2011-10-19,0.4073621694950285
2011-10-20,-0.7505409225688381
2011-10-21,1.4594559285298718
2011-10-24,0.42438474051663105
2011-10-25,-0.1508458426321314
2011-10-26,-0.5261463000814232
2011-10-27,2.3849755926606235
2011-10-28,-0.05646527535682063
2011-10-31,-1.5439102873099944
2011-11-01,-1.9621959599502616
2011-11-02,0.9243488064386416
2011-11-03,-0.4283594599541711
2011-11-04,0.12361390412451209
2011-11-07,-0.12361390412450605
2011-11-08,0.29786792338604473
2011-11-09,-1.3805412641890553
2011-11-10,0.029416090813685895
2011-11-14,0.18365478073013303
2011-11-15,-0.7440455703668252
2011-11-16,-0.14058976010606672
2011-11-17,0.1258001423907366
2011-11-18,-0.007395629186524326
2011-11-21,0.029579235592431304
2011-11-22,-0.1850139288161366
2011-11-23,-1.1398044952369424
2011-11-25,-0.7747020807014579
2011-11-28,0.6772544510868467
2011-11-29,0.06747385644155447
2011-11-30,0.8210226743122143
2011-12-01,0.2524129031314841
2011-12-02,-0.7516873856270077
2011-12-05,0.5735797318647331
2011-12-06,-0.49143807022491387
2011-12-07,-0.08214166163982459
2011-12-08,-0.46424643470172106
2011-12-09,0.32968709616594466
2011-12-12,-1.3556466083607963
2011-12-13,-0.7153215190585009
2011-12-14,-0.9360921573828038
2011-12-15,0.3155669349548795
2011-12-16,0.09217298448104343
2011-12-19,-0.06143921551072198
2011-12-20,0.45222933776407687
2011-12-21,-0.27569323634573417
2011-12-22,0.03833620901848302
2011-12-23,-0.03833620901848464
2011-12-27,0.26039686920308597
2011-12-28,-1.1384738349834005
2011-12-29,0.20094295346301758
2011-12-30,0.16200582135413702
2012-01-03,0.6760416006508854
2012-01-04,-1.0080497811618139
2012-01-05,-1.1434029597881343
2012-01-06,-0.47047840253212997
2012-01-09,0.1727658667515399
2012-01-10,0.28988934000113564
2012-01-11,-0.7538908016384692
2012-01-12,1.0351409870329684
2012-01-13,-1.0666767804195303
2012-01-17,0.4562984866177503
2012-01-18,0.6649740912816015
2012-01-19,0.869503187893165
2012-01-20,0.0849913128232933
2012-01-23,0.6696711321467166
2012-01-24,-0.23810449438062242
2012-01-25,-0.20013862426821377
2012-01-26,1.3318222114847307
2012-01-27,0.303674694347359
2012-01-30,-0.5244169343148155
2012-01-31,-0.5348423507496985
2012-02-01,0.960666125509964
2012-02-02,-0.091095428754568
2012-02-03,-0.46435587569015196
2012-02-06,0.18295476973996208
2012-02-07,0.8644931370294994
2012-02-08,0.06793222135416603
2012-02-09,0.33145039760273726
2012-02-10,-0.8306950049006893
2012-02-13,0.18183200706550282
2012-02-14,-0.47041057914351614
2012-02-15,-0.4726339031438245
2012-02-16,0.1755926702264791
2012-02-17,0.29704123291732515
2012-02-21,0.802912963620705
2012-02-22,-0.030181845848969872
2012-02-23,0.42923368737312906
2012-02-24,1.1579823840867591
2012-02-27,-0.394448470351064
2012-02-28,0.3127096584436104
2012-02-29,-0.6937478870348033
2012-03-01,-0.29236498954319184
2012-03-02,-0.8898331845664005
2012-03-05,0.18162559858914523
2012-03-06,-0.8504227411043073
2012-03-07,0.26653482633542214
2012-03-08,0.8104570019479925
2012-03-09,-1.1227549287693561
2012-03-12,0.25143828249329553
2012-03-13,-0.2438096445828872
2012-03-14,-0.6428429576241503
2012-03-15,0.3448939996699883
2012-03-16,0.7697915380778877
2012-03-19,0.5376153485745068
2012-03-20,-0.15114875912679862
2012-03-21,-0.24231421821632593
2012-03-22,0.03032140714559794
2012-03-23,0.5216022711536814
2012-03-26,0.4888881912270965
2012-03-27,0.060006002400590494
2012-03-28,-0.2703110220784672
2012-03-29,-0.26350476380051135
2012-03-30,0.5188176606165125
2012-04-02,-0.0675194143960016
2012-04-03,0.09001575883492886
2012-04-04,-1.5947131588726535
2012-04-05,-0.473464038336703
2012-04-06,0.1911827141418285
2012-04-09,-0.015281173623872213
2012-04-10,-0.1452877334519825
2012-04-11,0.2751033371890019
2012-04-12,0.5099915906195829
2012-04-13,-0.6780203477888413
2012-04-16,-0.11472715320119178
2012-04-17,0.42764479071405304
2012-04-18,-0.007620499146384539
2012-04-19,0.07617887166604488
2012-04-20,0.6073507889197011
2012-04-23,-0.6301983576569908
2012-04-24,0.5923468109694049
2012-04-25,0.02271264725666856
2012-04-26,0.16640197471015972
2012-04-27,0.1208459361568327
2012-04-30,-0.14352081626608276
2012-05-01,-0.022680022777237803
2012-05-02,-0.5458694373311422
2012-05-03,-0.05322991646920102
2012-05-04,-0.4268624516505221
2012-05-07,-0.2983592466887824
2012-05-08,-0.2838840284545403
2012-05-09,-0.46979176858033694
2012-05-10,0.038590669255208015
2012-05-11,-0.16991045175125036
2012-05-14,-0.6981101886292388
2012-05-15,-0.6089962606928561
2012-05-16,-0.30589458732289776
2012-05-17,-0.16510086693818177
2012-05-18,0.09437672741404833
2012-05-21,0.37661872684702247
2012-05-22,-0.2666250011123651
2012-05-23,-1.312064348872
2012-05-24,0.11132316671304138
2012-05-25,-0.517908810732106
2012-05-29,-0.23994252893788864
2012-05-30,-0.6668566069366627
2012-05-31,-0.33105928738944906
2012-06-01,0.45190522354629764
2012-06-04,0.6020487781583025
2012-06-05,-0.46526636153117795
2012-06-06,0.7848830938652743
2012-06-07,0.26291693430631824
2012-06-08,-0.6866294441468708
2012-06-11,0.17609866073243083
2012-06-12,-0.21616436902910968
2012-06-13,0.9492353809893929
2012-06-14,0.09522298767449686
2012-06-15,0.19809047323772067
2012-06-18,-0.4363181726588814
2012-06-19,0.9022617599637551
2012-06-20,0.08663123203744401
2012-06-21,-0.9253100936581888
2012-06-22,-0.32629052863562014
2012-06-25,-0.519481687710391
2012-06-26,-0.07214140026714676
2012-06-27,-0.11232350346544633
2012-06-28,-0.19284859331551257
2012-06-29,1.8724900705592813
2012-07-02,-0.6652962920416648
2012-07-03,0.28566913570903973
2012-07-05,-1.8877540265695845
2012-07-06,-0.8189124290414018
2012-07-09,0.1301765703316243
2012-07-10,-0.35839412801975096
2012-07-11,-0.0897995896909877
2012-07-12,-0.3682039916565475
2012-07-13,0.2701487460160739
2012-07-16,0.2857261423853719
2012-07-17,-0.2693769230241744
2012-07-18,0.2204532429876856
2012-07-19,-0.03262908912218258
2012-07-20,-0.6630401239698073
2012-07-23,-0.4114893469791174
2012-07-24,-0.529189262074384
2012-07-25,0.5786574797539694
2012-07-26,1.2125332892661622
2012-07-27,0.7302263685400241
2012-07-30,-0.974824941366059
2012-07-31,0.5292094581765308
2012-08-01,-0.13000733122278532
2012-08-02,-1.2271096387668268
2012-08-03,1.9642833768445906
2012-08-06,0.2579398496060095
2012-08-07,0.0
2012-08-08,-0.46800698672413665
2012-08-09,-0.6979981264565205
2012-08-10,0.16276045259734526
2012-08-13,0.3328330385118857
2012-08-14,-0.0810767029980948
2012-08-15,-0.33310344810994935
2012-08-16,0.5518598651018994
2012-08-17,-0.33237434838340185
2012-08-20,0.22710691892903895
2012-08-21,1.0397030993683851
2012-08-22,0.0
2012-08-23,0.8860564854355293
2012-08-24,-0.39815309804455645
2012-08-27,-0.1517148053213484
2012-08-28,0.3987564100228315
2012-08-29,-0.20715488246232822
2012-08-30,-0.32754173481301424
2012-08-31,0.6460640617664923
2012-09-04,-0.09545021405563683
2012-09-05,0.29401268745994147
2012-09-06,0.18232990900792653
2012-09-07,1.337444214183777
2012-09-10,-0.007815247551942215
2012-09-11,0.49117161077427546
2012-09-12,0.27959011689334395
2012-09-13,0.13950246391645132
2012-09-14,1.7656096948083257
2012-09-17,-0.12943999979887494
2012-09-18,-0.5654049292296925
2012-09-19,0.10721397871851945
2012-09-20,-0.8995562908577873
2012-09-21,0.3238494618510276
2012-09-24,-0.6255088157935861
2012-09-25,0.2784870678928728
2012-09-26,-0.7210171949889042
2012-09-27,0.1710332376812234
2012-09-28,-0.13991451952126366
2012-10-01,0.34166829324150017
2012-10-02,0.39456938738235553
2012-10-03,-0.3248262716877896
2012-10-04,0.7101535055459434
2012-10-05,0.4451273658238599
2012-10-09,-1.4112437801708384
2012-10-10,0.09315324381114853
2012-10-11,0.30988559040663616
2012-10-12,0.1391358344578812
2012-10-15,0.030892802222833086
2012-10-16,0.6618972829768569
2012-10-17,0.7413385627707525
2012-10-18,-0.20580059857176625
2012-10-19,-0.6429905802634763
2012-10-22,0.3143571689755887
2012-10-23,-0.7067710145890235
2012-10-24,-0.1929236235217526
2012-10-25,0.09264979044471214
2012-10-26,-0.1544640405971826
2012-10-29,-0.24763981081457812
2012-10-30,0.5640347191973972
2012-10-31,-0.1619308677856379
2012-11-01,-0.1621935092000653
2012-11-02,-0.6903265731359093
2012-11-05,-0.45245416136546107
2012-11-06,0.21868174912838012
2012-11-07,-0.46135281424289215
2012-11-08,-0.14902547955889525
2012-11-09,-0.19642512699342587
2012-11-13,0.007864417447341126
2012-11-14,0.18856070954609847
2012-11-15,0.3369513041867468
2012-11-16,-0.5333764311801676
2012-11-19,0.7131412222527341
2012-11-20,0.062451212021943654
2012-11-21,0.015606710917357176
2012-11-23,1.1096137127273982
2012-11-26,0.0540019299526412
2012-11-27,-0.20072576800493477
2012-11-28,-0.13146195297002103
2012-11-29,0.23187520050644878
2012-11-30,0.4390870976294971
2012-12-03,0.42951438941446346
2012-12-04,0.1147359287531355
2012-12-05,-0.030583378172475893
2012-12-06,-0.837017749099038
2012-12-07,-0.2006947798300648
2012-12-10,-0.09276438513082857
2012-12-11,0.4783590635556087
2012-12-12,0.35343870830255253
2012-12-13,0.2986791422017763
2012-12-14,0.4349325844415423
2012-12-17,0.2661294959302196
2012-12-18,0.41677777906399305
2012-12-19,0.2718624238993464
2012-12-20,-0.27186242389933846
2012-12-21,-0.4395611473038109
2012-12-24,0.09869046160673543
2012-12-26,0.37111414577939766
2012-12-27,0.0
2012-12-28,-0.060496069600610505
2012-12-31,-0.25751737324323426
2013-01-02,0.06823092641794756
2013-01-03,-0.6462672179678874
2013-01-04,-0.48170754919974296
2013-01-07,0.39776691319009666
2013-01-08,-0.23693976766881894
2013-01-09,0.07649354002604723
2013-01-10,1.0799405284456105
2013-01-11,1.0010244278286613
2013-01-14,0.11975152991585973
2013-01-15,-0.2021639713661756
2013-01-16,-0.2777049857671181
2013-01-17,0.38258176517554593
2013-01-18,-0.39761483796392944
2013-01-22,0.00751681888578668
2013-01-23,0.030061626560376545
2013-01-24,0.5246208539986167
2013-01-25,0.5813536534375713
2013-01-28,0.02229240209863835
2013-01-29,0.18557701202357313
2013-01-30,0.5915426891577994
2013-01-31,0.1473405305599363
2013-02-01,0.7919091098947232
2013-02-04,-1.2124032560882023
2013-02-05,0.31000910567589074
2013-02-06,-0.3026167567536644
2013-02-07,-1.085109123565392
2013-02-08,-0.11963512717468829
2013-02-11,0.35847685886669445
2013-02-12,0.26801683703025936
2013-02-13,-0.014870994153358937
2013-02-14,-0.8513231910446265
2013-02-15,0.20976933074173224
2013-02-19,0.18692293004750546
2013-02-20,-0.276770195750211
2013-02-21,-1.0996570855311911
2013-02-22,-0.288206494526163
2013-02-25,0.0455615468432924
2013-02-26,-0.899876430109214
2013-02-27,0.3822926897688125
2013-02-28,-0.19096366036982795
2013-03-01,-0.6982036266415834
2013-03-04,0.06157635662544091
2013-03-05,0.17682111084062035
2013-03-06,-0.22299982327519174
2013-03-07,0.8279716113353777
2013-03-08,-0.8125763376539799
2013-03-11,0.16919176534702263
2013-03-12,0.06913239127738625
2013-03-13,-0.5698459898863207
2013-03-14,0.1928789704160792
2013-03-15,0.7831134071100557
2013-03-18,-0.9219487552881309
2013-03-19,-0.5262355434409771
2013-03-20,0.47991422708735926
2013-03-21,-0.17002863668072057
2013-03-22,0.5246116028114393
2013-03-25,-0.8888260392903118
2013-03-26,-0.17871716944558616
2013-03-27,-0.5928254491404972
2013-03-28,0.4683118143766648
2013-03-29,-0.20266590458532158
2013-04-01,0.3194019776108358
2013-04-02,-0.16346868545013188
2013-04-03,0.08565978018620535
2013-04-04,0.05447258996219993
2013-04-05,1.3369079766332514
2013-04-08,-0.14595739099722665
2013-04-09,0.6436803833479268
2013-04-10,-0.2447232790648983
2013-04-11,0.4888491250570132
2013-04-12,-0.22885050799556142
2013-04-15,-0.09168704798784905
2013-04-16,0.44998741224800853
2013-04-17,-0.7025611181391304
2013-04-18,0.1761035637537139
2013-04-19,-0.04591016990884627
2013-04-22,-0.12253026498561914
2013-04-23,-0.29161251575974323
2013-04-24,-0.1153447011653557
2013-04-25,0.05384408422075493
2013-04-26,0.15368068185256703
2013-04-29,0.5054770661624054
2013-04-30,0.5941064012905536
2013-05-01,0.1820941322583699
2013-05-02,-0.9597148838739142
2013-05-03,0.3514405022969896
2013-05-06,-0.3437873434519398
2013-05-07,0.13765679751000826
2013-05-08,0.7006349581005992
2013-05-09,-0.5479048787745587
2013-05-10,-1.1512022761296312
2013-05-13,0.2004935896784047
2013-05-14,-0.09248555572530882
2013-05-15,-0.8673484251492525
2013-05-16,0.3183850486073894
2013-05-17,-0.6221827506150494
2013-05-20,0.3660012651672363
2013-05-21,0.3491759124843626
2013-05-22,-0.35694924219405155
2013-05-23,0.619964787952543
2013-05-24,-0.18558619616800448
2013-05-28,-0.3877476746420541
2013-05-29,0.57333387081006
2013-05-30,0.7542558654874761
2013-05-31,-0.4149064730411113
2013-06-03,0.8433692555262419
2013-06-04,-0.1757536844875192
2013-06-05,0.09937699094045363
2013-06-06,1.2150817782512748
2013-06-07,-0.045300114024950364
2013-06-10,-0.06043209127866865
2013-06-11,0.33192547071000517
2013-06-12,0.5707435138709251
2013-06-13,-0.29998522571652253
2013-06-14,0.12010210121054891
2013-06-17,0.08248660060518463
2013-06-18,0.49349584227550747
2013-06-19,-0.02237887443601159
2013-06-20,-1.4276296267370072
2013-06-21,-0.7672769058406805
2013-06-24,-0.1679133351325116
2013-06-25,-0.08406251689092513
2013-06-26,-0.5673556582092615
2013-06-27,0.07685804697766309
2013-06-28,-0.04610773923229321
2013-07-01,0.3835831323871193
2013-07-02,-0.3297928363961639
2013-07-03,-0.0922296583708583
2013-07-05,-1.3469780987733655
2013-07-08,0.2490855183697191
2013-07-09,-0.6943117957180892
2013-07-10,0.5620623696203286
2013-07-11,1.5449094538303616
2013-07-12,0.01532919448085303
2013-07-15,-0.06899988773774544
2013-07-16,0.8020514293631608
2013-07-17,-0.3811270716067382
2013-07-18,-0.12226808798152441
2013-07-19,0.4881779336591817
2013-07-22,0.38731774259634044
2013-07-23,0.14391216269036397
2013-07-24,0.12102875910032201
2013-07-25,0.04534804703214016
2013-07-26,0.26412119644317406
2013-07-29,-0.05276846076234634
2013-07-30,0.030156815668828094
2013-07-31,0.12053640151576837
2013-08-01,-0.4905855342852187
2013-08-02,0.3851241309136143
2013-08-05,-0.08294062680933055
2013-08-06,0.293752329637954
2013-08-07,0.24788745087887715
2013-08-08,0.4715401125238358
2013-08-09,-0.4040409537004863
2013-08-12,-0.1951220131261916
2013-08-13,-0.4894772376728281
2013-08-14,0.06791684221372155
2013-08-15,0.05279233879540639
2013-08-16,0.4363533857109949
2013-08-19,0.2024823519801717
2013-08-20,0.5826564627432173
2013-08-21,-0.4329334223467173
2013-08-22,-0.04489337898069569
2013-08-23,0.22426562438337994
2013-08-26,-0.17189197461339428
2013-08-27,0.13454928027752774
2013-08-28,-0.45670726634152553
2013-08-29,-0.7381219020799066
2013-08-30,-0.24220417532112903
2013-09-03,-0.24279222852415885
2013-09-04,0.36396764474497334
2013-09-05,-0.6987724012600155
2013-09-06,0.3499965529741897
2013-09-09,0.7114235712031507
2013-09-10,0.0
2013-09-11,0.3087235613442699
2013-09-12,0.10519988947362692
2013-09-13,-0.2933325408167331
2013-09-16,0.555849098853051
2013-09-17,0.05242071487097906
2013-09-18,-0.044930358701051686
2013-09-19,1.3096399699099017
2013-09-20,-0.03696994385706307
2013-09-23,-0.014791805366813179
2013-09-24,-0.2221400395153614
2013-09-25,0.3404132644202865
2013-09-26,-0.38490054920530803
2013-09-27,0.3922879831834837
2013-09-30,-0.014775413738458365
2013-10-01,-0.007388525623074231
2013-10-02,0.42763465595970895
2013-10-03,0.3671884862896724
2013-10-04,-0.44078825409279243
2013-10-07,-0.09576075277839627
2013-10-08,0.09576075277839771
2013-10-09,-0.5093201635650696
2013-10-10,0.1626738010315471
2013-10-11,0.17716104139077352
2013-10-15,-0.4805391274938571
2013-10-16,-0.029647198556906992
2013-10-17,1.281596682654968
2013-10-18,0.2120116303882432
2013-10-21,-0.15348075368068057
2013-10-22,0.7723171357714377
2013-10-23,0.05804672924559615
2013-10-24,0.17393829577405404
2013-10-25,-0.11592524121012376
2013-10-28,-0.05801305456393579
2013-10-29,-0.11612717228965805
2013-10-30,0.007261900442526397
2013-10-31,-1.29364128205424
2013-11-01,-0.7828117664946779
2013-11-04,0.20737675925438917
2013-11-05,-0.34091784297708905
2013-11-06,0.4444451760423976
2013-11-07,-1.040128247961556
2013-11-08,-0.24675677081126818
2013-11-12,0.5301487122820122
2013-11-13,0.2083024112803652
2013-11-14,0.08913980682359537
2013-11-15,0.08906041853330578
2013-11-18,0.29629651306570487
2013-11-19,0.06654590064050683
2013-11-20,-0.5782076894778748
2013-11-21,0.1411537695828207
2013-11-22,0.570013017632679
2013-11-25,-0.33272979789206136
2013-11-26,0.39176603309499836
2013-11-27,0.059001402994904785
2013-11-29,0.31653749422912825
2013-12-02,-0.3976734013170561
2013-12-03,0.38297292352505186
2013-12-04,-0.3608384194320283
2013-12-05,0.8009154095585311
2013-12-06,0.19010022541434324
2013-12-09,0.2626205186085397
2013-12-10,0.2837294108127707
2013-12-11,0.23945155293463144
2013-12-12,-0.33393860433687855
2013-12-13,-0.20381430843448298
2013-12-16,0.24016604826551557
2013-12-17,-0.06544264912709877
2013-12-18,0.13084249885850768
2013-12-19,-0.7290787617585939
2013-12-20,0.051208896835797116
2013-12-23,0.20457375440271441
2013-12-24,-0.1826351093916911
2013-12-26,0.10231675233027737
2013-12-27,0.5536144675815047
2013-12-30,0.3625556868204988
2013-12-31,-0.26816468326114656
2014-01-02,-0.7942043275907793
2014-01-03,-0.46927788129891557
2014-01-06,0.22024823527876272
2014-01-07,-0.13209072148817746
2014-01-08,-0.23525962916646068
2014-01-09,0.03679582041000396
2014-01-10,0.5356828073003828
2014-01-13,-0.12449197902373313
2014-01-14,0.25613830828295076
2014-01-15,-0.571723319385725
2014-01-16,-0.029407440294271864
2014-01-17,-0.33880860280852504
2014-01-21,0.04425757983283666
2014-01-22,-0.1032981719537686
2014-01-23,0.9843611401692611
2014-01-24,0.0
2014-01-27,-0.007310208709729749
2014-01-28,-0.12435537976496008
2014-01-29,0.007319304669328388
2014-01-30,-0.8378705492056788
2014-01-31,-0.3623058419910204
2014-02-03,0.17022540468390485
2014-02-04,-0.11838699125957414
2014-02-05,0.08880338036413525
2014-02-06,0.6267763762680678
2014-02-07,0.07348078808106481
2014-02-10,0.22011895306398122
2014-02-11,0.07326544396891452
2014-02-12,-0.45511346264576213
2014-02-13,0.5649110800885122
2014-02-14,0.15351441298416318
2014-02-18,0.49548338034647404
2014-02-19,0.029069767646591187
2014-02-20,-0.5245531479930681
2014-02-21,0.23347449683416635
2014-02-24,0.16019809732003584
2014-02-25,0.03637289531971269
2014-02-26,-0.5908759942051266
2014-02-27,0.4088790743157814
2014-02-28,0.5957155285080544
2014-03-03,-0.3119448283888356
2014-03-04,-0.2327781657780787
2014-03-05,0.021845985886990653
2014-03-06,0.8266307675423487
2014-03-07,0.1443209948868932
2014-03-10,0.08649272558813274
2014-03-11,-0.09370383069311379
2014-03-12,0.2664651751309169
2014-03-13,0.16528335479186954
2014-03-14,-0.021543212176237954
2014-03-17,0.021543212176237895
2014-03-18,-0.1005747211215233
2014-03-19,-0.021564892438810098
2014-03-20,-0.9099506709723015
2014-03-21,-0.007255051332667272
2014-03-24,0.007255051332670515
2014-03-25,-0.0507964163166621
2014-03-26,0.06530494009982775
2014-03-27,-0.2469316382912047
2014-03-28,0.0072714052022501835
2014-03-31,0.1743552929891168
2014-04-01,0.19578701732951187
2014-04-02,-0.31199009526123744
2014-04-03,-0.38589002707822734
2014-04-04,-0.029184299054354622
2014-04-07,0.2987360595390257
2014-04-08,0.41383875812010745
2014-04-09,0.10138316459673068
2014-04-10,0.5485794037450137
2014-04-11,0.043181001030788264
2014-04-14,-0.5338732830435695
2014-04-15,-0.13029317804160173
2014-04-16,0.10135380582399023
2014-04-17,0.0867930041465699
2014-04-18,-0.11574075366119424
2014-04-21,-0.18836490391669677
2014-04-22,0.1014713430546605
2014-04-23,0.0724165431024083
2014-04-24,0.10129513925969241
2014-04-25,0.07229090172411537
2014-04-28,0.043349469647858505
2014-04-29,-0.2603791432025746
2014-04-30,0.4480099985668005
2014-05-01,-0.021631755501299938
2014-05-02,-0.0216364358422201
2014-05-05,0.1441545586234948
2014-05-06,0.28768719496527445
2014-05-07,-0.050285551147621496
2014-05-08,-0.38155620244112165
2014-05-09,-0.7311720415909482
2014-05-12,-0.021799949219800274
2014-05-13,-0.3567402130679574
2014-05-14,0.051040870261162996
2014-05-15,-0.04374772217055939
2014-05-16,-0.02917578430614965
2014-05-19,0.05834305883113795
2014-05-20,-0.10212270199664363
2014-05-21,-0.32895968844199946
2014-05-22,-0.036617965182685515
2014-05-23,-0.17595312457404033
2014-05-27,-0.07340527379453625
2014-05-28,-0.16168152269052832
2014-05-29,0.08822232596911657
2014-05-30,0.234879732175555
2014-06-02,-0.24957804924470728
2014-06-03,0.1322071437518122
2014-06-04,-0.036706677356684904
2014-06-05,-0.0073429526045531105
2014-06-06,0.15408888839632687
2014-06-09,-0.36726940063776226
2014-06-10,-0.33908332651261086
2014-06-11,-0.08125577547722887
2014-06-12,0.1772002826342803
2014-06-13,-0.251126507631862
2014-06-16,0.4132847210969112
2014-06-17,-0.25810272062209266
2014-06-18,0.17705648299372775
2014-06-19,0.3898927218194921
2014-06-20,-0.24994499522562066
2014-06-23,0.05151035840005575
2014-06-24,-0.036790405477328765
2014-06-25,0.3672963800123489
2014-06-26,-0.20551974350864077
2014-06-27,0.15417939253312582
2014-06-30,0.4319028711651472
2014-07-01,-0.06576303623803835
2014-07-02,-0.18290234458376223
2014-07-03,-0.33741688287647886
2014-07-07,-0.044094951842557885
2014-07-08,0.07348078808106481
2014-07-09,0.11745706826816271
2014-07-10,-0.2203452966434798
2014-07-11,-0.014706963773862962
2014-07-14,0.161657761709857
2014-07-15,-0.345677540553831
2014-07-16,-0.3173083133131357
2014-07-17,0.0
2014-07-18,-0.11092624542857338
2014-07-21,0.06657051172286829
2014-07-22,-0.4000894423366942
2014-07-23,-0.05940888337512267
2014-07-24,0.04455997103066912
2014-07-25,-0.2751033371889871
2014-07-28,0.06698671680654548
2014-07-29,-0.2234637801416377
2014-07-30,-0.23891305973707516
2014-07-31,0.08965930068646674
2014-08-01,0.3429512046965073
2014-08-04,-0.16387340725008093
2014-08-05,-0.3584768588667006
2014-08-06,-0.08233225269543051
2014-08-07,0.05240109413615899
2014-08-08,0.373497110069646
2014-08-11,-0.20151516316662443
2014-08-12,-0.2094084977347443
2014-08-13,0.07483909943676156
2014-08-14,0.06730733530097355
2014-08-15,0.11954574047737312
2014-08-18,-0.2542057443675213
2014-08-19,-0.28487911912011865
2014-08-20,-0.2706361597743025
2014-08-21,0.0
2014-08-22,-0.3544364782866312
2014-08-25,-0.23446669592542455
2014-08-26,-0.1288122928631866
2014-08-27,0.022743641355003525
2014-08-28,-0.10618127656695134
2014-08-29,-0.2127013867854665
2014-09-02,-0.19791435249182912
2014-09-03,0.09139376112172246
2014-09-04,-1.6115765869368759
2014-09-05,0.2318214468379255
2014-09-08,-0.061766524508509675
2014-09-09,-0.30165935394256793
2014-09-10,-0.007746833485686251
2014-09-11,0.21668480850905147
2014-09-12,0.1467691739267501
2014-09-15,-0.03088087726232615
2014-09-16,0.1928492131607
2014-09-17,-0.13881393452916527
2014-09-18,-0.3478802163251101
2014-09-19,-0.60587415414107
2014-09-22,-0.04675810559007377
2014-09-23,0.22579524522919847
2014-09-24,-0.5458954521900098
2014-09-25,-0.3132834642504988
2014-09-26,-0.4875373343384608
2014-09-29,0.13391628296183275
2014-09-30,-0.5921615345578451
2014-10-01,-0.07922047471273715
2014-10-02,0.4112628384429962
2014-10-03,-1.2149273987161147
2014-10-06,0.5973971329161067
2014-10-07,0.2696488270386246
2014-10-08,0.45043341398586684
2014-10-09,0.0
2014-10-10,-0.37126311454536653
2014-10-14,0.1897533776191411
2014-10-15,0.9277525464121404
2014-10-16,0.2657289566760034
2014-10-17,-0.445888015313685
2014-10-20,0.21928115921098093
2014-10-21,-0.4626189298987034
2014-10-22,-0.5200547533784046
2014-10-23,0.0
2014-10-24,0.13421231241333215
2014-10-27,0.2914879757167975
2014-10-28,0.27495205663692335
2014-10-29,0.1176055645371071
2014-10-30,-1.1030682284107336
2014-10-31,-0.7315554254070944
2014-11-03,-0.34376657749688766
2014-11-04,0.5351236762331975
2014-11-05,-0.5271156682209173
2014-11-06,-0.5943315221669826
2014-11-07,0.06442261456502174
2014-11-10,0.0241477845581259
2014-11-12,0.24918625490049184
2014-11-13,0.16043642138595984
2014-11-14,0.14417303258212724
2014-11-17,-0.37688990525377286
2014-11-18,0.6965321783643316
2014-11-19,0.11163385259478871
2014-11-20,-0.17548062252105937
2014-11-21,-1.0593999563305252
2014-11-24,0.26590402839416577
2014-11-25,0.36146069316179347
2014-11-26,0.24824837573871206
2014-11-28,-0.5212312831165048
2014-12-01,0.4172021455788775
2014-12-02,-0.8038628496435286
2014-12-03,-0.6965282877763059
2014-12-04,1.0349380862003512
2014-12-05,-1.0349380862003632
2014-12-08,-0.09757684950497827
2014-12-09,0.9956774691891688
2014-12-10,0.0805153022562365
2014-12-11,-0.22560641266825385
2014-12-12,0.6993316552523109
2014-12-15,-0.11220647165877456
2014-12-16,0.2722833427230223
2014-12-17,-0.786836656824975
2014-12-18,-0.9312939318081983
2014-12-19,-0.4566590338208825
2014-12-22,0.1388492075893802
2014-12-23,-0.5893926688777913
2014-12-24,0.06565988417116893
2014-12-29,-0.07387040184892946
2014-12-30,-0.0410627033240747
2014-12-31,-0.6014436255817361
2015-01-02,-0.7132224627483187
2015-01-05,-0.8106006863645149
2015-01-06,0.15091811366178975
2015-01-07,-0.9766031483452932
2015-01-08,-0.07617113482418669
2015-01-09,0.16073773605853578
2015-01-12,0.016904741820319695
2015-01-13,-0.4489440431851295
2015-01-14,0.22895918418502997
2015-01-15,-1.7775207364248886
2015-01-16,-0.7008464767478547
2015-01-20,0.3640149625359772
2015-01-21,0.21604813312304672
2015-01-22,-1.4784163528844363
2015-01-23,-1.1898082456736656
2015-01-26,0.09747885037909276
2015-01-27,0.7060929600873928
2015-01-28,-0.24656581706083747
2015-01-29,-0.30022097604924713
2015-01-30,-0.1593061669773305
2015-02-02,0.41543348738909797
2015-02-03,1.0965503094084217
2015-02-04,-0.38461585874783866
2015-02-05,0.12253830854988945
2015-02-06,-0.8962365587651366
2015-02-09,-0.12364216005942903
2015-02-10,0.0
2015-02-11,-0.14149277210259098
2015-02-12,0.9687438155689599
2015-02-13,-0.017530020204417948
2015-02-17,-0.11402009742926066
2015-02-18,-0.466201310581119
2015-02-19,0.4398705077783531
2015-02-20,-0.1757160880866614
2015-02-23,-0.22889348843778773
2015-02-24,-0.3443255951267353
2015-02-25,0.4940459982763914
2015-02-26,-1.337782963333032
2015-02-27,-0.13387480244820285
2015-03-02,-0.06253629542259945
2015-03-03,0.19641109787078642
2015-03-04,-1.2745886581996297
2015-03-05,-0.5798168082978389
2015-03-06,-1.3814775307311984
2015-03-09,-0.08294549113861337
2015-03-10,-1.289861524273595
2015-03-11,-1.231045006680246
2015-03-12,0.36808120458889276
2015-03-13,-0.8609731977173266
2015-03-16,0.4834361754295509
2015-03-17,0.28328630843041075
2015-03-18,0.3576811042261438
2015-03-19,-0.2069225719504679
2015-03-20,1.5971945566052186
2015-03-23,1.2523183922979568
2015-03-24,-0.18318378450921644
2015-03-25,0.7125269937086526
2015-03-26,-0.6117343888499452
2015-03-27,-0.25676309383799445
2015-03-30,-0.6725346644314028
2015-03-31,-0.71432188333253
2015-04-01,0.25105782864619813
2015-04-02,0.9795845821356897
2015-04-03,1.0611149691801123
2015-04-06,0.16365127754577885
2015-04-07,-1.4457201204519357
2015-04-08,-0.29536665372332405
2015-04-09,-1.3681631814807482
2015-04-10,-0.686447756385735
2015-04-13,-0.15108595886303464
2015-04-14,0.8469044691327877
2015-04-15,-0.7146917763444498
2015-04-16,1.368472007344423
2015-04-17,0.353127399758352
2015-04-20,-0.1578239198689901
2015-04-21,-0.04646624311103362
2015-04-22,-0.26993081964417937
2015-04-23,0.6873517680238831
2015-04-24,0.6734653435376183
2015-04-27,0.14700480412889705
2015-04-28,0.7955782441082409
2015-04-29,1.760529378436161
2015-04-30,-0.10744986707150449
2015-05-01,0.286276810292599
2015-05-04,-0.43869536313356156
2015-05-05,0.2598684199124829
2015-05-06,1.5187467194848066
2015-05-07,-0.5479950075495987
2015-05-08,-0.3729359676649036
2015-05-11,-0.8846056881036304
2015-05-12,0.8757092866921202
2015-05-13,1.1675349323208306
2015-05-14,-0.035180299395383155
2015-05-15,0.5264093573727142
2015-05-18,-0.6496379619992271
2015-05-19,-1.8040924765309638
2015-05-20,-0.6477755444688782
2015-05-21,0.42332871145656437
2015-05-22,-0.8393929874932495
2015-05-26,-1.4332255007944805
2015-05-27,0.11027385789407324
2015-05-28,0.23851034148752018
2015-05-29,0.7303300674428505
2015-06-01,-0.7394930307515831
2015-06-02,1.9689426156500818
2015-06-03,1.383024498204563
2015-06-04,-0.12413550095575455
2015-06-05,-1.4567485815388388
2015-06-08,1.1101277838902095
2015-06-09,0.46189458562946795
2015-06-10,0.2036209813358294
2015-06-11,-0.6299093711110904
2015-06-12,0.3731016142993223
2015-06-15,-0.10645849124680104
2015-06-16,-0.24884477825158963
2015-06-17,0.053376035427911535
2015-06-18,1.4129518006140025
2015-06-19,-0.6068887090933381
2015-06-22,0.3786382368963376
2015-06-23,-1.6661144004621735
2015-06-24,-0.1072961476327527
2015-06-25,0.16090108057006858
2015-06-26,-0.35791018879645153
2015-06-29,0.2148997961710742
2015-06-30,-0.2328289759591296
2015-07-01,-0.6295550966629925
2015-07-02,0.05411743615435913
2015-07-06,-0.12631960535603076
2015-07-07,-1.1258517322567652
2015-07-08,1.0897310889166048
2015-07-09,-0.42539775424039783
2015-07-10,1.1274076573217942
2015-07-13,-1.172769418135919
2015-07-14,-0.04538234704621793
2015-07-15,-0.45495983844548155
2015-07-16,-0.6129095708944902
2015-07-17,-0.45985549628669903
2015-07-20,0.018434878842877048
2015-07-21,0.7071710602139745
2015-07-22,-0.3942969667608376
2015-07-23,0.8417250062529443
2015-07-24,0.0
2015-07-27,1.2314534468513205
2015-07-28,-0.5142791142633041
2015-07-29,-0.26266941419176737
2015-07-30,-1.0209751403451786
2015-07-31,1.0391124397510088
2015-08-03,-0.6002746537625616
2015-08-04,-0.0821355282315326
2015-08-05,-0.77906997775081
2015-08-06,0.49564121658606686
2015-08-07,0.3290679386262168
2015-08-10,0.3279886322244571
2015-08-11,0.4356514423384473
2015-08-12,1.4029007064848547
2015-08-13,-0.4833954449196848
2015-08-14,-0.30556328259659593
2015-08-17,-0.28844440406265026
2015-08-18,-0.45236664493617906
2015-08-19,0.29879147585669963
2015-08-20,1.2488370380931673
2015-08-21,1.3832460309675758
2015-08-24,1.953323353412434
2015-08-25,-1.4789308270864816
2015-08-26,-0.17543864148934732
2015-08-27,-1.3345904922960878
2015-08-28,-0.5979224453199653
2015-08-31,0.19672723862375277
2015-09-01,0.6145096596391755
2015-09-02,-0.18662524856762605
2015-09-03,-1.2351360815434616
2015-09-04,0.11700644870290938
2015-09-08,0.5829874352975822
2015-09-09,-0.15214573123323474
2015-09-10,0.865034154030556
2015-09-11,0.6725689069685042
2015-09-14,-0.2737912949003783
2015-09-15,-0.4165380241563839
2015-09-16,0.3900022670682048
2015-09-17,0.07074637719904772
2015-09-18,0.4058232301023844
2015-09-21,-1.3651484057378591
2015-09-22,-0.6357186651291922
2015-09-23,0.2422286206594717
2015-09-24,0.8209933674445514
2015-09-25,-0.5346653264430411
2015-09-28,0.39236718788171987
2015-09-29,0.0889600628012904
2015-09-30,-0.7497357503768133
2015-10-01,0.33986259348069536
2015-10-02,0.6762794950817146
2015-10-05,-0.676279495081709
2015-10-06,0.5875562171473367
2015-10-07,-0.15101046618333713
2015-10-08,0.29292995070956707
2015-10-09,0.7153927618087759
2015-10-13,0.1670697245060062
2015-10-14,0.48205536181474123
2015-10-15,-0.16626562570122932
2015-10-16,-0.5092644249062125
2015-10-19,-0.3527340517968411
2015-10-20,0.3439308474247783
2015-10-21,-0.12332630174794124
2015-10-22,-1.8234883732667055
2015-10-23,-1.1193473072784434
2015-10-26,0.31721601802915594
2015-10-27,0.009048545452503118
2015-10-28,0.12659374147479052
2015-10-29,-0.9351377783515042
2015-10-30,0.7180217169449905
2015-11-02,-0.14500636943611087
2015-11-03,-0.7282027445765488
2015-11-04,-0.7795701423827379
2015-11-05,0.07363092831508437
2015-11-06,-1.1381108274420175
2015-11-09,0.19523085269501197
2015-11-10,-0.7551427298000308
2015-11-12,0.7644299366792474
2015-11-13,-0.4281067497025986
2015-11-16,-0.13065797472399268
2015-11-17,-0.6934710575959391
2015-11-18,0.03760812379792802
2015-11-19,1.0101095986503918
2015-11-20,-0.8035173568931196
2015-11-23,-0.5455756172084201
2015-11-24,0.4705005386071385
2015-11-25,-0.33853709217792677
2015-11-27,-0.18857256200831052
2015-11-30,-0.32139171250819304
2015-12-01,0.5476361529051492
2015-12-02,-0.4435434063403451
2015-12-03,3.064267689169981
2015-12-04,-0.16524377210892477
2015-12-07,-0.4050824909499649
2015-12-08,0.33155307587239735
2015-12-09,0.9881141695445781
2015-12-10,-0.3282877287237319
2015-12-11,0.4920283274833852
2015-12-14,0.2088346879643289
2015-12-15,-1.0393966659948104
2015-12-16,0.23800816801269534
2015-12-17,-1.223510042271941
2015-12-18,0.3972108127711379
2015-12-21,0.6707426258678635
2015-12-22,0.5297299810938465
2015-12-23,-0.9426693152949823
2015-12-24,0.732939607268201
2015-12-28,0.25526497587792113
2015-12-29,-0.6119019960116912
2015-12-30,-0.03665017449857022
2015-12-31,-0.4868871866342798
2016-01-04,-0.5170355899915516
2016-01-05,-0.5569493650442554
2016-01-06,0.17670313828226394
2016-01-07,0.9064903438561481
2016-01-08,0.22993801807212932
2016-01-11,-0.06432936857417076
2016-01-12,-0.3776196059910803
2016-01-13,0.23042546717953516
2016-01-14,0.0
2016-01-15,0.9346718827885844
2016-01-19,-0.530408193666954
2016-01-20,0.018336847947222894
2016-01-21,-0.6899434019911723
2016-01-22,-0.1755440003617347
2016-01-25,0.16631252101061061
2016-01-26,0.12916322489497928
2016-01-27,0.19343256618456853
2016-01-28,0.7791413905433076
2016-01-29,-1.101737181622865
2016-02-01,0.5156549179245797
2016-02-02,0.18351996341770524
2016-02-03,1.3024456623303144
2016-02-04,1.330356699391135
2016-02-05,-0.6090480089467687
2016-02-08,0.34976045700206265
2016-02-09,1.1571112637185497
2016-02-10,-0.6926588389514493
2016-02-11,1.2398316806154996
2016-02-12,-1.124054849764281
2016-02-16,-0.8491671138154371
2016-02-17,0.0
2016-02-18,-0.43181067456064554
2016-02-19,0.3150459422031891
2016-02-22,-0.9844288125038823
2016-02-23,-0.018153762417100965
2016-02-24,0.04537822830512177
2016-02-25,0.045357645808680534
2016-02-26,-0.8561852101670323
2016-02-29,-0.587157650172026
2016-03-01,-0.1934147506020845
2016-03-02,-0.01843997792427142
2016-03-03,0.945264689959491
2016-03-04,0.5647159556155836
2016-03-07,-0.05451076722603845
2016-03-08,0.21786500992221725
2016-03-09,-0.05442177005066951
2016-03-10,1.2621876905198242
2016-03-11,0.16113153607113176
2016-03-14,-0.6550927541970196
2016-03-15,0.045006526705953724
2016-03-16,-0.33352895208432937
2016-03-17,2.1527337508121334
2016-03-18,-0.21231430480778665
2016-03-21,-0.283788767969861
2016-03-22,-0.2845964211908164
2016-03-23,-0.48210074626791005
2016-03-24,-0.09849130043618057
2016-03-25,0.008957764148050195
2016-03-28,0.4111921409992745
2016-03-29,-0.05353796862064081
2016-03-30,1.1183217642052816
2016-03-31,0.5281702419175762
2016-04-01,-0.04390779433878003
2016-04-04,0.00878310131872481
2016-04-05,-0.1054481644282316
2016-04-06,0.4911428922111485
2016-04-07,-0.3856947277829139
2016-04-08,0.1755002205456967
2016-04-11,0.05259006169064986
2016-04-12,-0.14907706536060483
2016-04-13,-1.0054768074864162
2016-04-14,-0.168566779035654
2016-04-15,0.2925923087539805
2016-04-18,0.23875856945017485
2016-04-19,0.4670229222545866
2016-04-20,-0.39638897970990855
2016-04-21,-0.2562857661901153
2016-04-22,-0.5501344841883863
2016-04-25,0.31093171232531785
2016-04-26,0.38951890609486933
2016-04-27,0.035335689413619774
2016-04-28,0.02649357546294976
2016-04-29,1.0190723349709008
2016-05-02,0.6533978031122583
2016-05-03,-0.06949270606279088
2016-05-04,-0.1913543247196644
2016-05-05,-0.7164731391679222
2016-05-06,0.14895950180442416
2016-05-09,-0.16649874590796365
2016-05-10,-0.14042480805000473
2016-05-11,0.5081044658973787
2016-05-12,-0.5608146489679129
2016-05-13,-0.7585817447539867
2016-05-16,0.30059257007191625
2016-05-17,0.07941760840975888
2016-05-18,-0.5395139783595477
2016-05-19,-0.5513575550385299
2016-05-20,-0.06244146315897348
2016-05-23,-0.13393457067109762
2016-05-24,-0.4208270525347793
2016-05-25,0.08072111295297331
2016-05-26,0.26860075240925313
2016-05-27,-0.3941950992316466
2016-05-31,-0.04489337898071791
2016-06-01,0.2690584582790269
2016-06-02,-0.07167816810786846
2016-06-03,1.538697142887244
2016-06-06,0.21160297086195118
2016-06-07,-0.03523608211227592
2016-06-08,0.4395611473037908
2016-06-09,-0.624754550909812
2016-06-10,-0.42459152685682333
2016-06-13,0.00886406950011301
2016-06-14,-0.6759186174691586
2016-06-15,0.2940523393037091
2016-06-16,-0.7233143112793426
2016-06-17,0.8744590388751456
2016-06-20,0.5493058908244066
2016-06-21,-0.49601518879051587
2016-06-22,0.2128792714521534
2016-06-23,0.767910565535914
2016-06-24,-2.1957413549205986
2016-06-27,-0.920999738179866
2016-06-28,0.27176391397683064
2016-06-29,0.5683114840406696
2016-06-30,-0.7675327760477172
2016-07-01,1.0190826346831459
2016-07-05,-0.5849285518694415
2016-07-06,-0.027079478434219047
2016-07-07,-0.10839130317826663
2016-07-08,-0.24431084857035523
2016-07-11,0.06339718547710023
2016-07-12,0.262218152869479
2016-07-13,0.34255870512672293
2016-07-14,-0.027001485245727555
2016-07-15,-0.4511014506362295
2016-07-18,0.15360292154923652
2016-07-19,-0.5613414468425609
2016-07-20,-0.0635756799035012
2016-07-21,0.08173273850990113
2016-07-22,-0.43668191663404027
2016-07-25,0.10934938213712897
2016-07-26,0.03642323842852495
2016-07-27,0.03640997673573854
2016-07-28,0.960065340001539
2016-07-29,0.6648124386973833
2016-08-01,0.07160759346438672
2016-08-02,0.43748116736573894
2016-08-03,-0.49118205472087184
2016-08-04,-0.3228123319793342
2016-08-05,-0.4861808442178169
2016-08-08,-0.01805217082258179
2016-08-09,0.2884444040626503
2016-08-10,0.5475530937172732
2016-08-11,-0.026858856869458617
2016-08-12,0.03581020629135862
2016-08-15,0.24138405176260352
2016-08-16,0.6940764649594204
2016-08-17,-0.12422361845910572
2016-08-18,0.6284040681867921
2016-08-19,-0.07060900558142236
2016-08-22,-0.1060070770649352
2016-08-23,-0.0530457089620036
2016-08-24,-0.4609120019256082
2016-08-25,0.1597869847295455
2016-08-26,-0.3287284733617969
2016-08-29,-0.49065623213115855
2016-08-30,-0.28658446983258684
2016-08-31,-0.035880875878312166
2016-09-01,0.42972313218232194
2016-09-02,-0.32211910458312537
2016-09-06,0.7055175502428788
2016-09-07,0.008898776424109673
2016-09-08,0.1600427122081421
2016-09-09,-0.3738322110607104
2016-09-12,0.1425771048870969
2016-09-13,0.10679958295315309
2016-09-14,0.25762906800582475
2016-09-15,-0.22205453899315603
2016-09-16,-0.7676552916844992
2016-09-19,0.17010613350236656
2016-09-20,-0.06263702052583256
2016-09-21,-0.06267627908091156
2016-09-22,0.5715832298280424
2016-09-23,-0.05344735562827328
2016-09-26,0.4179084017565981
2016-09-27,-0.5516519016979003
2016-09-28,-0.07140307336569517
2016-09-29,0.39208747432364405
2016-09-30,-0.05337603542790749
2016-10-03,-0.24946556059378305
2016-10-04,0.017839621847328867
2016-10-05,-0.14280616493348236
2016-10-06,-0.3399842229870497
2016-10-07,-0.017925965809407533
2016-10-11,-0.8461658192756117
2016-10-12,-0.43486207321965953
2016-10-13,0.21766741770197365
2016-10-14,-0.48131591807359125
2016-10-17,0.13645669617971737
2016-10-18,-0.027276446957328563
2016-10-19,-0.28229313469405903
2016-10-20,-0.2922376509049274
2016-10-21,-0.6238552343476177
2016-10-24,0.20226172198335382
2016-10-25,0.018367159570416795
2016-10-26,0.23846659012227894
2016-10-27,-0.10999084518603952
2016-10-28,0.2747506078575884
2016-10-31,0.2557546151117193
2016-11-01,0.7271437237928315
2016-11-02,0.694917285925931
2016-11-03,-0.22509350880694734
2016-11-04,0.24307912036622092
2016-11-07,-0.7491347819395591
2016-11-08,-0.03624501670704154
2016-11-09,-0.7459326864091291
2016-11-10,-0.6412039922414111
2016-11-14,-1.4719080825724973
2016-11-15,0.02797333227247582
2016-11-16,-0.25204214042639017
2016-11-17,-0.4027165358436184
2016-11-18,-0.5269112680011883
2016-11-21,-0.028305892532245684
2016-11-22,0.19797319687807338
2016-11-23,-0.5477395883364342
2016-11-25,0.33089134421470723
2016-11-28,-0.17949086109319878
2016-11-29,0.4716544919420953
2016-11-30,-0.45274553849632704
2016-12-01,0.5280042438358324
2016-12-02,0.30046970962638486
2016-12-05,0.5329855059598124
2016-12-06,-0.05597015071485122
2016-12-07,0.38183981201909156
2016-12-08,-1.2439949040570415
2016-12-09,-0.7937299537428302
2016-12-12,0.6147463441886105
2016-12-13,0.2730569937262234
2016-12-14,0.1972665145832939
2016-12-15,-2.6724047681271283
2016-12-16,0.7776910205158724
2016-12-19,-0.11483254850385019
2016-12-20,-0.5183845725746488
2016-12-21,0.3362962573729164
2016-12-22,0.2586579973500821
2016-12-23,-0.028706760639224768
2016-12-27,0.08609557139652144
2016-12-28,-0.6619681677544447
2016-12-29,0.9293480061946554
2016-12-30,0.6274381264672289
2017-01-03,-1.2972329948799899
2017-01-04,0.5743841179252093
2017-01-05,1.1578377425104762
2017-01-06,-0.3592025792454955
2017-01-09,0.15140048312150114
2017-01-10,-0.037828636728781964
2017-01-11,-0.6738506018186392
2017-01-12,1.559062145455415
2017-01-13,-0.3851397367929886
2017-01-17,0.656662772388834
2017-01-18,-0.12162606167902955
2017-01-19,-0.4879889563722049
2017-01-23,1.0294896726862255
2017-01-24,0.08376379102076964
2017-01-25,-0.05583473065210643
2017-01-26,-0.6818314370743415
2017-01-27,0.18726597232918324
2017-01-30,-0.08422629293953339
2017-01-31,1.0523962088892578
2017-02-01,-0.3340760345400102
2017-02-02,0.4081638319648456
2017-02-03,-0.09261832652447384
2017-02-06,-0.5668369960464403
2017-02-07,-0.38280239080364814
2017-02-08,0.1682400621152199
2017-02-09,-0.4680341783515512
2017-02-10,-0.07508917191564907
2017-02-13,-0.4422912211772875
2017-02-14,-0.24551475977453008
2017-02-15,0.1889109846783074
2017-02-16,0.5927476544999584
2017-02-17,-0.4324534331995423
2017-02-21,-0.5953242245748133
2017-02-22,0.03790391403289149
2017-02-23,0.2932692135511675
2017-02-24,-0.05669470056424265
2017-02-27,0.41501663039247094
2017-02-28,-0.056491857259821913
2017-03-01,-0.5098679726593999
2017-03-02,-0.4744292037629582
2017-03-03,0.3607713017757164
2017-03-06,0.3216958020782466
2017-03-07,-0.037792895385578826
2017-03-08,-0.3312985187462898
2017-03-09,0.3690914141318685
2017-03-10,0.7622490207549968
2017-03-13,0.028120167031616156
2017-03-14,-0.23457669682191157
2017-03-15,-0.14101059915863343
2017-03-16,1.0108659646521427
2017-03-17,0.037243948288991136
2017-03-20,0.11164869042186411
2017-03-21,0.5193853263630662
2017-03-22,-0.09254975209428101
2017-03-23,-0.12044287368821198
2017-03-24,0.17598300285821114
2017-03-27,0.7008512641859564
2017-03-28,-0.27606532670483447
2017-03-29,-0.8885656390067069
2017-03-30,-0.27930378458846494
2017-03-31,-0.2613892451674977
2017-04-03,-0.40275425584780583
2017-04-04,0.08443173258271638
2017-04-05,-0.028135990806939626
2017-04-06,-0.09384385073094932
2017-04-07,-0.3291487431122075
2017-04-10,-0.09424183149682426
2017-04-11,0.07540056907648751
2017-04-12,-0.028268551424989838
2017-04-13,0.17889934624032633
2017-04-14,-0.04704775433760121
2017-04-17,0.3288703927218023
2017-04-18,0.43059132334908945
2017-04-19,0.009340120494333505
2017-04-20,0.4751930674917972
2017-04-21,-0.5966827324511156
2017-04-24,1.4113511892329098
2017-04-25,0.8720852075783949
2017-04-26,-0.6326523645810356
2017-04-27,-0.07361060325022047
2017-04-28,0.2849397580242875
2017-05-01,0.15591327045230968
2017-05-02,-0.018330125612677887
2017-05-03,0.09161704717795821
2017-05-04,0.42947934613128236
2017-05-05,0.26408065249274437
2017-05-08,-0.6203267474564902
2017-05-09,-0.48617258536865166
2017-05-10,-0.018392495913537362
2017-05-11,-0.03679514345624539
2017-05-12,0.5230569392476159
2017-05-15,0.4839087279069426
2017-05-16,0.8435041622718209
2017-05-17,0.5584090886002192
2017-05-18,-0.035932447386246666
2017-05-19,0.5376357036380496
2017-05-22,0.41023869181633876
2017-05-23,-0.3387718315295701
2017-05-24,-0.2056050427068939
2017-05-25,0.384049058651256
2017-05-26,-0.4288018005035796
2017-05-30,0.11631549649420879
2017-05-31,0.4728141195945896
2017-06-01,-0.19599115405163986
2017-06-02,0.49813303502041617
2017-06-05,-0.1776199401255782
2017-06-06,0.14212118220930778
2017-06-07,-0.2666431230525069
2017-06-08,-0.1692424578910882
2017-06-09,-0.24099623392523772
2017-06-12,0.12503350740282124
2017-06-13,-0.08929369286943271
2017-06-14,0.7387332780982723
2017-06-15,-1.1146399231982576
2017-06-16,0.37590664509996724
2017-06-19,-0.3041963516002814
2017-06-20,-0.3231020581446532
2017-06-21,0.17065616931985544
2017-06-22,0.044861155478492946
2017-06-23,0.4296462033505332
2017-06-26,0.0
2017-06-27,0.924615406508783
2017-06-28,0.5647738273646883
2017-06-29,0.49157402359225166
2017-06-30,-0.0788401775321445
2017-07-03,-0.3863381747969174
2017-07-05,-0.2730918316194202
2017-07-06,0.6419015225852978
2017-07-07,-0.11401009785705066
2017-07-10,0.0
2017-07-11,0.2979061171057472
2017-07-12,-0.16636753541767116
2017-07-13,-0.22811029368395752
2017-07-14,0.5867687720165619
2017-07-17,0.1570543905410795
2017-07-18,0.9371814515533424
2017-07-19,-0.5195716572332296
2017-07-20,1.0020816404089092
2017-07-21,0.18034269991507268
2017-07-24,-0.11160236381767753
2017-07-25,0.12018200433599541
2017-07-26,-0.20611481017401534
2017-07-27,0.20611481017400968
2017-07-28,0.8372539297554967
2017-07-31,0.610688920817948
2017-08-01,-0.22857152808560627
2017-08-02,0.524092492935663
2017-08-03,0.1600606887360215
2017-08-04,-1.0662705744040069
2017-08-07,0.2888456684989615
2017-08-08,-0.5444042026802229
2017-08-09,0.20449904877276479
2017-08-10,0.025533001543022873
2017-08-11,0.5092957277906315
2017-08-14,-0.21189142139885334
2017-08-15,-0.4251345575041065
2017-08-16,-0.2815821648051557
2017-08-17,0.2815821648051601
2017-08-18,0.10219724956931896
2017-08-21,0.5602255548669751
2017-08-22,-0.44112728472793344
2017-08-23,0.3395012597212773
2017-08-24,-0.00847349913653551
2017-08-25,0.6166862204872033
2017-08-28,0.8302978886222935
2017-08-29,0.4333701257118351
2017-08-30,-0.8183078395292729
2017-08-31,-0.2770666312130132
2017-09-01,-0.13461216907334855
2017-09-05,0.2774393305095372
2017-09-06,0.2682989787525801
2017-09-07,0.7091932439992933
2017-09-08,0.10802277837991194
2017-09-11,-0.6415352142380357
2017-09-12,0.03342804644198897
2017-09-13,-0.5866102466407624
2017-09-14,-0.10090818212449462
2017-09-15,0.6122896042201328
2017-09-18,-0.17575432402122912
2017-09-19,0.3512002940845119
2017-09-20,0.15013765435981
2017-09-21,-0.43434749207870343
2017-09-22,0.19234795811190603
2017-09-25,-0.9823344179914693
2017-09-26,-0.677279934009244
2017-09-27,-0.2125941529477377
2017-09-28,0.24656731447713787
2017-09-29,0.31370579798623877
2017-10-02,-0.577300185550666
2017-10-03,0.11912867304024102
2017-10-04,0.008503762920206494
2017-10-05,-0.460241160145159
2017-10-06,0.22186202461754
2017-10-10,0.6118305965488186
2017-10-11,0.36362138919293496
2017-10-12,-0.05910415167625588
2017-10-13,-0.025341048410304864
2017-10-16,-0.22835887624855972
2017-10-17,-0.47530220188122685
2017-10-18,0.17850317120228457
2017-10-19,0.5673894207102796
2017-10-20,-0.6098612837398915
2017-10-23,-0.06799252344211873
2017-10-24,0.03400204045001726
2017-10-25,0.3054992192712552
2017-10-26,-0.8680166831266524
2017-10-27,-1.0309369658861212
2017-10-30,0.3964497134309712
2017-10-31,0.1890522175171228
2017-11-01,-0.25788718839894426
2017-11-02,0.4637191650143839
2017-11-03,-0.4809353138044264
2017-11-06,-0.13783599701213822
2017-11-07,-0.1984726888727552
2017-11-08,0.12085636830165693
2017-11-09,0.49055565477222124
2017-11-13,0.06865774385735515
2017-11-14,0.9222951798844812
2017-11-15,0.25469068865639577
2017-11-16,-0.18670972070859815
2017-11-17,0.22909517465557624
2017-11-20,-0.4927792469707413
2017-11-21,0.0
2017-11-22,0.4079903661915626
2017-11-24,1.2392150151414525
2017-11-27,-0.20967005626411736
2017-11-28,-0.27743933050955155
2017-11-29,-0.16852043084925347
2017-11-30,0.33675734805380086
2017-12-01,0.10080646014948202
2017-12-04,-0.5219306401711115
2017-12-05,-0.23660649875456133
2017-12-06,-0.2710947102503777
2017-12-07,0.016964967383122243
2017-12-08,-0.24627416803802096
2017-12-11,0.34800357660775877
2017-12-12,-0.6545694302633768
2017-12-13,0.3150681705421084
2017-12-14,0.13593884846148213
2017-12-15,0.0
2017-12-18,0.22050725583139755
2017-12-19,0.1523745321484738
2017-12-20,0.4978283073972595
2017-12-21,-0.07577990511256182
2017-12-22,-0.27835199955255646
2017-12-26,0.23622722535030388
2017-12-27,0.29450145396581245
2017-12-28,0.4192175167801262
2017-12-29,0.5839676226508663
2018-01-02,0.2326355319693785
2018-01-03,-0.1661129950076487
2018-01-04,0.28222812790126695
2018-01-05,-0.20744313127108097
2018-01-08,-0.5497265218182804
2018-01-09,-0.4268681936971802
2018-01-10,0.30150776609779734
2018-01-11,0.6418560776322728
2018-01-12,0.7862651720923465
2018-01-16,0.9354298127207138
2018-01-17,-0.12258408759330827
2018-01-18,0.07356848331159394
2018-01-19,0.0
2018-01-22,-0.06539153412677118
2018-01-23,0.38356434996217614
2018-01-24,0.9162102442348181
2018-01-25,0.7878487572079811
2018-01-26,-0.5299089076019647
2018-01-29,-0.5651100854690837
2018-01-30,0.3071702358630844
2018-01-31,0.306229588974979
2018-02-01,0.4335614981050417
2018-02-02,-0.28883203648251765
2018-02-05,-0.225225320432502
2018-02-06,-0.29839935041465904
2018-02-07,-0.8109686810307434
2018-02-08,-0.3507487587898216
2018-02-09,-0.09810334338151674
2018-02-12,0.33478984440813303
2018-02-13,0.7795410974175124
2018-02-14,0.266569890071185
2018-02-15,0.6913766586349439
2018-02-16,-0.32097604190232043
2018-02-20,-0.7583739452915242
2018-02-21,-0.275728015089431
2018-02-22,0.0974026051032841
2018-02-23,-0.2274205008773397
2018-02-26,-0.016264129498317403
2018-02-27,-0.46464318360934154
2018-02-28,-0.22903895493165669
2018-03-01,0.0409383065446539
2018-03-02,0.7990258572687035
2018-03-05,0.12984906872346808
2018-03-06,0.6870101783876864
2018-03-07,-0.14509111041201536
2018-03-08,-0.6717681366991352
2018-03-09,0.0974026051032841
2018-03-12,-0.06492452751998379
2018-03-13,0.6473562014876106
2018-03-14,-0.29079180426461426
2018-03-15,-0.3322127594550392
2018-03-16,-0.3333200923534773
2018-03-19,0.39822881674194804
2018-03-20,-0.4715455892004953
2018-03-21,-0.024450874240578725
2018-03-22,0.3417693944357161
2018-03-23,0.40535118331824155
2018-03-26,0.6451635281488596
2018-03-27,-0.2414488094517464
2018-03-28,-0.47655677606385116
2018-03-29,-0.4381701265567195
2018-03-30,0.18686279150634988
2018-04-02,-0.26007817000574784
2018-04-03,-0.21996831550662932
2018-04-04,0.25251510179883296
2018-04-05,-0.5056694569157254
2018-04-06,0.3591254267824162
2018-04-09,0.37407541384683995
2018-04-10,0.1459972682073215
2018-04-11,0.3721386059924258
2018-04-12,-0.5181358741997518
2018-04-13,0.016232448700521745
2018-04-16,0.4130396639459876
2018-04-17,-0.22655564346959473
2018-04-18,0.28311444593072876
2018-04-19,-0.35604504354763533
2018-04-20,-0.43870409137662936
2018-04-23,-0.5388207990876084
2018-04-24,0.08182636902021706
2018-04-25,-0.39337864201512235
2018-04-26,-0.5351789151717116
2018-04-27,-0.04128648751928805
2018-04-30,-0.28120107852378406
2018-05-01,-0.61477305862342
2018-05-02,-0.26702285558788097
2018-05-03,0.016709833776042116
2018-05-04,-0.2007025259767451
2018-05-07,-0.1591756713582251
2018-05-08,-0.5380424917565922
2018-05-09,-0.09276829676473261
2018-05-10,0.3705579446535105
2018-05-11,0.46127477268900946
2018-05-14,0.20896902325832403
2018-05-15,-0.9396042281696345
2018-05-16,-0.64265399601825
2018-05-17,0.08479607054352276
2018-05-18,-0.1951385678402046
2018-05-21,-0.059465660334502936
2018-05-22,0.12738314320672184
2018-05-23,-0.7667442573022187
2018-05-24,0.30740353811866855
2018-05-25,-0.5385779207922111
2018-05-29,-0.9906615024902637
2018-05-30,0.9735161959759052
2018-05-31,0.051427103216232145
2018-06-01,0.07709109979636819
2018-06-04,0.14545457109943616
2018-06-05,-0.20540917869381184
2018-06-06,0.9040573301894499
2018-06-07,0.3136526116492273
2018-06-08,-0.3561136542811451
2018-06-11,0.24602345389171412
2018-06-12,-0.08476731879961474
2018-06-13,-0.06786562866518066
2018-06-14,-1.2810833671759345
2018-06-15,-0.15483874061294853
2018-06-18,-0.08612523140236003
2018-06-19,-0.2501834544825244
2018-06-20,0.12948337947898705
2018-06-21,0.06898930939376467
2018-06-22,0.25828684182542383
2018-06-25,0.5487923222905711
2018-06-26,-0.16260861985177763
2018-06-27,-0.7479723647856943
2018-06-28,-0.05179111035060658
2018-06-29,0.8168926289979894
2018-07-02,-0.6271228834420143
2018-07-03,0.4213791331968509
2018-07-05,0.3768741077443654
2018-07-06,0.34990434675727194
2018-07-09,0.05110297360171838
2018-07-10,-0.13633267278641645
2018-07-11,-0.05117270900583451
2018-07-12,-0.2562570805237835
2018-07-13,-0.21405034072795098
2018-07-16,0.36788337679060584
2018-07-17,-0.39360023433236274
2018-07-18,-0.16302719299979923
2018-07-19,-0.35270370771466936
2018-07-20,0.8922502570481697
2018-07-23,-0.05126014635951681
2018-07-24,-0.1539382840549657
2018-07-25,-0.05992894319168578
2018-07-26,-0.19716263726953226
2018-07-27,0.051471220146371774
2018-07-30,0.4961940200250572
2018-07-31,-0.10245902535675579
2018-08-01,-0.34229025375833166
2018-08-02,-0.46395821690624556
2018-08-03,-0.12926021878172977
2018-08-06,-0.2849619820466451
2018-08-07,0.28496198204663503
2018-08-08,0.008622547968261264
2018-08-09,-0.2762909718222192
2018-08-10,-1.4544127481385098
2018-08-13,-0.02632156189796802
2018-08-14,-0.39565708624595114
2018-08-15,-0.1675263804932235
2018-08-16,0.4929587447521147
2018-08-17,0.19299944581932352
2018-08-20,0.24509816191401607
2018-08-21,0.8358049700096501
2018-08-22,0.5274775514274141
2018-08-23,-0.24177543942304783
2018-08-24,0.5001735160155533
2018-08-27,0.43775015184482297
2018-08-28,0.376133115699815
2018-08-29,-0.1793416083402065
2018-08-30,-0.4540594650536188
2018-08-31,-0.43025623555192005
2018-09-04,-0.25904513233824167
2018-09-05,0.4657991687738565
2018-09-06,0.03441748442167157
2018-09-07,-0.4483539154093156
2018-09-10,0.2761479145268926
2018-09-11,-0.1120931352549668
2018-09-12,0.3015034372551012
2018-09-13,0.3948841941325583
2018-09-14,-0.13717423275808815
2018-09-17,0.2656044058116432
2018-09-18,0.051325920716131505
2018-09-19,-0.06844041673600909
2018-09-20,0.5036503881338548
2018-09-21,-0.04258399757748113
2018-09-24,0.2892142199674737
2018-09-25,-0.02548528238743437
2018-09-26,-0.10200612921222574
2018-09-27,-0.7512413681598532
2018-09-28,-0.4121592645550898
2018-10-01,-0.4743637339649188
2018-10-02,-0.06053530690332388
2018-10-03,-0.30322743615190473
2018-10-04,-0.1476143193410804
2018-10-05,-0.052151239773920034
2018-10-09,-0.1740341546117193
2018-10-10,0.5125320692822528
2018-10-11,0.20773832451350063
2018-10-12,-0.05189413712723867
2018-10-15,0.30233686054110115
2018-10-16,-0.008625522927678222
2018-10-17,-0.4582206608310901
2018-10-18,-0.39941009944036404
2018-10-19,0.16516716059776768
2018-10-22,-0.4003486635360052
2018-10-23,0.11330458352530086
2018-10-24,-0.7958413599206203
2018-10-25,-0.13179284076062073
2018-10-26,0.12301205311831681
2018-10-29,0.017560804329953543
2018-10-30,-0.22853134671491954
2018-10-31,-0.2819882023671431
2018-11-01,0.5631834667391714
2018-11-02,-0.15807503072062298
2018-11-05,0.1405234729748289
2018-11-06,0.15785322930497897
2018-11-07,0.41100140930574197
2018-11-08,-0.3759567269775813
2018-11-09,-0.8003208805437472
2018-11-13,-0.3272456818584845
2018-11-14,0.21238946037039447
2018-11-15,0.10602580954362906
2018-11-16,0.6864411359736943
2018-11-19,0.40262636447595135
2018-11-20,-0.4991472336374866
2018-11-21,0.017556179820382174
2018-11-23,-0.5368549747708634
2018-11-26,0.03529204201092202
2018-11-27,-0.4863607765595941
2018-11-28,0.044312492416506054
2018-11-29,0.8470140633983838
2018-11-30,-0.5197104849029636
2018-12-03,0.2910183278822227
2018-12-04,-0.09691203789195697
2018-12-06,0.25529306528027135
2018-12-07,0.14057285744829717
2018-12-10,-0.19333866642911868
2018-12-11,-0.47614938738355944
2018-12-12,0.42335572139713135
2018-12-13,-0.03521126796945336
2018-12-14,-0.5119615736945965
2018-12-17,0.3445385271407847
2018-12-18,0.22023530022389276
2018-12-19,0.5090856250729592
2018-12-20,0.08751203848949773
2018-12-21,-0.262766201817609
2018-12-26,0.052608506254991264
2018-12-27,0.035056967931339285
2018-12-28,0.2887520053276438
2018-12-31,0.09606568137597839
2019-01-02,-0.8679316308780598
2019-01-03,0.36913383451323484
2019-01-04,0.09645316193428492
2019-01-07,0.5070384147139133
2019-01-08,-0.20949728332594858
2019-01-09,0.6966242034418261
2019-01-10,-0.06076125355118536
2019-01-11,-0.330492560341071
2019-01-15,-0.7607924413739727
2019-01-16,0.14035090023203123
2019-01-17,-0.19303331430499376
2019-01-18,-0.21100763939549907
2019-01-22,-0.026407288565073843
2019-01-23,0.27253962098062634
2019-01-24,-0.5988041844622557
2019-01-25,0.7479466431292653
2019-01-28,0.2713943447363436
2019-01-29,-0.12247398958957126
2019-01-30,-0.052534805516124126
2019-01-31,0.3147956429598192
2019-02-01,0.17445922080137582
2019-02-04,-0.3142460686554929
2019-02-05,-0.2801612758777172
2019-02-06,-0.22821040361623324
2019-02-07,-0.2023134788675546
2019-02-08,-0.27333262178959356
2019-02-11,-0.43357144414626775
2019-02-12,0.3452400189170078
2019-02-13,-0.24774388888077511
2019-02-14,-0.035442141076293246
2019-02-15,-0.14189431256237328
2019-02-19,0.5310686937237812
2019-02-21,0.08823789507478295
2019-02-22,0.03527336897243766
2019-02-25,0.026446863996877585
2019-02-26,0.25529306528027135
2019-02-27,-0.03517411221632387
2019-02-28,0.07912436124268833
2019-03-01,-0.02636783139864678
2019-03-04,-0.4228336109521064
2019-03-05,-0.2474811233069185
2019-03-06,0.17683470567419493
2019-03-07,-0.9408075073556069
2019-03-08,0.2582715066141858
2019-03-11,-0.15131962476150373
2019-03-12,0.4444056731858376
2019-03-13,0.3010716876163092
2019-03-14,-0.05306447458026687
2019-03-15,0.19443223093870274
2019-03-18,0.09707453438482498
2019-03-19,0.07935458689140111
2019-03-20,0.05286809533659348
2019-03-21,0.0792497730026134
2019-03-22,-0.6977902269983094
2019-03-25,0.371583193186877
2019-03-26,-0.38931211797404824
2019-03-27,-0.26631174194835505
2019-03-28,-0.12452194084319515
2019-03-29,-0.07122507423610976
2019-04-01,-0.16044214155675024
2019-04-02,-0.21432406846722502
2019-04-03,0.49937681804869744
2019-04-04,-0.23154342876490958
2019-04-05,0.008915437085213213
2019-04-08,0.40037421693404757
2019-04-09,0.14196985525634395
2019-04-10,-0.10645849124680104
2019-04-11,-0.035511364009546055
2019-04-12,0.3722418549799545
2019-04-15,0.0
2019-04-16,-0.0973580640693145
2019-04-17,0.03541390032585393
2019-04-18,-0.4969395265131523
2019-04-19,0.044470139034997046
2019-04-22,0.1066477171824784
2019-04-23,-0.4005167563091093
2019-04-24,-0.1874582115563642
2019-04-25,-0.4657002864041924
2019-04-26,0.12559434682238357
2019-04-29,0.1075268920806807
2019-04-30,0.3129613141433758
2019-05-01,0.40094498404075796
2019-05-02,-0.5528324378555509
2019-05-03,0.017881090794183707
2019-05-06,0.09828888786635184
2019-05-07,-0.16983244305535777
2019-05-08,0.2501788295586461
2019-05-09,0.19613093565432413
2019-05-10,0.11571499800241182
2019-05-13,-0.08009611962047955
2019-05-14,-0.2228264213564284
2019-05-15,0.008922596481490883
2019-05-16,-0.2680248187199606
2019-05-17,-0.10741139593375928
2019-05-20,0.03581661929405688
2019-05-21,-0.1074883657772784
2019-05-22,-0.017925965809407533
2019-05-23,0.1433178317687768
2019-05-24,0.22352371951295702
2019-05-28,-0.1787789874585398
2019-05-29,-0.36749918114105784
2019-05-30,0.03591309070742865
2019-05-31,0.08075732862963582
2019-06-03,0.5099541357658364
2019-06-04,0.26735600989044056
2019-06-05,0.05338553378861072
2019-06-06,0.4614846670761545
2019-06-07,0.2652755999008273
2019-06-10,-0.1148663700409191
2019-06-11,0.04419498900766917
2019-06-12,-0.05303633112915846
2019-06-13,-0.3099404739287042
2019-06-14,-0.5157400725655671
2019-06-17,0.16034209742062056
2019-06-18,-0.347733398408545
2019-06-19,0.16064260482737946
2019-06-20,0.6222795438269085
2019-06-21,0.389174381161405
2019-06-24,0.5721594764614709
2019-06-25,-0.061460118708854906
2019-06-26,0.035124693020063165
2019-06-27,-0.15815836703374647
2019-06-28,0.017585509585446947
2019-07-01,-0.5908045931499848
2019-07-02,-0.05307855750943001
2019-07-03,-0.23033319892718576
2019-07-05,-0.5246555096507783
2019-07-08,-0.07135212575283557
2019-07-09,0.01784280493627018
2019-07-10,0.4450385627475641
2019-07-11,0.008880600334438426
2019-07-12,-0.062180770380139055
2019-07-15,0.05330017004570609
2019-07-16,-0.42719894090024363
2019-07-17,0.178221398091337
2019-07-18,-0.03561887838191723
2019-07-19,-0.07127584050857086
2019-07-22,-0.05349023930696534
2019-07-23,-0.5185527936238324
2019-07-24,-0.1345472688062953
2019-07-25,0.13454726880628146
2019-07-26,-0.3142256928537468
2019-07-29,0.18865387619187887
2019-07-30,0.05383580210779064
2019-07-31,-0.16159443322483216
2019-08-01,-0.6128353714967137
2019-08-02,0.45097938795563364
2019-08-05,0.7620279826017288
2019-08-06,-0.008931362485282469
2019-08-07,0.35663375887902143
2019-08-08,-0.23166721579285995
2019-08-09,0.10699002447118425
2019-08-12,-0.08915040262384594
2019-08-13,-0.2679290698088145
2019-08-14,-0.3404106126948958
2019-08-15,-0.34157336580890935
2019-08-16,-0.13515341968109906
2019-08-19,0.045071438992578566
2019-08-20,-0.03605552589988333
2019-08-21,0.05407841501777522
2019-08-22,-0.081128593263059
2019-08-23,0.5306483648622962
2019-08-26,-0.3234504167659152
2019-08-27,-0.1621183818999828
2019-08-28,-0.09017946323107025
2019-08-29,-0.22580509075089467
2019-08-30,-0.6349803628436024
2019-09-03,-0.1912830204773741
2019-09-04,0.5183479072896455
2019-09-05,0.11784436843996174
2019-09-06,0.036231884454357384
2019-09-09,0.12670831634611393
2019-09-10,-0.12670831634610888
2019-09-11,-0.37200061045541777
2019-09-12,0.6613840643476743
2019-09-13,0.0
2019-09-16,-0.6159439763208286
2019-09-17,0.5165628415206884
2019-09-18,-0.018079913265664323
2019-09-19,-0.1357036441121403
2019-09-20,-0.380952841666773
2019-09-23,-0.11820869755648804
2019-09-24,0.07276034882163873
2019-09-25,-0.4556231683691833
2019-09-26,-0.10051629667067383
2019-09-27,0.03656307170532446
2019-09-30,-0.3387195988041882
2019-10-01,0.24728684122292155
2019-10-02,0.17365082278004274
2019-10-03,0.36459797931412874
2019-10-04,-0.1547917449979761
2019-10-07,0.09108298288864186
2019-10-08,-0.31915405743821446
2019-10-09,0.26451422364096716
2019-10-10,0.3637028922827025
2019-10-11,0.19041579856900157
2019-10-15,-0.027180068117513334
2019-10-16,0.3527659576159691
2019-10-17,0.48639980600887744
2019-10-18,0.23335138932077046
2019-10-21,-0.08968610466635037
2019-10-22,-0.06282816703554595
2019-10-23,-0.1797268636199136
2019-10-24,-0.18005046275682082
2019-10-25,-0.15329819495209074
2019-10-28,0.11724916788543624
2019-10-29,0.20710466184351473
2019-10-30,0.05395683584143305
2019-10-31,0.28727912746035705
2019-11-01,0.12542556741936906
2019-11-04,-0.224084708118496
2019-11-05,-0.6662489756959139
2019-11-06,0.054185858816993074
2019-11-07,-0.28027684366348354
2019-11-08,-0.23567813664405
2019-11-12,-0.018152114771228554
2019-11-13,-0.11806912955996651
2019-11-14,0.10899183640256005
2019-11-15,0.2719610052642147
2019-11-18,0.29830530595400856
2019-11-19,-0.03611086073366253
2019-11-20,-0.10841088784254022
2019-11-21,0.03615002298744032
2019-11-22,-0.34395399586383824
2019-11-25,-0.1815047235743754
2019-11-26,0.027246719209477778
2019-11-27,-0.09085128270944888
2019-11-29,0.1543981052373594
2019-12-02,0.5069260425559253
2019-12-03,0.12633100398795188
2019-12-04,-0.117302066236351
2019-12-05,0.25247984557333253
2019-12-06,-0.4693996703278639
2019-12-09,0.1356300221478279
2019-12-10,0.2076094079627346
2019-12-11,0.01803263912559137
2019-12-12,0.20714196626281925
2019-12-13,0.11689072049819618
2019-12-16,0.09880092419109168
2019-12-17,0.08076457566491868
2019-12-18,-0.31445154161923683
2019-12-19,0.1348860417632395
2019-12-20,-0.46838493124264263
2019-12-23,0.13533633138892295
2019-12-24,-0.06313416218725276
2019-12-26,0.16226452672375047
2019-12-27,0.6464378768987287
2019-12-30,0.38408336261292664
2019-12-31,0.08911068135562486
2020-01-02,-0.5448144588473748
2020-01-03,0.06267066770319914
2020-01-06,0.12522362995925615
2020-01-07,-0.4389704697316649
2020-01-08,-0.1887216915998887
2020-01-09,-0.09899654320623893
2020-01-10,0.1169853901696878
2020-01-13,0.1707328446364482
2020-01-14,-0.07185198800232681
2020-01-15,0.2691791665711575
2020-01-16,-0.26019484420762384
2020-01-17,-0.34197297545662064
2020-01-21,0.027040425600779874
2020-01-22,-0.09918399442555728
2020-01-23,-0.39772266112748444
2020-01-24,-0.13594962895081467
2020-01-27,-0.06350646618518392
2020-01-28,-0.09987743146522003
2020-01-29,-0.03634381286596566
2020-01-30,0.2541297428672548
2020-01-31,0.45220299541572706
2020-02-03,-0.1806358872671615
2020-02-04,-0.17190685074925682
2020-02-05,-0.3356164427426795
2020-02-06,-0.2456221384971637
2020-02-07,-0.26449009900856707
2020-02-10,-0.31098534164178576
2020-02-11,0.009160445204046613
2020-02-12,-0.22008261978240373
2020-02-13,-0.4139649902268675
2020-02-14,-0.0829990364426747
2020-02-18,-0.22166814285909758
2020-02-19,-0.19436352085710143
2020-02-20,0.02778935685525075
2020-02-21,0.5357485565251586
2020-02-24,0.018422991946015342
2020-02-25,0.10126583143861856
2020-02-26,0.17467253349415784
2020-02-27,0.8232757806136399
2020-02-28,0.2184003052119355
2020-03-02,1.470813791677706
2020-03-03,0.09848248255567346
2020-03-04,-0.40349752121789945
2020-03-05,0.6448168500187256
2020-03-06,1.0390395862642332
2020-03-09,0.8883474577580979
2020-03-10,-0.6853554636027757
2020-03-11,-0.5481403521923566
2020-03-12,-1.7799316115724273
2020-03-13,-0.13545854782704336
2020-03-16,0.657511938713469
2020-03-17,-1.5197036027698771
2020-03-18,-1.2658396871923465
2020-03-19,-1.2446751806960734
2020-03-20,-0.15901972388909733
2020-03-23,0.7275472816059795
2020-03-24,0.3154869462812523
2020-03-25,0.3791210791871308
2020-03-26,1.7383786344587469
2020-03-27,0.30791547603134056
2020-03-30,-0.3714277042698362
2020-03-31,-0.018153762417100965
2020-04-01,-0.7471560953546155
2020-04-02,-0.6606740860153855
2020-04-03,-0.6002141847650189
2020-04-06,0.10182828928942415
2020-04-07,0.7190959354110544
2020-04-08,-0.2022989195667916
2020-04-09,0.6148218495358081
2020-04-10,0.18279869819237549
2020-04-13,-0.41176797897521794
2020-04-14,0.5942331331483952
2020-04-15,-0.5667291219734093
2020-04-16,-0.634514060411946
2020-04-17,0.3958942702424319
2020-04-20,-0.08273199901958159
2020-04-21,-0.1840943082515874
2020-04-22,-0.2305954994970642
2020-04-23,-0.12936612412203913
2020-04-24,-0.15731276089266585
2020-04-27,0.2866788850146924
2020-04-28,0.06462035766063014
2020-04-29,0.15676152410293076
2020-04-30,0.7435661008929719
2020-05-01,0.5836237612815534
2020-05-04,-0.7941983412661452
2020-05-05,-0.6159523036542566
2020-05-06,-0.35103962145451395
2020-05-07,0.08325239831480619
2020-05-08,0.3599616236190903
2020-05-11,-0.3322262191977737
2020-05-12,0.4243157367104942
2020-05-13,-0.24883658754820426
2020-05-14,-0.3420070810684148
2020-05-15,0.1480385170434203
2020-05-18,0.8103175093623337
2020-05-19,0.30218419588571777
2020-05-20,0.39238997282959726
2020-05-21,-0.246204473977515
2020-05-22,-0.540121238012684
2020-05-26,0.6952095325656145
2020-05-27,-0.009116185794176949
2020-05-28,0.9075295974289809
2020-05-29,0.34271317814961566
2020-06-01,0.14394964249092218
2020-06-02,0.38584102782764573
2020-06-03,0.7139062981841271
2020-06-04,0.6735225744458341
2020-06-05,-0.221053186967654
2020-06-08,-0.03541390032584196
2020-06-09,0.4858452205071674
2020-06-10,0.06166586109168409
2020-06-11,0.2023490770933832
2020-06-12,-1.1046906560595584
2020-06-15,0.15095682838249785
2020-06-16,-0.0976519230691561
2020-06-17,-0.35590392581658026
2020-06-18,-0.02674392705933637
2020-06-19,-0.24101774666500775
2020-06-22,0.6325469885960079
2020-06-23,0.549111290292413
2020-06-24,-0.4425961018089155
2020-06-25,-0.45347519136498365
2020-06-26,-0.05348547105576742
2020-06-29,0.19597369535935527
2020-06-30,0.0
2020-07-01,0.19559038952281366
2020-07-02,-0.1955903895228091
2020-07-06,0.6210098027342933
2020-07-07,-0.0707776725998976
2020-07-08,0.26515836642424206
2020-07-09,-0.2740090988281237
2020-07-10,0.176865981726182
2020-07-13,0.40560852716094953
2020-07-14,0.3689068742405504
2020-07-15,0.0
2020-07-16,0.23643778254857253
2020-07-17,0.04372349332915353
2020-07-20,0.03496503532126181
2020-07-21,0.46213623688076444
2020-07-22,0.7971621799780577
2020-07-23,0.31021136466456345
2020-07-24,0.10319030926840285
2020-07-27,0.9835443835912931
2020-07-28,-0.1447856148681187
2020-07-29,0.3148536830698728
2020-07-30,0.17826073223509792
2020-07-31,0.2625673807641343
2020-08-03,-0.6108961812009664
2020-08-04,0.13607758520961993
2020-08-05,1.1156302323449632
2020-08-06,-0.35362502119828876
2020-08-07,-0.6770506567210602
2020-08-10,-0.16998134298495182
2020-08-11,0.06802721350775162
2020-08-12,0.2716470261281254
2020-08-13,0.18633019704531156
2020-08-14,0.1268445478938962
2020-08-17,0.3037720671946442
2020-08-18,0.49586183880692614
2020-08-19,-0.2518258696723412
2020-08-20,-0.30303053491790966
2020-08-21,-0.736137351405333
2020-08-24,0.23750965444504285
2020-08-25,0.12700564765508737
2020-08-26,-0.042317295709994526
2020-08-27,0.09307442394629309
2020-08-28,0.6491065994456783
2020-08-31,0.4108848177217048
2020-09-01,-0.00836855099027761
2020-09-02,-0.9163963411757304
2020-09-03,-0.06759040473608859
2020-09-04,-0.10147134305465702
2020-09-08,-0.262611866796168
2020-09-09,0.17797368992804585
2020-09-10,0.5909683725227779
2020-09-11,-0.4133108662973093
2020-09-14,0.3627930576958018
2020-09-15,-0.23608779937101237
2020-09-16,-0.0929014888826245
2020-09-17,-0.10144560849710349
2020-09-18,0.28716235949571034
2020-09-21,-1.0172165357946674
2020-09-22,-0.29010259253577886
2020-09-23,-0.22241240990512984
2020-09-24,-0.09424667621318553
2020-09-25,-0.4123008761105237
2020-09-28,0.36085613520055954
2020-09-29,0.4876597763672226
2020-09-30,0.051194540367260996
2020-10-01,0.24707147818849753
2020-10-02,-0.39219080025470227
2020-10-05,0.6641148291299858
2020-10-06,-0.05092946379501131
2020-10-07,-0.10193680801146804
2020-10-08,-0.1105489291547166
2020-10-09,0.5599878879386473
2020-10-13,-0.6962160912116668
2020-10-14,0.15324368740459127
2020-10-15,-0.46043737552119923
2020-10-16,0.1366470449197596
2020-10-19,0.6041286189429845
2020-10-20,0.3049299330397491
2020-10-21,0.38828444157308034
2020-10-22,-0.38828444157308223
2020-10-23,0.1690046033498884
2020-10-26,-0.23668650102660568
2020-10-27,0.15221990254237025
2020-10-28,-0.7038400902698401
2020-10-29,-0.794570372844601
2020-10-30,-0.094400350284313
2020-11-02,-0.11167906319451357
2020-11-03,0.7706177360076385
2020-11-04,0.05116398167380418
2020-11-05,0.6712289953760416
2020-11-06,0.6499284325324302
2020-11-09,-0.632993631475875
2020-11-10,-0.008467042043916267
2020-11-12,0.03386386757725623
2020-11-13,0.08460953208024044
2020-11-16,0.1690046033498884
2020-11-17,0.15186031771900596
2020-11-18,0.05899456578334271
2020-11-19,-0.2192983335010326
2020-11-20,0.11814347365756098
2020-11-23,-0.2617913077295242
2020-11-24,0.40506384498455233
2020-11-25,0.28593073050463996
2020-11-30,0.33534572003334384
2020-12-01,0.7587479599025795
2020-12-02,0.4475392850249095
2020-12-03,0.4866992490333324
2020-12-04,-0.08232485852295626
2020-12-07,-0.03294892945788248
2020-12-08,-0.22268968747498663
2020-12-09,-0.2562938032244675
2020-12-10,0.3140758016128376
2020-12-11,-0.049525382770427506
2020-12-14,0.2720865759042849
2020-12-15,0.10698268723950423
2020-12-16,0.1397279642122713
2020-12-17,0.6794116094886489
2020-12-18,-0.17963587748829857
2020-12-21,-0.049047658957601006
2020-12-22,-0.47537176643563117
2020-12-23,0.1805795450899679
2020-12-28,0.15569307033272342
2020-12-29,0.3188230781577288
2020-12-30,0.22827337484674676
2020-12-31,-0.4079973019915308
2021-01-04,0.19604646043817772
2021-01-05,0.3340261364693106
2021-01-06,-0.040675209021234844
2021-01-07,-0.20362458674909678
2021-01-08,-0.1060488739923687
2021-01-11,-0.6797454615865761
2021-01-12,-0.008217939767130944
2021-01-13,-0.07399186427106862
2021-01-14,-0.024676125973457638
2021-01-15,-0.47000704952059214
2021-01-19,0.222910309019812
2021-01-21,0.14009644221429557
2021-01-22,0.29602850332916675
2021-01-25,-0.33721296913100696
2021-01-26,0.07411983044702794
2021-01-27,-0.37941319022182696
2021-01-28,0.17338897131778777
2021-01-29,0.10718556494714758
2021-02-01,-0.5370804069124481
2021-02-02,-0.41511060023786855
2021-02-03,0.04158868847633566
2021-02-04,-0.4250183488664496
2021-02-05,0.5081438731874934
2021-02-08,0.08305648317992712
2021-02-09,0.5051561402660709
2021-02-10,0.21453923568393057
2021-02-11,-0.0412218151680048
2021-02-12,-0.008246402511583
2021-02-16,-0.15681099239355353
2021-02-17,-0.538325868334726
2021-02-18,0.29850768434532776
2021-02-19,0.47906261605217837
2021-02-22,0.15643657218554788
2021-02-23,-0.10700910598444044
2021-02-24,0.00823553634395718
2021-02-25,0.7057308135551144
2021-02-26,-1.1183407404094465
2021-03-01,-0.3230217742286056
2021-03-02,0.20718525622889375
2021-03-03,-0.04968532728908953
2021-03-04,-0.23219182834157245
2021-03-05,-1.093545686033895
2021-03-08,-0.5470703371892754
2021-03-09,0.3033624977554261
2021-03-10,0.12612993053265203
2021-03-11,0.6533233724787024
2021-03-12,-0.21730054518091568
2021-03-15,-0.29326762817924096
2021-03-16,-0.18478083537481113
2021-03-17,0.08403361839050542
2021-03-18,0.176241076208819
2021-03-19,-0.1426473915055451
2021-03-22,0.1929449866643406
2021-03-23,-0.504118022747742
2021-03-24,-0.3459481153498932
2021-03-25,-0.4574728412114326
2021-03-26,0.17815487214721767
2021-03-29,-0.16117406042361304
2021-03-30,-0.4680262128001357
2021-03-31,0.161929553429785
2021-04-01,0.24665119882824002
2021-04-02,-0.0764818392922151
2021-04-05,0.3987618230966787
2021-04-06,0.35499995020478675
2021-04-07,0.3201080991371653
2021-04-08,0.11767673880453904
2021-04-09,-0.058821059634699496
2021-04-12,0.08401949746490824
2021-04-13,0.2683889894213139
2021-04-14,0.29272801399091475
2021-04-15,-0.08354917354588458
2021-04-16,0.13364519196016772
2021-04-19,0.39986724389793726
2021-04-20,0.1412370940551861
2021-04-21,-0.09967606108090936
2021-04-22,-0.17467253349416487
2021-04-23,0.47340315146769346
2021-04-26,0.1159324409410168
2021-04-27,-0.03310984220297791
2021-04-28,0.15717420615811464
2021-04-29,0.09914078802784414
2021-04-30,-0.662802757841334
2021-05-03,0.24077391348678318
2021-05-04,-0.37386326934857417
2021-05-05,-0.09160178847621181
2021-05-06,0.3825050397931769
2021-05-07,0.9581307294346367
2021-05-10,0.04109307639501156
2021-05-11,-0.008217264477283276
2021-05-12,-0.7837353980428587
2021-05-13,-0.03313452647942412
2021-05-14,0.5865119452398058
2021-05-17,0.11524532062485691
2021-05-18,0.39412153816156104
2021-05-19,0.10647447666289021
2021-05-20,0.0736467444604431
2021-05-21,-0.3851990174553313
2021-05-24,0.2624242936231138
2021-05-25,0.18819299421660282
2021-05-26,-0.23734512103562277
2021-05-27,-0.0819739368798795
2021-05-28,0.0
2021-06-01,0.38469456077509107
2021-06-02,-0.2290014904423876
2021-06-03,-0.7478974659858281
2021-06-04,0.4198400898366183
2021-06-07,0.2215567311751543
2021-06-08,-0.16406894574598888
2021-06-09,0.03283533111097437
2021-06-10,-0.0903231165401349
2021-06-11,-0.5932290611543934
2021-06-14,0.20638138336234288
2021-06-15,-0.049492700837054086
2021-06-16,-0.008251165481808632
2021-06-17,-1.7312126087586466
2021-06-18,-0.3279656473739198
2021-06-21,0.3111730360834143
2021-06-22,0.00839665813499018
2021-06-23,0.3352895010310968
2021-06-24,-0.19265407809876345
2021-06-25,0.1089370367923986
2021-06-28,-0.01675182179979154
2021-06-29,-0.2768109807632099
2021-06-30,-0.47994029733282795
2021-07-01,0.0759333510435741
2021-07-02,-0.0759333510435697
2021-07-06,-0.27045317364190413
2021-07-07,-0.11008087821467506
2021-07-08,0.31298930089277865
2021-07-09,0.17720775912790449
2021-07-12,-0.025296176196278736
2021-07-13,-0.3802125318793037
2021-07-14,0.1099877432255257
2021-07-15,-0.16926205801405284
2021-07-16,0.033875339077332416
2021-07-19,-0.05081731285780857
2021-07-20,-0.23748950941724442
2021-07-21,0.19512201312617494
2021-07-22,-0.23759026874384834
2021-07-23,-0.0849906561444211
2021-07-26,0.4157657340371451
2021-07-27,0.17765750622547996
2021-07-28,-0.1861252652381161
2021-07-29,0.6499284325324302
2021-07-30,-0.1852632108838095
2021-08-02,0.07583098480242975
2021-08-03,-0.11798417009970508
2021-08-04,-0.15189876338383873
2021-08-05,-0.02533890802864007
2021-08-06,-0.6525723399633843
2021-08-09,-0.1020842283463886
2021-08-10,-0.23007125311981746
2021-08-11,0.12788270637495222
2021-08-12,-0.008520427730627401
2021-08-13,0.5099450112349261
2021-08-16,-0.16969289665094342
2021-08-17,-0.5278854318929924
2021-08-18,-0.10249403015462347
2021-08-19,-0.07693952078629092
2021-08-20,-0.02565966742043844
2021-08-23,0.35863756312276535
2021-08-24,0.11926059851231062
2021-08-25,0.10211028797353913
2021-08-26,0.025511288883629454
2021-08-27,0.2801954709413015
2021-08-30,0.008478528132585683
2021-08-31,0.042381861198062754
2021-09-01,0.4228336109521105
2021-09-02,0.0674877704035782
2021-09-03,0.21902123151852004
2021-09-07,-0.29494817657581224
2021-09-08,-0.26196829111201964
2021-09-09,0.07612603454971245
2021-09-10,-0.05074425007400302
2021-09-13,-0.10156581490952728
2021-09-14,0.12694115867012118
2021-09-15,-0.11000635761356252
2021-09-16,-0.3987279937961695
2021-09-17,-0.2553410188080388
2021-09-20,-0.04262029643001365
2021-09-21,-0.04263846907220113
2021-09-22,0.12786090477389703
2021-09-23,-0.0340802593398233
2021-09-24,-0.1705757343227847
2021-09-27,-0.11103045937146516
2021-09-28,-0.17961771924853143
2021-09-29,-0.5924544011175594
2021-09-30,-0.30186749387920647
2021-10-01,0.1812298230657466
2021-10-04,0.2067184198664903
2021-10-05,-0.11191942970150007
2021-10-06,-0.5441602717156832
2021-10-07,0.12983080544425796
2021-10-08,0.09510224207041536
2021-10-12,-0.26824746756210216
2021-10-13,0.233675297814127
2021-10-14,0.19862694901990752
2021-10-15,0.025878801093318533
2021-10-18,0.12929364383577588
2021-10-19,0.19792614352648463
2021-10-20,0.09452202637151992
2021-10-21,0.0
2021-10-22,-0.09452202637152493
2021-10-25,-0.1979261435264818
2021-10-26,-0.16380020042383583
2021-10-27,0.0862440760658482
2021-10-28,0.7300869878502427
2021-10-29,-1.1447385840350948
2021-11-01,0.3370352756137542
2021-11-02,-0.08631107043674978
2021-11-03,0.025901144112020068
2021-11-04,-0.3285779004618712
2021-11-05,0.06926407203319375
2021-11-08,0.3110959992586518
2021-11-09,-0.008628499940635975
2021-11-10,-0.6232167665483735
2021-11-12,-0.6446015351192524
2021-11-15,-0.19244232671078634
2021-11-16,-0.7734942317658533
2021-11-17,-0.09710881363431537
2021-11-18,0.3174605840772418
2021-11-19,-0.35279627349086934
2021-11-22,-0.5137756008787775
2021-11-23,0.044395117266353694
2021-11-24,-0.6144002231000811
2021-11-26,0.9423129554444687
2021-11-29,-0.36342724927630976
2021-11-30,0.23061922586005948
2021-12-01,0.31844343584131485
2021-12-02,-0.15024970788034595
2021-12-03,0.017688157824488078
2021-12-06,-0.23019045135594954
2021-12-07,-0.3107108895899692
2021-12-08,0.7352648618030313
2021-12-09,-0.39796647704159394
2021-12-10,0.23896988847178546
2021-12-13,-0.12383902511466938
2021-12-14,-0.2747619721041384
2021-12-15,-0.05326704671403065
2021-12-16,0.42534401743013744
2021-12-17,-0.2833615639039395
2021-12-20,0.1860465652919671
2021-12-21,-0.2303944306691184
2021-12-22,0.46025926532741673
2021-12-23,-0.035329447461639706
2021-12-27,0.07947371163147492
2021-12-28,-0.13249129703876125
2021-12-29,0.2030816114497586
2021-12-30,-0.16773343151295397
2022-01-03,-0.24770005587614147
2022-01-04,0.05313025893154507
2022-01-05,0.3446603208606029
2022-01-06,-0.24732810063841293
2022-01-07,0.4500338502132706
2022-01-10,-0.26448045038767015
2022-01-11,0.3084925984508135
2022-01-12,0.5966500107769311
2022-01-13,0.28827274822293464
2022-01-14,-0.43710184113544764
2022-01-18,-0.6857169726137023
2022-01-19,0.08817565159961725
2022-01-20,-0.08817565159962394
2022-01-21,0.08817565159961725
2022-01-24,-0.31779687763464143
2022-01-25,-0.23901219717200442
2022-01-26,-0.03545784985294458
2022-01-27,-1.2310592580600095
2022-01-28,0.1703959875985349
2022-01-31,0.46486763493768
2022-02-01,0.24052392335880585
2022-02-02,0.5324353690979139
2022-02-03,1.1089710553159429
2022-02-04,0.2622379125190452
2022-02-07,-0.1834943063679287
2022-02-08,-0.15754926672442893
2022-02-09,0.16629473002091497
2022-02-10,0.45371336885227664
2022-02-11,-0.7251790112841555
2022-02-14,-0.8630612797326515
2022-02-15,0.5028904682772978
2022-02-16,0.1582835363880551
2022-02-17,-0.14948343078110848
2022-02-18,-0.32612077733650546
2022-02-22,0.1323393373259829
2022-02-23,-0.2294996152515653
2022-02-24,-1.4419475471958807
2022-02-25,0.9547250747526744
2022-02-28,-0.3291085914728706
2022-03-01,-1.0839000728031192
2022-03-02,-0.009006980415911248
2022-03-03,-0.44233879391513287
2022-03-04,-1.2838783227712034
2022-03-07,-0.477678659531679
2022-03-08,0.1931834463085603
2022-03-09,1.7130259434611927
2022-03-10,-0.5616974362232189
2022-03-11,-0.6379897688166027
2022-03-14,0.38328208995068597
2022-03-15,-0.045551861581185606
2022-03-16,0.20027316662155834
2022-03-17,1.0314033348539402
2022-03-18,-0.5958309583630523
2022-03-21,0.03621220390829972
2022-03-22,-0.2356140645947307
2022-03-23,-0.19070977037449285
2022-03-24,0.04544008802683448
2022-03-25,-0.19098728009934834
2022-03-28,-0.07285311313942112
2022-03-29,1.1503229059269375
2022-03-30,0.5299334268146438
2022-03-31,-0.6290459276072691
2022-04-01,-0.45175356915287135
2022-04-04,-0.46290075850002826
2022-04-05,-0.6480194264402072
2022-04-06,-0.07328020846387424
2022-04-07,-0.11919498958545777
2022-04-08,-0.23881705113692678
2022-04-11,0.009195825101896534
2022-04-12,-0.21171821780624106
2022-04-13,0.202522392704368
2022-04-14,-0.7198923567970761
2022-04-15,0.14809332584428847
2022-04-18,-0.2500348573081388
2022-04-19,0.03708167280832365
2022-04-20,0.6282936680512249
2022-04-21,-0.1659292416102217
2022-04-22,-0.4530961563569651
2022-04-25,-0.8095703267804687
2022-04-26,-0.3931853033900517
2022-04-27,-1.0561154268666455
2022-04-28,-0.4655811536193929
2022-04-29,0.3517615453912824
2022-05-02,-0.15196127912398177
2022-05-03,0.10449818079121584
2022-05-04,0.06644203177367311
2022-05-05,-0.3040960245161562
2022-05-06,0.6167295035404537
2022-05-09,-0.12304199176653612
2022-05-10,-0.26552884259173737
2022-05-11,0.0569584218930642
2022-05-12,-1.5397425603247747
2022-05-13,0.3271435612734692
2022-05-16,0.09601536983435086
2022-05-17,1.0691205308842053
2022-05-18,-0.3614576369542735
2022-05-19,0.8823168096722456
2022-05-20,-0.26482565368653344
2022-05-23,1.0270029495390471
2022-05-24,0.709885290116877
2022-05-25,-0.803667534634584
2022-05-26,0.626668093949
2022-05-27,-0.14929553953427624
2022-05-31,0.20522395262523294
2022-06-01,-0.7952514194424659
2022-06-02,0.8138872748821614
2022-06-03,-0.11186726252845725
2022-06-06,-0.20541557176332378
2022-06-07,-0.01869508324757374
2022-06-08,0.40117607567247476
2022-06-09,-0.7851975282685242
2022-06-10,-1.274985397188263
2022-06-13,-0.8111892551668656
2022-06-14,-0.19182818082686132
2022-06-15,-0.26917916657115254
2022-06-16,1.367199459795816
2022-06-17,-0.5522771607451485
2022-06-21,0.7135751700031666
2022-06-22,0.3312671620547193
2022-06-23,-0.7588009470949166
2022-06-24,0.34217313111613173
2022-06-27,0.5865674339160873
2022-06-28,-0.6340215229763141
2022-06-29,-0.5425742690369567
2022-06-30,-0.07638690336100742
2022-07-01,-0.5747692803886575
2022-07-05,-1.5002943171822378
2022-07-06,-0.793072154989758
2022-07-07,-0.13771397022034537
2022-07-08,0.1868516057232994
2022-07-11,-0.8881929504022633
2022-07-12,-0.18852017291405868
2022-07-13,0.11910671383267822
2022-07-14,-0.5271283775757607
2022-07-15,0.6064541130195379
2022-07-18,0.7012720724093735
2022-07-19,0.7647845885055793
2022-07-20,-0.20532884261048814
2022-07-21,-0.19594402271979927
2022-07-22,0.2742142546776617
2022-07-25,-0.13701313554645717
2022-07-26,-0.9347241765682102
2022-07-27,-0.07911392817711055
2022-07-28,0.5426484629681618
2022-07-29,0.38301053451054895
2022-08-01,0.6643244439731887
2022-08-02,-0.7427712022616731
2022-08-03,-0.4719772773351906
2022-08-04,0.7364888202440958
2022-08-05,-0.5002217286470688
2022-08-08,0.3631549360892898
2022-08-09,0.1859737236446173
2022-08-10,1.0796194928540328
2022-08-11,0.00967351874999278
2022-08-12,-0.7866027448573655
2022-08-15,-0.6946170862861194
2022-08-16,-0.11787820618394645
2022-08-17,-0.0983380942655717
2022-08-18,-0.4931462800126264
2022-08-19,-0.7443094948401842
2022-08-22,-1.0312982518266511
2022-08-23,0.4017683186612394
2022-08-24,-0.09025723924161944
2022-08-25,-0.08029710358166904
2022-08-26,0.39084080418760725
2022-08-29,0.02000200026670227
2022-08-30,0.17983819413793972
2022-08-31,0.4680584156329696
2022-09-01,-1.1491507921253408
2022-09-02,0.8008050803342751
2022-09-06,-1.163270237546193
2022-09-07,0.2820308074098712
2022-09-08,0.14071768328648043
2022-09-09,0.8999160822507365
2022-09-12,0.8228051376807186
2022-09-13,-1.3117548719616325
2022-09-14,-0.0400200105391428
2022-09-15,-0.020016012877078278
2022-09-16,0.21995609747843706
2022-09-19,-0.09992007226221364
2022-09-20,-0.09001350810304529
2022-09-21,-1.1472401162236807
2022-09-22,-0.39551798429280544
2022-09-23,-1.2474599395514885
2022-09-26,-0.9926666147069755
2022-09-27,-0.0727688581411996
2022-09-28,0.6736823945082747
2022-09-29,0.9560597110028792
2022-09-30,0.09203866273285267
2022-10-03,0.2654146106886873
2022-10-04,1.6982112349191492
2022-10-05,-1.1187941119823535
2022-10-06,-0.6100059582505037
2022-10-07,-0.2143842381001895
2022-10-11,-0.28656247222265896
2022-10-12,-0.6684173171533773
2022-10-13,0.9038681092446605
2022-10-14,-0.42010410676637133
2022-10-17,1.0622099668011955
2022-10-18,-0.010160020328775707
2022-10-19,-0.6319458397060534
2022-10-20,0.4387090646006584
2022-10-21,0.3252365911951187
2022-10-24,0.19260992319875414
2022-10-25,0.857162511283121
2022-10-26,1.088541232356684
2022-10-27,-0.827811040529077
2022-10-28,-0.512075018261993
2022-10-31,-0.49447600625783933
2022-11-01,-0.141729118682937
2022-11-02,0.04051453514346298
2022-11-03,-1.1816374627861503
2022-11-04,1.3839642895205018
2022-11-07,1.025546893051457
2022-11-08,0.9160673441198445
2022-11-09,-0.5167456594578889
2022-11-10,1.3753741766102996
2022-11-14,1.5697684988581373
2022-11-15,0.33801760900701555
2022-11-16,0.22150536335584728
2022-11-17,-0.5208345107138347
2022-11-18,0.07733204831979451
2022-11-21,-1.0783608650644378
2022-11-22,0.37047912122456556
2022-11-23,0.8527183452226426
2022-11-25,0.3659832651017206
2022-11-28,-0.15393499287535356
2022-11-29,-0.2892683532835899
2022-11-30,-0.31916464058382693
2022-12-01,1.6810347346655048
2022-12-02,0.2188496996042647
2022-12-05,-0.256959456163065
2022-12-06,0.028583678914059715
2022-12-07,0.07618322433029628
2022-12-08,0.44640811180496887
2022-12-09,-0.018955549293799317
2022-12-12,-0.04740459913375333
2022-12-13,0.8028378423118583
2022-12-14,0.23490731967237927
2022-12-15,-0.15967692304544157
2022-12-16,-0.26355436942341454
2022-12-19,0.13186401081863922
2022-12-20,0.10348559181222808
2022-12-21,-0.339079160708245
2022-12-22,-0.10383726802631178
2022-12-23,0.31118889745477635
2022-12-27,0.31022351554047295
2022-12-28,-0.30080864945998675
2022-12-29,0.43212843195602707
2022-12-30,0.2808201789290547
2023-01-03,-1.3078231284681001
2023-01-04,0.5760438989415553
2023-01-05,-0.9270712505177343
2023-01-06,0.9176546113093141
2023-01-09,1.3097764190063679
2023-01-10,-0.2046893159773622
2023-01-11,0.027936862872014263
2023-01-12,0.7698410232290679
2023-01-13,-0.1109365002375075
2023-01-17,-0.16663584674250476
2023-01-18,0.3145238485551932
2023-01-19,-0.15713826776443282
2023-01-20,0.19407612024830714
2023-01-23,0.3134220854793
2023-01-24,0.07360383072193845
2023-01-25,0.25718761306091
2023-01-26,-0.32158800168902535
2023-01-27,-0.08286148796162027
2023-01-30,0.0920640830999451
2023-01-31,-0.08285385974550749
2023-02-01,0.5419071814872879
2023-02-02,0.009159606143348868
2023-02-03,-0.8554529471012361
2023-02-06,-0.9560568483207577
2023-02-07,-0.1586783363699877
2023-02-08,0.2705351712990902
2023-02-09,0.25122134636182825
2023-02-10,-0.849242190459332
2023-02-13,0.44885057589965394
2023-02-14,0.037313433268739676
2023-02-15,-0.3644012441595664
2023-02-16,0.009360228396405525
2023-02-17,-0.056174516971993785
2023-02-21,-0.1968596839175304
2023-02-22,-0.319549144094279
2023-02-23,-0.3772521686288918
2023-02-24,-0.35971261808494803
2023-02-27,0.48247574790853626
2023-02-28,0.056609115579091804
2023-03-01,0.676821534613859
2023-03-02,-0.7428686191490458
2023-03-03,0.19801053096440835
2023-03-06,0.7320539496633204
2023-03-07,-1.1379254776150336
2023-03-08,-0.22725130507176833
2023-03-09,0.2650763646244308
2023-03-10,0.7722773361083891
2023-03-13,0.6918501792387468
2023-03-14,-0.1025402094041204
2023-03-15,-1.7594658149193594
2023-03-16,0.8224274744055089
2023-03-17,0.2350840332261607
2023-03-20,0.7019543072877044
2023-03-21,0.4373930941397728
2023-03-22,0.21334825587108808
2023-03-23,0.9039818039414316
2023-03-24,-1.1823525877641103
2023-03-27,0.2505685501975072
2023-03-28,0.5084835067216159
2023-03-29,-0.16612832616330178
2023-03-30,0.6720393532388482
2023-03-31,-0.24803650583321768
2023-04-03,0.1746083244706798
2023-04-04,0.5494016200072798
2023-04-05,-0.30179729340560574
2023-04-06,0.0823987229042337
2023-04-07,-0.12820514576556116
2023-04-10,-0.6711743119452508
2023-04-11,0.6070100492369539
2023-04-12,0.7399659214874148
2023-04-13,0.607959769232731
2023-04-14,-0.6716917329686519
2023-04-17,-0.5937446079477566
2023-04-18,0.3931793114316914
2023-04-19,-0.045639177461460755
2023-04-20,0.15508829455293108
2023-04-21,0.02734357215232276
2023-04-24,0.49091007678794757
2023-04-25,-0.5364868516528195
2023-04-26,0.7629464801156721
2023-04-27,-0.31718727032422306
2023-04-28,0.2085506491021583
2023-05-01,-0.6360766561810458
2023-05-02,0.24582340416585707
2023-05-03,0.4717417802240691
2023-05-04,-0.362680604277184
2023-05-05,0.15430000792257959
2023-05-08,-0.054431644272336835
2023-05-09,-0.6098412383159052
2023-05-10,0.1186185640247194
2023-05-11,-0.45699741357647405
2023-05-12,-0.5511680313524034
2023-05-15,0.16566961911609182
2023-05-16,-0.07359705943974712
2023-05-17,-0.33185871164320985
2023-05-18,-0.4998621904836469
2023-05-19,0.39824085973737205
2023-05-22,-0.12023122835624134
2023-05-23,-0.32441980532409875
2023-05-24,-0.12076735175822399
2023-05-25,-0.3072199036970252
2023-05-26,-0.11195075336597204
2023-05-30,0.08397481249249647
2023-05-31,-0.636229691053873
2023-06-01,0.9156375285986461
2023-06-02,-0.260756340708083
2023-06-05,-0.027978549961008195
2023-06-06,-0.24280923397338805
2023-06-07,0.06542973547441644
2023-06-08,0.7261925591738303
2023-06-09,-0.2879838489924689
2023-06-12,-0.018608113191016625
2023-06-13,0.4178473046438426
2023-06-14,0.618911032930885
2023-06-15,0.6791509217584182
2023-06-16,-0.07319974706938384
2023-06-20,-0.22909517465558243
2023-06-21,0.46679870585240757
2023-06-22,0.018261504798747327
2023-06-23,-0.604397444256652
2023-06-26,0.21103829459364581
2023-06-27,0.46637183886069616
2023-06-28,-0.5213823839354877
2023-06-29,-0.21115454253564792
2023-06-30,0.3577821347883902
2023-07-03,-0.009157928482979015
2023-07-05,-0.4681699467827942
2023-07-06,0.045996045151115585
2023-07-07,0.8334526424927106
2023-07-10,0.24595776462238503
2023-07-11,0.009097939323016167
2023-07-12,1.184730112989891
2023-07-13,0.636288385927545
2023-07-14,0.3833984456597507
2023-07-17,-0.00889956837680276
2023-07-18,-0.11576652078783517
2023-07-19,-0.24979939834007614
2023-07-20,-0.5373949341387166
2023-07-21,-0.1348011886894527
2023-07-24,-0.33328860289204004
2023-07-25,-0.298197482975422
2023-07-26,0.25307316471501484
2023-07-27,-0.7247721525289056
2023-07-28,0.3721018950591632
2023-07-31,-0.17226533114461817
2023-08-01,-0.4456375889414702
2023-08-02,-0.29210426976999443
2023-08-03,0.07310609847665549
2023-08-04,0.8097210232619303
2023-08-07,-0.32673835566689674
2023-08-08,-0.446449650474859
2023-08-09,0.21891826676128967
2023-08-10,0.3728802465118773
2023-08-11,-0.5370240003097513
2023-08-14,-0.31994176932941576
2023-08-15,0.05491990984721703
2023-08-16,-0.21986084342027448
2023-08-17,-0.27550756705026375
2023-08-18,0.009195825101896534
2023-08-21,0.11946883744173167
2023-08-22,-0.386491693029598
2023-08-23,0.14741111937847753
2023-08-24,-0.33198112378673755
2023-08-25,-0.3608942981494165
2023-08-28,0.2129926257824849
2023-08-29,0.37856099869536175
2023-08-30,0.6888028335455416
2023-08-31,-0.7994529139912976
2023-09-01,-0.48090354403209645
2023-09-05,-0.5577777777999863
2023-09-06,-0.12126301565236308
2023-09-07,-0.09337940728958845
2023-09-08,0.046700603286519815
2023-09-11,0.3262949802198579
2023-09-12,-0.16767586602029833
2023-09-13,0.1025019891265071
2023-09-14,-0.7197301714299945
2023-09-15,0.12187691941292035
2023-09-18,0.2059154602541028
2023-09-19,-0.10290472866544245
2023-09-20,0.2897333677825883
2023-09-21,-0.4771046049132659
2023-09-22,-0.03751641387090614
2023-09-25,-0.6493834876166392
2023-09-26,-0.1701002111142669
2023-09-27,-0.5976396861529643
2023-09-28,0.6449187754928452
2023-09-29,0.056705416886637466
2023-10-02,-0.7968169649176845
2023-10-03,-0.448623861290775
2023-10-04,0.6199056616582455
2023-10-05,0.08553101020351746
2023-10-06,0.6533186140635541
2023-10-10,0.2074102751656415
2023-10-11,0.01883416523130755
2023-10-12,-0.6328836124839798
2023-10-13,-0.48444644732855097
2023-10-16,0.41809258926104703
2023-10-17,0.44467645060808864
2023-10-18,-0.5775163980296025
2023-10-19,0.36015582480834146
2023-10-20,0.2079199312506115
2023-10-23,0.5085235555913394
2023-10-24,-0.4802043030303119
2023-10-25,-0.11332516086749989
2023-10-26,-0.48306984775245776
2023-10-27,0.5680757560589472
2023-10-30,0.2640016619140454
2023-10-31,-0.4908448593768676
2023-11-01,-0.2842795432930073
2023-11-02,0.7562902374385805
2023-11-03,1.07724333379075
2023-11-06,0.13035383596288544
2023-11-07,-0.5598596316256589
2023-11-08,0.2616579382780696
2023-11-09,-0.04667444658829401
2023-11-13,-0.09341429917967964
2023-11-14,1.4934649830038578
2023-11-15,-0.07368518340211815
2023-11-16,-0.018429782580728117
2023-11-17,0.2577083800875211
2023-11-20,0.6048405535880657
2023-11-21,-0.20120731134201197
2023-11-22,-0.4771964639542898
2023-11-24,0.5778507250944085
2023-11-27,0.02743358802812758
2023-11-28,0.6379897688165985
2023-11-29,-0.34583216120575744
2023-11-30,-0.557664744585503
2023-12-01,-0.2754063982573029
2023-12-04,-0.4976510132282142
2023-12-05,-0.3424185475194912
2023-12-06,0.027807387675129015
2023-12-07,0.0370644926407738
2023-12-08,-0.44568318898211984
2023-12-11,0.009305355238654486
2023-12-12,0.39931334110269595
2023-12-13,0.027799657316594915
2023-12-14,1.8724732485588047
2023-12-15,-0.8309411824927534
2023-12-18,0.12828738128891232
2023-12-19,0.5206204388420227
2023-12-20,-0.18236532819232648
2023-12-21,0.300724699227373
2023-12-22,0.16365127754577885
2023-12-26,0.24497585177117626
2023-12-27,0.7133535149029759
2023-12-28,-0.36958621417582926
2023-12-29,-0.09939011434848039
2024-01-02,-0.9537290149230175
2024-01-03,-0.439038480763641
2024-01-04,0.4390384807636398
2024-01-05,0.0
2024-01-08,0.1732549560273197
2024-01-09,-0.3742416854798208
2024-01-10,0.22836273911385369
2024-01-11,-0.15522990835635386
2024-01-12,0.14610540449491477
2024-01-16,-0.7050988417521563
2024-01-17,-0.2207912580474188
2024-01-18,0.04603839683543998
2024-01-19,0.22068974474291195
2024-01-22,0.07345514975402187
2024-01-23,-0.6076247750340816
2024-01-24,0.6626807499979241
2024-01-25,-0.5888323205363303
2024-01-26,0.2672443188473162
2024-01-29,-0.5444575808302807
2024-01-30,0.34178593153904757
2024-01-31,0.10138716938359782
2024-02-01,0.09208103781379043
2024-02-02,-0.7204908315100991
2024-02-05,-0.47391251639659504
2024-02-06,0.13961932737649724
2024-02-07,0.1672862843652942
2024-02-08,0.046418791159802145
2024-02-09,0.07422527711351878
2024-02-12,-0.07422527711351468
2024-02-13,-0.5024668615685953
2024-02-14,0.13982756880883357
2024-02-15,0.2419055887511064
2024-02-16,0.07431491284885144
2024-02-20,0.41699546130690757
2024-02-21,0.036982248942221796
2024-02-22,-0.027735404421335146
2024-02-23,0.120131234703263
2024-02-26,0.24904315782002667
2024-02-27,0.018422991946015342
2024-02-28,-0.1290322759670294
2024-02-29,-0.3325638169016349
2024-03-01,0.23106438488905467
2024-03-04,0.27657434427345196
2024-03-05,-0.00920683147545656
2024-03-06,0.47763478330535836
2024-03-07,0.25624613637001503
2024-03-08,0.0
2024-03-11,-0.11888976662186625
2024-03-12,-0.09154994688683346
2024-03-13,0.23785575206286919
2024-03-14,-0.5130095531029734
2024-03-15,0.0
2024-03-18,-0.018370533715667776
2024-03-19,-0.24833307772448385
2024-03-20,-0.027630670219550353
2024-03-21,0.04604687653310709
2024-03-22,-0.405942064974643
2024-03-25,0.18472342927056273
2024-03-26,-0.07384842946159123
2024-03-27,-0.07390300567307073
2024-03-28,-0.18499681531745965
2024-03-29,-0.09262690547405766
2024-04-01,-0.5389345882209214
2024-04-02,0.33485288473566355
2024-04-03,0.5371377982017405
2024-04-04,0.3503599379631871
2024-04-05,-0.22113710292382727
2024-04-08,0.11062967847230427
2024-04-09,0.027638306869007336
2024-04-10,-1.102220208056935
2024-04-11,-0.13980150466524638
2024-04-12,-0.701954307287697
2024-04-15,-0.028180921702628148
2024-04-16,-0.1504325217875691
2024-04-17,0.1504325217875686
2024-04-18,0.15020656222558573
2024-04-19,-0.04691531871181997
2024-04-22,0.0
2024-04-23,0.3747076983788498
2024-04-24,-0.07482929916091947
2024-04-25,0.31763853313431517
2024-04-26,-0.32699613385231446
2024-04-29,0.28967921952806036
2024-04-30,-0.3083970483145696
2024-05-01,-0.03744617156656448
2024-05-02,0.24314984391406239
2024-05-03,0.5960159197107572
2024-05-06,0.08353056311942492
2024-05-07,-0.11138959659115724
2024-05-08,-0.11151381138866287
2024-05-09,0.14865746489397502
2024-05-10,0.01856665434224205
2024-05-13,0.21326912437026868
2024-05-14,0.20357182934772391
2024-05-15,0.3874901056554157
2024-05-16,0.13802624689582688
2024-05-17,-0.05518763936978047
2024-05-20,-0.07363092831507839
2024-05-21,-0.055258796764392125
2024-05-22,-0.1751879107406474
2024-05-23,-0.08309098940873923
2024-05-24,0.2306380467924029
2024-05-28,0.24849306422605322
2024-05-29,-0.6270191128311363
2024-05-30,0.24020706302238856
2024-05-31,0.08301434780106764
2024-06-03,0.40485885260001114
2024-06-04,-0.1102535944099955
2024-06-05,-0.11957872923761463
2024-06-06,0.1655325005531765
2024-06-07,-0.7007866392896134
2024-06-10,-0.5195298817937571
2024-06-11,-0.16756660037037185
2024-06-12,1.019660299065757
2024-06-13,-0.8055972083426821
2024-06-14,-0.531345925014858
2024-06-17,0.22406880815390348
2024-06-18,0.14910076380709347
2024-06-20,-0.289084921797351
2024-06-21,-0.1308289131566275
2024-06-24,0.30810910887524295
2024-06-25,-0.20530055736460015
2024-06-26,-0.21508401240675468
2024-06-27,0.2431043740527361
2024-06-28,0.02801251243864852
2024-07-01,0.15858951968849122
2024-07-02,0.08385744726211675
2024-07-03,0.5757816798624326
2024-07-05,0.268183450143208
2024-07-08,0.06462632362674697
2024-07-09,-0.20325210249223577
2024-07-10,0.0924385349609319
2024-07-11,0.43332018201085487
2024-07-12,0.29395575089711634
2024-07-15,0.09168424590171498
2024-07-16,-0.2477406414595493
2024-07-17,0.4400043765836945
2024-07-18,-0.1830999321395003
2024-07-19,-0.22934737817878145
2024-07-22,-0.07350239213683205
2024-07-23,-0.23004380975415337
2024-07-24,-0.018426386637728952
2024-07-25,0.07368518340211992
2024-07-26,-0.018416206313559218
2024-07-29,-0.3690381529327085
2024-07-30,-0.09247272713705838
2024-07-31,0.12943788789434948
2024-08-01,-0.31464027438064074
2024-08-02,1.1519272194837131
2024-08-05,0.39321526592161055
2024-08-06,-0.2833251449730192
2024-08-07,-0.009152899187199108
2024-08-08,-0.10073722176136912
2024-08-09,0.10073722176137664
2024-08-12,0.027456184678041347
2024-08-13,0.23763835330951966
2024-08-14,0.6370027909773287
2024-08-15,-0.3452979350874153
2024-08-16,0.09098353825704614
2024-08-19,0.670717641754631
2024-08-20,0.32467560988700944
2024-08-21,0.3325995245501468
2024-08-22,-0.26059232071874505
2024-08-23,0.5563047096931135
2024-08-26,-0.10743062805848634
2024-08-27,-0.035835872091086664
2024-08-28,-0.29613697776015235
2024-08-29,-0.36915361779504724
2024-08-30,-0.2348054903424151
2024-09-03,-0.1538253029194997
2024-09-04,0.3435186889194563
2024-09-05,0.1352753058341993
2024-09-06,-0.09016320149173966
2024-09-09,-0.39768671357600927
2024-09-10,-0.15407625289431764
2024-09-11,-0.117983405254891
2024-09-12,0.2630029176639165
2024-09-13,0.39772266112748456
2024-09-16,0.34221935416173643
2024-09-17,-0.04496200786146932
2024-09-18,-0.017990465102038673
2024-09-19,0.2784891527229237
2024-09-20,0.1075943796077727
2024-09-23,-0.2602181916110618
2024-09-24,0.1795332618674334
2024-09-25,-0.06279998412108678
2024-09-26,0.36726874265375214
2024-09-27,-0.22378382878904557
2024-09-30,-0.1255380365731804
2024-10-01,-0.7023259555183893
2024-10-02,-0.1537279318886478
2024-10-03,-0.31724477094554765
2024-10-04,-0.49144620207199496
2024-10-07,0.13675527499429277
2024-10-08,-0.05467966963904399
2024-10-09,-0.17334979935168135
2024-10-10,-0.23770353119681606
2024-10-11,0.15548546599804028
2024-10-15,-0.3937553734459584
2024-10-16,-0.2388389891562321
2024-10-17,-0.3316447074754118
2024-10-18,0.1567470700354654
2024-10-21,-0.3137402222877494
2024-10-22,-0.1387283459486239
2024-10-23,-0.24091931593578889
2024-10-24,0.25017386223826255
2024-10-25,0.06475785415260163
2024-10-28,0.05547337420363608
2024-10-29,-0.1942915909341126
2024-10-30,0.6093639020244951
2024-10-31,-0.08287674860852552
2024-11-01,-0.06450721322153767
2024-11-04,0.3313089722960194
2024-11-05,0.33021493957592535
2024-11-06,-1.736603775338144
2024-11-07,0.557518634207711
2024-11-08,-0.7627234445797312
2024-11-12,-1.0512580389086912
2024-11-13,-0.29293666116766753
2024-11-14,-0.047328317415223295
2024-11-15,-0.09472388697280613
2024-11-18,0.3216958020782466
2024-11-19,-0.07560007920075529
2024-11-20,-0.5403112817637451
2024-11-21,-0.43817940179492243
2024-11-22,-0.7281818130105793
2024-11-25,0.7568173307932298
2024-11-26,0.028627320201217984
2024-11-27,0.8928630744301398
2024-11-29,-0.2651265637864582
2024-12-02,-0.599117383331719
2024-12-03,0.32377897059925254
2024-12-04,0.08553101020351746
2024-12-05,0.41710175173381037
2024-12-06,-0.07570739455007248
2024-12-09,0.06624710411210125
2024-12-10,-0.550233813989159
2024-12-11,-0.038058991896116785
2024-12-12,0.057083057396277156
2024-12-13,-0.1522939567148063
2024-12-16,0.13326989121465976
2024-12-17,-0.057093921048480746
2024-12-18,-0.35280131945518856
2024-12-19,-1.0755889730475996
2024-12-20,0.7023649405939089
2024-12-23,-0.20154524793497153
2024-12-24,-0.2019522732829271
2024-12-26,0.3363608956683202
2024-12-27,0.0
2024-12-30,-0.35561573350580794
2024-12-31,-0.3375612020514108
2025-01-02,-0.8732832521540961
2025-01-03,0.30165935394255056
2025-01-06,1.0150408576335674
2025-01-07,-0.26967174196921967
2025-01-08,-0.5415350242209006
2025-01-09,-0.14555337099823443
2025-01-10,-0.5843413588558072
2025-01-13,-0.28366038485132317
2025-01-14,0.8097210232619303
2025-01-15,-0.09721007861847199
2025-01-16,0.2040321329618099
2025-01-17,-0.155415281403807
2025-01-21,1.3133940608292327
2025-01-22,-0.028786643196438196
2025-01-23,0.0
2025-01-24,0.907577282944233
2025-01-27,-0.21897471500360652
2025-01-28,-0.621446619717114
2025-01-29,-0.10555103412424936
2025-01-30,0.03839508590074945
2025-01-31,-0.19212301778939325
2025-02-03,-1.1897417504390877
2025-02-04,0.9876145340215917
2025-02-05,0.3846528446894787
2025-02-06,-0.4906922820127921
2025-02-07,-0.37686665854224755
2025-02-10,-0.1647207387610134
2025-02-11,0.32917059444371494
2025-02-12,0.4436307786974995
2025-02-13,0.3458216702956889
2025-02-14,0.6690266758852824
2025-02-18,-0.39131522136562685
2025-02-19,-0.48890477483400274
2025-02-20,0.6608902940089804
2025-02-21,-0.19111329276044808
2025-02-24,0.2197488105431075
2025-02-25,0.1906941844080023
2025-02-26,0.15229395671481338
2025-02-27,-0.9556647656548758
2025-02-28,-0.11529593898267024
2025-03-03,0.8996136850852571
2025-03-04,0.3613888859464186
2025-03-05,2.1970651841174376
2025-03-06,0.4632640546863434
2025-03-07,0.3782815785528102
2025-03-10,-0.2028024293905222
2025-03-11,0.8270585647750011
2025-03-12,-0.018304960695446255
2025-03-13,-0.605951174689039
2025-03-14,0.11964476140791284
2025-03-17,0.45884268811194817
2025-03-18,0.04576868586462589
2025-03-19,-0.45863224768951644
2025-03-20,-0.26697369136733284
2025-03-21,-0.387919577616572
2025-03-24,-0.11111112254230851
2025-03-25,0.09260117339180847
2025-03-26,-0.21311103733882664
2025-03-27,0.17608085731932538
2025-03-28,0.2404514244612148
2025-03-31,-0.27749532190280635
2025-04-01,0.03704389744159932
2025-04-02,0.6276557433927246
2025-04-03,1.6788715497068716
2025-04-04,-0.34442162208803545
2025-04-07,-0.9304089739183462
2025-04-08,0.0
2025-04-09,1.1661939747843175
2025-04-10,1.3674196514230685
2025-04-11,1.1813434005917718
2025-04-14,0.2909670086143015
2025-04-15,-0.6004963293670114
2025-04-16,0.8115782019361528
2025-04-17,-0.15826961889907099
2025-04-18,0.2285313467149142
2025-04-21,1.0306668230210676
2025-04-22,-0.36563112031104317
2025-04-23,-1.0168390558779397
2025-04-24,0.11447190084604146
2025-04-25,0.1582835363880551
2025-04-28,0.05270555287152383
2025-04-29,0.07900628071939089
2025-04-30,-0.4132782316659948
2025-05-01,-0.6187044661222213
2025-05-02,0.4511485382135364
2025-05-05,-0.1324795954414289
2025-05-06,0.26478391463044987
2025-05-07,0.026439871479981704
2025-05-08,-0.8762281135916069
2025-05-09,0.1865092240995991
2025-05-12,-1.4658825232269463
2025-05-13,0.6283119135245065
2025-05-14,0.2680727188432244
2025-05-15,-0.151819631750875
2025-05-16,-0.4299155748404618
2025-05-19,0.8490912164817698
2025-05-20,0.16007117690901013
2025-05-21,0.7877192565818453
2025-05-22,-0.5480918954122243
2025-05-23,0.6097849304628272
2025-05-27,-0.21167762357983483
2025-05-28,-0.35379481446649585
2025-05-29,0.7415288215496325
2025-05-30,-0.2024915953592333
2025-06-02,0.74630488187139
2025-06-03,-0.5174315425258867
2025-06-04,0.4474280394921107
2025-06-05,0.13995803544230417
2025-06-06,-0.3765823078053576
2025-06-09,0.24537739066703299
2025-06-10,-0.017507002845828172
2025-06-11,0.5848225108854134
2025-06-12,0.762965379614841
2025-06-13,-0.18154316635086495
2025-06-16,0.2074510208936404
2025-06-17,-0.3979932576523549
2025-06-18,-0.12144345698005324
2025-06-20,-0.008680178817130077
2025-06-23,0.15612805669524105
2025-06-24,0.6048579747189203
2025-06-25,0.10332358418783509
2025-06-26,0.8313027262253473
2025-06-27,0.05972441626275564
2025-06-30,0.39158984235393063
2025-07-01,0.050964071433495926
2025-07-02,0.11881525627592897
2025-07-03,-0.2717854569216388
2025-07-07,-0.21284755385763765
2025-07-08,-0.22184309439513034
2025-07-09,0.0
2025-07-10,-0.16242790491370374
2025-07-11,0.06842285590243226
2025-07-14,-0.20540917869381184
2025-07-15,-0.4551122019759807
2025-07-16,0.0860289110181464
2025-07-17,-0.27555343363400875
2025-07-18,0.4130459361738181
2025-07-21,0.5139197606569673
2025-07-22,0.3752029642561394
2025-07-23,-0.008511724906188085
2025-07-24,0.14460088429521833
2025-07-25,-0.2979359513941798
2025-07-28,-1.0369003309485405
2025-07-29,-0.6481464162677959
2025-07-30,-0.556426405194149
2025-07-31,-0.34059680976379403
2025-08-01,1.0789280682702735
2025-08-04,0.11244216900649104
2025-08-05,0.10368067284403085
2025-08-06,0.5769163975665834
2025-08-07,-0.0515286854411036
2025-08-08,0.16308316562423325
2025-08-11,-0.4555816535860579
2025-08-12,0.5670118284040613
2025-08-13,0.3591589289232652
2025-08-14,-0.6079046076382115
2025-08-15,0.5481342946262499
2025-08-18,-0.35080249879194975
2025-08-19,-0.06001629193737089
2025-08-20,-0.0943841504706313
2025-08-21,-0.37842996912395066
2025-08-22,0.9263296361337072
2025-08-25,-0.3677889789272973
2025-08-26,-0.1114588360769364
2025-08-27,-0.39539332928261695
2025-08-28,0.5239886575615367
2025-08-29,0.19685888156577022
2025-09-02,-0.35977424450160966
2025-09-03,0.19717954007420377
2025-09-04,-0.24009615375380394
2025-09-05,0.9484413386948446
2025-09-08,-0.06805614894746928
2025-09-09,-0.2385619262112844
2025-09-10,-0.07680164221005975
2025-09-11,0.15354434476139936
2025-09-12,-0.15354434476140771
2025-09-15,0.4939122703635859
2025-09-16,0.6435246594271294
2025-09-17,-0.025323935474884894
2025-09-18,-0.5502659387308275
2025-09-19,-0.22946510727235347
2025-09-22,0.17002469453425695
2025-09-23,0.2290757375559161
2025-09-24,-0.4927373829624875
2025-09-25,-0.5893674971467899
2025-09-26,0.16263645784732617
2025-09-29,0.3244815416384696
2025-09-30,0.04261666376027306
2025-10-01,-0.10231052132957194
2025-10-02,-0.23058210822684827
2025-10-03,0.43509858343263536
2025-10-06,-0.3410935344213549
2025-10-07,-0.28228067159361425
2025-10-08,-0.5841941013182705
2025-10-09,-0.4057851456286422
2025-10-10,0.46608059514905675
2025-10-14,-0.043064468173395674
2025-10-15,0.258109065259133
2025-10-16,0.2317299238915201
2025-10-17,0.07712413082060118
2025-10-20,-0.1543077888695576
2025-10-21,-0.34376108104634645
2025-10-22,-0.03444119200568052
2025-10-23,0.0
2025-10-24,0.12049231167753206
2025-10-27,0.0859771353796389
2025-10-28,0.19746733181989964
2025-10-29,0.04287613151480978
2025-10-30,-0.8610351112202658
2025-10-31,-0.1990911715832022
2025-11-03,-0.08668516492884942
2025-11-04,-0.3474940513482462
2025-11-05,-0.05222841344350275
2025-11-06,0.46907660714689203
2025-11-07,0.33741434442822094
2025-11-10,-0.28543028503541085
2025-11-12,0.4062762211922415
2025-11-13,0.49051343992587654
2025-11-14,-0.27507968863022914
2025-11-17,-0.1636873077088929
2025-11-18,-0.16395568241128655
2025-11-19,-0.3373851550182476
2025-11-20,-0.052006588673257345
2025-11-21,-0.24305567521191485
2025-11-24,0.10423906433787587
2025-11-25,0.30341144164009987
2025-11-26,0.3283791405726472
2025-11-28,0.07761632057108225
2025-12-01,0.19807955492520388
2025-12-02,-0.23256826021619603
2025-12-03,0.5503969862937308
2025-12-04,-0.008576697119197401
2025-12-05,-0.2060617196899284
2025-12-08,-0.07738274750961235
2025-12-09,0.11175586806803925
2025-12-10,0.09446520518703314
2025-12-11,0.905756854496138
2025-12-12,-0.21288380330876402
2025-12-15,0.21288380330875584
2025-12-16,0.11901727155144858
2025-12-17,-0.18709079358117311
2025-12-18,-0.16186057970056025
2025-12-19,-0.0682302798324943
2025-12-22,0.247113584912482
2025-12-23,0.22103213963523302
2025-12-24,0.03396162369202045
2025-12-26,-0.1189161781176309
2025-12-29,-0.08502678855933765
2025-12-30,0.07652736226549853
2025-12-31,-0.24679813386453414
2026-01-02,0.017040129546222593
2026-01-05,-0.1961370176383786
2026-01-06,-0.22218433341256888
2026-01-07,0.008554685834369288
2026-01-08,-0.2998502996256669
2026-01-09,-0.18034269991506827
2026-01-12,0.3260965731914794
2026-01-13,-0.22300378055563172
2026-01-14,0.07724990727920672
2026-01-15,-0.4299232761319947
2026-01-16,-0.05171522266613239
2026-01-20,1.1997744396645889
2026-01-21,-0.29005309535108864
2026-01-22,0.28153411932685696
2026-01-23,0.2807437294200792
2026-01-26,0.972235751412527
2026-01-27,0.7877355742834216
2026-01-28,-0.3260736136055723
2026-01-29,0.01674761350422593
2026-01-30,-0.48682318741325664
2026-02-02,-0.6584524887184431
2026-02-03,0.1015830105130828
2026-02-04,-0.13546695831715663
2026-02-05,-0.008472781195495103
2026-02-06,0.08469552466993566
2026-02-09,0.7254354884037686
2026-02-10,0.0
2026-02-11,-0.1177361165352803
2026-02-12,-0.1178748978784359
2026-02-13,0.0
2026-02-17,-0.3291003350050988
2026-02-18,-0.17765750622547935
2026-02-19,-0.407263417150683
2026-02-20,0.1614068226218089
2026-02-23,0.19503928167107712
2026-02-24,-0.12715637707024052
2026-02-25,0.12715637707024272
2026-02-26,-0.10171216337120938
2026-02-27,0.2540866955196821
2026-03-02,-1.1228426918200622
2026-03-03,-0.73839092248194
2026-03-04,0.29257399753205293
2026-03-05,-0.4564448350138536
2026-03-06,0.18110478840769714
2026-03-09,-0.12070007500353387
2026-03-10,0.4819286435948922
2026-03-11,-0.7064731718303671
2026-03-12,-0.381150842583531
2026-03-13,-0.6792676122327354
2026-03-16,0.37503859754032776
2026-03-17,0.3302627719445148
2026-03-18,-0.10417571911849467
2026-03-19,0.017370158112121337
2026-03-20,0.24286593601267026
2026-03-23,0.3804587382150101
2026-03-24,-0.07770343581124481
2026-03-25,-0.06912044512276255
2026-03-26,-0.24229849168106452
2026-03-27,-0.19079010210295344
2026-03-30,-0.5745641296079513
2026-03-31,0.5572015112815032
2026-04-01,0.8300237865377442
2026-04-02,-0.5872210311116272
2026-04-03,-0.19940186068643953
2026-04-06,0.19074047745812348
2026-04-07,0.22495250877417433
2026-04-08,0.988957623804485
2026-04-09,0.17099867367839716
2026-04-10,0.14511932206619657
2026-04-13,-0.11095464800651789
2026-04-14,0.6893350984910219
2026-04-15,0.06782535232459129
2026-04-16,-0.13569673865785947
2026-04-17,0.15264589124079184
2026-04-20,-0.13567372555171048
2026-04-21,-0.28040975165183224
2026-04-22,-0.32387312039857163
2026-04-23,-0.08540439497672693
2026-04-24,0.11954574047735095
2026-04-27,0.110878940098651
2026-04-28,-0.13648385638243893
2026-04-29,-0.17086719236165954
2026-04-30,0.2903007503225706
2026-05-01,0.2214274452664711
2026-05-04,-0.48607949711988463
2026-05-05,0.07690664767013455
2026-05-06,0.39215736531816436
2026-05-07,0.09354935410314848
2026-05-08,0.07647534043111583
2026-05-11,0.05944041273808063
2026-05-12,-0.3997793781953865
2026-05-13,-0.1876813381486514
2026-05-14,-0.2821841198654452
2026-05-15,-0.43767501748746207
2026-05-18,0.18903597311687712
2026-05-19,-0.40428423737674923
2026-05-20,0.15502543798926346
2026-05-21,-0.2671379071511157
2026-05-22,0.12073130131545319
2026-05-26,0.14640660583565604
2026-05-27,0.09461959331366653
2026-05-28,0.15463920607382836
2026-05-29,0.25720178787882614
2026-06-01,-0.47204310284464107
2026-06-02,0.15473225815618397
2026-06-03,-0.3183209123143283
2026-06-04,0.20659385845058603
2026-06-05,-0.8289487067104516
2026-06-08,0.10399515626571085
2026-06-09,0.09523397975301394
2026-06-10,-0.05193456361862487
2026-06-11,-0.3034903695154047
2026-06-12,0.5024265593292163
2026-06-15,0.2244088633798505
2026-06-16,0.1378478722633414
2026-06-17,-0.18958985341080203
2026-06-18,-1.0666536546985053
2026-06-22,-0.3318490513713063
2026-06-23,-0.42954262844865554
2026-06-24,-0.3079497396474688
2026-06-25,0.325518256909813
2026-06-26,0.15797791595184332
2026-06-29,0.1927458105046914
2026-06-30,-0.07004640860784223
2026-07-01,-0.28946119066387865
2026-07-02,0.5606181466598464
2026-07-06,-0.19235819518789618
2026-07-07,-0.026259355046067655
2026-07-08,-0.23664501161482931
2026-07-09,0.37661529078745176
2026-07-10,-0.008742405041189208
2026-07-13,-0.31523668837342095
2026-07-14,0.22777057591365094
2026-07-15,0.06997900915387319
2026-07-16,0.09614124762740026
2026-07-17,-0.06117009846875419
2026-07-20,-0.25381834991091606
2026-07-21,-0.026293878060247734
2026-07-22,0.05258084425761483
2026-07-23,-0.35985469122089087
2026-07-24,0.10545743133955955
2026-07-27,-0.07908264548179841
2026-07-28,0.2195197790697612
2026-07-29,-0.14922100640312658
2026-07-30,1.204939052264004
2026-07-31,-0.026040536582202192
2026-08-03,-0.08685079580151958
2026-08-04,0.1562771632521568
2026-08-05,0.17335533508432077
2026-08-06,-0.22542059138023932
2026-08-07,0.3292897256213693
2026-08-10,-0.06057721616597888
2026-08-11,-0.07793895176952174
2026-08-12,-0.02599315528217627
2026-08-13,-0.07802002909742552
2026-08-14,0.43267634132613514
2026-08-17,0.08631107043673927
2026-08-18,-0.09494627617588151
2026-08-19,0.7227703121453264
2026-08-20,0.12851820301257996
2026-08-21,0.04280272290663181
2026-08-24,-0.16274790521012508
2026-08-25,0.06855771971327634
2026-08-26,-0.1886469432722072
2026-08-27,0.025745548307844375
2026-08-28,-0.48167992666335957
2026-08-31,0.163687307708891
2026-09-01,-0.20680748430733448
2026-09-02,-0.008626266988310677
2026-09-03,0.26706886431898047
2026-09-04,-0.04302740912302623
2026-09-08,0.07743601161304535
2026-09-09,0.0
2026-09-10,0.017199862443492926
2026-09-11,-0.2152112051748573
