Date,conditional_volatility,residual,standardized_residual
2010-01-05,0.604753777356531,-0.11218809789300477,-0.18551037148274738
2010-01-06,0.5938113502756857,0.01966744788584353,0.03312070049976753
2010-01-07,0.5827102797429738,-0.6210051951318215,-1.065718619904456
2010-01-08,0.5842933161777811,0.3057363348055831,0.5232583128035605
2010-01-11,0.5764146183781956,1.2448517467218052,2.1596463847921297
2010-01-12,0.6147289817050848,-0.08369169492982886,-0.1361440527786598
2010-01-13,0.6034023149836557,-0.20790120739312817,-0.3445482429061605
2010-01-14,0.5934541191323245,-0.09087026429764027,-0.15312095976433623
2010-01-15,0.5826129300499386,-0.7012291870786981,-1.203593588317019
2010-01-19,0.587583482769261,-0.7412983013914969,-1.2616050708195254
2010-01-20,0.5941421044503727,-1.2282362524702706,-2.06724324579973
2010-01-21,0.6295229367962302,0.09088784000614593,0.14437574025291686
2010-01-22,0.6179257072998877,0.3454845386510279,0.5591036828046378
2010-01-25,0.6099843100339922,-0.050755652088998765,-0.083208127248667
2010-01-26,0.5986185591400919,-0.5826849206782746,-0.9733826520769657
2010-01-27,0.5981103842836955,-0.06535242505980396,-0.10926482264318291
2010-01-28,0.5870443705208208,-0.4220877026126879,-0.7190047700111922
2010-01-29,0.5818212315393589,-0.8771155727931321,-1.5075344886821944
2010-02-01,0.595604222672109,0.25061487152008644,0.4207741684498676
2010-02-02,0.5864586964872859,0.3719112984153921,0.6341645211214887
2010-02-03,0.5799709760329887,-0.3387741972906801,-0.5841226738756848
2010-02-04,0.5728989638309316,-1.06413405318897,-1.857455014533779
2010-02-05,0.5986753704794673,-1.0977485833213885,-1.833629104271023
2010-02-08,0.6246213260477688,0.6722796894596476,1.0762996097386435
2010-02-09,0.6265046120052615,0.7041184718901738,1.1238839401939797
2010-02-10,0.6296113695211977,-0.5248008881645484,-0.8335314665039248
2010-02-11,0.6260387351004202,-0.5935917334478246,-0.9481709360246041
2010-02-12,0.624890952046446,-0.10424973471034826,-0.16682868325896283
2010-02-16,0.6134699577793873,0.860831057848132,1.4032163220577776
2010-02-17,0.6245345878543745,-0.8639481306055656,-1.3833471314594608
2010-02-18,0.6351450548206377,-0.4356229284441221,-0.6858636860002637
2010-02-19,0.628847825094775,-0.17871363752572805,-0.284192185126495
2010-02-22,0.6179811530287469,0.3891496595541307,0.6297112098757298
2010-02-23,0.6110201900048261,-0.3849736440498437,-0.6300506110064923
2010-02-24,0.6041546400395872,0.2934665247180861,0.485747365440836
2010-02-25,0.5955370170148439,-0.7335387868713921,-1.2317266029041962
2010-02-26,0.6013491457192788,1.3619343117242444,2.2647979487776992
2010-03-01,0.6461603259162763,-1.0539870771695887,-1.6311541190261116
2010-03-02,0.6659146355263985,0.3602869930253608,0.5410408088426496
2010-03-03,0.6570260174167597,1.2294640595127309,1.8712562774098893
2010-03-04,0.687042636633297,-1.1663072721476306,-1.6975762637714389
2010-03-05,0.7107363227455533,0.2780506513231707,0.39121491673461867
2010-03-08,0.6993018176609296,0.04251779556801193,0.060800350426984784
2010-03-09,0.6860797898828886,-0.19275532423209857,-0.2809517596561199
2010-03-10,0.6741083748545103,0.534339428869202,0.7926610153516133
2010-03-11,0.6693695020705133,0.12286034716095863,0.18354637727133283
2010-03-12,0.6571372127373514,0.5818577159873256,0.885443260112384
2010-03-15,0.6544651559448955,-0.7313136569205351,-1.1174218371712825
2010-03-16,0.6574891079936023,0.7792256578266598,1.1851537133513124
2010-03-17,0.6624272195830988,-0.13241546431064358,-0.1998943588006238
2010-03-18,0.6504111615268363,-0.9890332771613272,-1.5206277746519254
2010-03-19,0.6661676593464153,-0.5323099949691596,-0.7990630999580722
2010-03-22,0.6616238786206788,0.01317216177151953,0.019908836723033955
2010-03-23,0.649125220687493,0.035338830366209634,0.05444069840451128
2010-03-24,0.6369135402139201,-1.3929468055345275,-2.187026523359322
2010-03-25,0.6804706156910872,-0.016698035671871468,-0.024538951847190214
2010-03-26,0.6675904271086717,0.4096410988589696,0.6136114033766507
2010-03-29,0.6597356634096418,0.5046098696391229,0.7648667453131172
2010-03-30,0.6545810649597339,-0.4109788447152507,-0.6278501880290897
2010-03-31,0.6471175544694237,0.8745450374147958,1.3514469378470835
2010-04-01,0.6570369932217038,0.3231834529972433,0.49188014728447965
2010-04-02,0.6476479307491004,-0.6003706110190405,-0.9270015119551502
2010-04-05,0.6459436287732006,-0.001633370342559469,-0.002528657718416737
2010-04-06,0.6337604375441612,-0.798272909726904,-1.259581479746879
2010-04-07,0.6406917594683645,-0.09892276828014716,-0.1543999385324257
2010-04-08,0.6289067835287832,-0.024154186710564768,-0.03840662454781632
2010-04-09,0.6170899708779116,0.8109147709233215,1.314094879503004
2010-04-12,0.6254644114175457,0.8854766462263228,1.4157106784373041
2010-04-13,0.6371294725056869,0.04257456463490873,0.06682246932867907
2010-04-14,0.6251807437280229,0.5487426507860462,0.8777344092747199
2010-04-15,0.6225287655262016,-0.9204914355552808,-1.4786327741453391
2010-04-16,0.6362204262994386,-0.386419443050367,-0.6073672379523662
2010-04-19,0.6286905290459207,-0.20947192496894645,-0.3331876579830682
2010-04-20,0.6181883781064583,-0.08342462003765816,-0.13495015919450298
2010-04-21,0.606788107835249,-0.4638604713702705,-0.7644521462774198
2010-04-22,0.6021232250074577,-0.6313782315069341,-1.0485864110275998
2010-04-23,0.6033158300779771,0.4709334647141145,0.7805753491554291
2010-04-26,0.5989668173329029,-0.17402081411021636,-0.29053498303144965
2010-04-27,0.5887093063350859,-0.7922352802723726,-1.3457155709059612
2010-04-28,0.597659762204031,-0.7529475293254697,-1.2598263710255033
2010-04-29,0.6042626849924613,0.8627237149027367,1.4277295890172335
2010-04-30,0.6159462839083192,0.4503103436306828,0.7310870369626411
2010-05-03,0.6106156798305042,-0.8928464567491718,-1.4622068941908104
2010-05-04,0.6235255097128405,-1.1078837576286316,-1.776805824895373
2010-05-05,0.6482105525247194,-1.1281837210641052,-1.740458739324646
2010-05-06,0.672342439650291,-1.5658526017413752,-2.328951006805149
2010-05-07,0.7257696956758322,0.2576509278201124,0.35500370069900683
2010-05-10,0.71370124556737,1.1003119628780738,1.541698252191448
2010-05-11,0.7317399942430757,-1.135926289096192,-1.5523632684191515
2010-05-12,0.7506524737520174,-0.5699980305071276,-0.7593367775877469
2010-05-13,0.7445395897515092,-0.5812888577882278,-0.7807359954925076
2010-05-14,0.7389458074114127,-1.420639079336402,-1.9225213338891745
2010-05-17,0.7751579736724034,-0.7313922861872882,-0.9435396538878779
2010-05-18,0.7733853358789616,0.4843482897419212,0.6262703302894327
2010-05-19,0.764369705579417,-0.326539016053582,-0.42720036347601564
2010-05-20,0.752432054750783,0.43515789639541863,0.578335138233245
2010-05-21,0.7428621107342495,1.6494344100311173,2.2203776262068424
2010-05-24,0.7954250830018988,-1.3472674915972456,-1.69377043845879
2010-05-25,0.8225363508921321,-1.0231925853645287,-1.2439481662479266
2010-05-26,0.8306688448818852,-0.443143923530626,-0.5334784448231445
2010-05-27,0.8192323820673441,1.1930768499136726,1.4563350717447556
2010-05-28,0.8359845020600921,-0.0023029492619076686,-0.0027547750660838546
2010-06-01,0.8199491089370105,-0.8304320670176089,-1.01278488867948
2010-06-02,0.8201047770685972,-0.4845758562584009,-0.5908706665390742
2010-06-03,0.8098260873511314,-0.10078030252705837,-0.12444684618237196
2010-06-04,0.7945564956851667,-1.6064232828321652,-2.021786105274874
2010-06-07,0.8389571677838786,-0.319802172532615,-0.38119010697218136
2010-06-08,0.8251813010058081,0.3063577823892379,0.37126117862319513
2010-06-09,0.8115275546001054,0.4217554294081496,0.5197056181486986
2010-06-10,0.8001500633098015,0.5522308990983751,0.6901591644123419
2010-06-11,0.7920649641301679,-0.2753498726770531,-0.34763546570884823
2010-06-14,0.7787363621513581,1.648259042436944,2.116581583378769
2010-06-15,0.8276578670703516,0.4122199889584219,0.49805602696383583
2010-06-16,0.8156924832984064,-0.02667290944914617,-0.0326997122019431
2010-06-17,0.800082327534443,0.34602805362982003,0.43249055968546407
2010-06-18,0.7876164966281941,-0.03466344249300247,-0.04401055925237413
2010-06-21,0.7725851581006666,0.20784254306828584,0.26902217948277524
2010-06-22,0.7588929468879576,-0.6585113344386244,-0.8677262545910135
2010-06-23,0.7552209178047395,0.06266196372352513,0.08297170039419674
2010-06-24,0.7409144062291808,-0.17309492721411415,-0.23362337910942463
2010-06-25,0.7275685461572121,0.3632148137492431,0.49921731178131507
2010-06-28,0.7171692443482708,-0.12404654427452746,-0.1729669046073707
2010-06-29,0.7039435730079191,-1.047160570198401,-1.4875632228928963
2010-06-30,0.7196407356216985,0.8555291910383341,1.1888281870247956
2010-07-01,0.7250732138427777,1.4035016414453467,1.935668860261713
2010-07-02,0.7612764076770773,0.908307445553088,1.193137520607862
2010-07-06,0.767117608650046,0.5529025090307592,0.7207532493012941
2010-07-07,0.760025792633138,-0.40626350509656317,-0.5345391025336759
2010-07-08,0.7496489419445849,0.7099818537646293,0.9470857811430249
2010-07-09,0.7480569353723283,-0.341742790139853,-0.456840614638187
2010-07-12,0.7367647378228932,-0.5177799535040156,-0.7027751559256652
2010-07-13,0.7296323744986256,1.1603095377208057,1.5902659726661996
2010-07-14,0.7500744670363796,0.28842276433321473,0.38452550647777994
2010-07-15,0.7378829761658879,1.081899135383038,1.4662204852654166
2010-07-16,0.7534434525544947,0.20723820683685754,0.2750547584350645
2010-07-19,0.7401590465174267,0.345786415864643,0.4671785307382602
2010-07-20,0.7291295896799115,-0.4426497928423903,-0.6070934427948727
2010-07-21,0.7203539287944831,-0.6706585569637252,-0.9310125622360061
2010-07-22,0.7184514838011361,0.6667223906578591,0.9279991839259736
2010-07-23,0.7164810416108086,-0.21922543203799616,-0.30597520284015983
2010-07-26,0.7041374078443576,0.8488850266596961,1.205567290137969
2010-07-27,0.7099956606682728,0.005781451890478431,0.00814293975407783
2010-07-28,0.6965079404940646,0.12125046129455613,0.17408338691522698
2010-07-29,0.6836954641215832,0.5122670714911566,0.7492620594599394
2010-07-30,0.6780138347839365,0.044047246563971236,0.0649651147280908
2010-08-02,0.6652304050167825,0.8059991122507075,1.2116089495794673
2010-08-03,0.6709971099703851,0.4979643255923595,0.7421258872699728
2010-08-04,0.6653044178032208,-0.6079265772808868,-0.9137570125991485
2010-08-05,0.6632225405900226,-0.0018187761200203689,-0.0027423315836074135
2010-08-06,0.650686350408959,0.9513613253725436,1.462088953878638
2010-08-09,0.6643728651907945,-0.3033844241997346,-0.4566478254836743
2010-08-10,0.6544467306332675,-1.1029783879039707,-1.6853600702331983
2010-08-11,0.6765720893518884,-1.5022874457771476,-2.2204395797885192
2010-08-12,0.7245243929961478,-0.2503801475285677,-0.34557863054570603
2010-08-13,0.7123872935825315,-0.766664163169002,-1.076190114668549
2010-08-16,0.7143950781281196,0.560362057027752,0.7843867828653442
2010-08-17,0.7091410410446055,0.4100108580414182,0.5781795641632145
2010-08-18,0.7001712326255558,-0.13395927421092185,-0.1913235905288355
2010-08-19,0.6873703463351587,-0.2664969068387698,-0.3877049806696594
2010-08-20,0.6763071834999193,-1.169596442542362,-1.7293863958233435
2010-08-23,0.7009756401654375,-0.18356771710850406,-0.261874602468611
2010-08-24,0.688585481935859,0.10050085276803804,0.14595261649358965
2010-08-25,0.6758116000147278,-0.17584295149396467,-0.26019522525232264
2010-08-26,0.6638895218363966,0.5182190114112182,0.7805801934902713
2010-08-27,0.6589998261746386,0.3825184173742186,0.5804529867551879
2010-08-30,0.650765321066028,-0.6150212962837032,-0.9450738636106607
2010-08-31,0.6494603968747485,0.14756958119792532,0.227218752533705
2010-09-01,0.6378435782739276,0.8601190541564188,1.3484796013530342
2010-09-02,0.6475410967083468,0.09159492987172814,0.14145037332353685
2010-09-03,0.6355718944693168,0.4803243315981356,0.7557356386867795
2010-09-07,0.6304769700716065,-1.2594650424860245,-1.997638458297661
2010-09-08,0.6648060623396321,0.037215636825135436,0.05597968931595412
2010-09-09,0.6522771424108694,-0.14361900837355526,-0.22018096148935667
2010-09-10,0.6405664421461144,0.18660621911432973,0.2913143849514435
2010-09-13,0.6295277518106551,1.246966739049244,1.9807970902993612
2010-09-14,0.6630586547870837,0.9631698640601098,1.4526163818333622
2010-09-15,0.6766517873796388,-0.040333374843276364,-0.05960728338495783
2010-09-16,0.6638874031893173,0.5501152220465353,0.8286272934292471
2010-09-17,0.6599634067673267,-0.24685026142063518,-0.37403628578404413
2010-09-20,0.6492500009109498,0.22017663355382153,0.3391245795069635
2010-09-21,0.6384197750754077,0.4788842038439522,0.750108662889379
2010-09-22,0.6331954851815531,1.8835938781148234,2.9747430646552218
2010-09-23,0.7201312192852609,-0.3010016837020123,-0.4179817172775264
2010-09-24,0.7088295474687853,0.9901294446820108,1.3968512574253447
2010-09-27,0.7212309873691758,-0.0016394230340738688,-0.002273090123393019
2010-09-28,0.7075143183351487,0.8040708564197643,1.1364729102752615
2010-09-29,0.7112711213882733,0.4098817777012032,0.5762665815831067
2010-09-30,0.702241849743023,-0.265888012893985,-0.3786274101882187
2010-10-01,0.6908259341699027,1.1244185965932778,1.6276438694276594
2010-10-04,0.7117370428656767,-0.4752339788847214,-0.6677100533805016
2010-10-05,0.7042320830011437,1.0667608107405373,1.5147858731377974
2010-10-06,0.7209867378046654,0.6542454289704288,0.9074306012376075
2010-10-07,0.7184958893742361,-0.01576640238576577,-0.021943622251614125
2010-10-08,0.7048412529491808,0.020147203962324632,0.02858403062820906
2010-10-12,0.6914683395432897,-0.5487952152409972,-0.7936664397439698
2010-10-13,0.6866034590589613,0.8544021505860776,1.2443895225303647
2010-10-14,0.6935482140485182,0.7335763161941626,1.0577149523779816
2010-10-15,0.6950176057537147,-0.478826109957396,-0.688940979326892
2010-10-18,0.6880888983707121,-0.13719826935058016,-0.19939032540045976
2010-10-19,0.6755666721460075,-1.0803648129551457,-1.5991979141351882
2010-10-20,0.6949106173777526,0.8842433222522107,1.2724561981638813
2010-10-21,0.7028357204498045,0.17768895071174493,0.2528171883438517
2010-10-22,0.6903478433407451,-0.4892513056369799,-0.7087025915361526
2010-10-25,0.6838318876408224,0.5938075277543612,0.868353082806595
2010-10-26,0.6806269397530468,-0.8054509664181919,-1.183395659758098
2010-10-27,0.6856522645496517,-0.6088041925064755,-0.8879197575557469
2010-10-28,0.6828785066244895,1.0232163570180195,1.4983871173158474
2010-10-29,0.6985367490573591,-0.24580909163004674,-0.35189142441217874
2010-11-01,0.6869268215529145,-0.03741198337900017,-0.05446283680468909
2010-11-02,0.673946154370354,0.9945406715629072,1.4756975243698427
2010-11-03,0.6885805039796333,-0.07981056474718326,-0.1159059315300392
2010-11-04,0.675703551995134,1.4931663342111448,2.2097950052242696
2010-11-05,0.7230391556510872,-1.3461165483645372,-1.861747787576424
2010-11-08,0.7555219200526748,-0.7524482179138938,-0.995931683704734
2010-11-09,0.7552523660694898,-0.44039084843087417,-0.5831042287530608
2010-11-10,0.7457224560436404,-0.9872321803230114,-1.3238600665999491
2010-11-12,0.7559985197713006,-0.19838953926224237,-0.2624205392918729
2010-11-15,0.7425684190825587,-0.6165892189451625,-0.8303466766159499
2010-11-16,0.7381084948682104,-0.7166159105127491,-0.9708815377347759
2010-11-17,0.737185100697225,0.2865144967842988,0.38866018387147977
2010-11-18,0.7252631672450982,0.4694778629050786,0.6473207024815331
2010-11-19,0.7172307893329457,0.2697886454218486,0.37615318448997875
2010-11-22,0.7055258617166702,-0.30229478385244807,-0.42846733231991097
2010-11-23,0.6945910968577031,-1.653515877067431,-2.3805601375368295
2010-11-24,0.7526743088165594,-0.2784583983916838,-0.36995868615405236
2010-11-26,0.7402803444292896,-0.798945938252638,-1.0792478069488336
2010-11-29,0.7424226625911295,-1.140993978698851,-1.5368523028602974
2010-11-30,0.7609503190022171,-0.422878114471408,-0.555723683808819
2010-12-01,0.7508927173255628,0.8688763648371433,1.1571245063233535
2010-12-02,0.755486301555934,0.6047899533669346,0.8005306676260864
2010-12-03,0.7502425640600445,1.051100238869436,1.4010138710089404
2010-12-06,0.7634777584562571,-0.6848601342428765,-0.8970269620265763
2010-12-07,0.7605193632081063,0.3667112368977254,0.4821852731675677
2010-12-08,0.7493678091716296,-0.6040453956515808,-0.80607331707951
2010-12-09,0.7442991601721595,-0.2664510211370004,-0.3579891465622092
2010-12-10,0.7319297088050176,0.2780139249179449,0.37983691818145127
2010-12-13,0.7200049086439062,1.109769233149294,1.5413356490020182
2010-12-14,0.7381804884707357,0.050584320023421434,0.06852568011952648
2010-12-15,0.7241860572593851,-0.6608627157971472,-0.9125592921494798
2010-12-16,0.7218068986609472,-0.7485975028411348,-1.0371160267793063
2010-12-17,0.7227176385259156,-0.3811542761218848,-0.5273903054300745
2010-12-20,0.7127899309536889,-0.23014848744959546,-0.32288403280566064
2010-12-21,0.7006587728757112,0.059104629691758934,0.08435579768619184
2010-12-22,0.6874548822986003,-0.3145849548380885,-0.45760814700483365
2010-12-23,0.6771613666385929,0.09741948808561393,0.14386450982754836
2010-12-27,0.664607722126693,0.3486781188755604,0.5246374775180426
2010-12-28,0.6555184056557979,-0.17695043997938736,-0.2699396972726669
2010-12-29,0.6440486305289214,0.4695724372051903,0.7290946909079778
2010-12-30,0.6383919223371298,0.6560181297371365,1.0276103233503922
2011-01-03,0.639074415938623,0.7715509597133909,1.2072943940029215
2011-01-04,0.6445297218720558,-0.4815306793927819,-0.7471039163161656
2011-01-05,0.6391910043838275,-1.0139803783881531,-1.5863495753755454
2011-01-06,0.6570698105912396,-1.093550178257767,-1.6642830953894792
2011-01-07,0.6784408958165917,-0.6333951880386386,-0.9336040795068304
2011-01-10,0.6767648996228731,0.013506740626977431,0.019957803122626565
2011-01-11,0.663957550123175,0.2603817514380654,0.39216626332475674
2011-01-12,0.6533484442940046,0.6815634738486569,1.0431852708934524
2011-01-13,0.6544166155465337,2.2608902594856377,3.4548179336758786
2011-01-14,0.7767208807761151,-0.2639624551118431,-0.33984209983911656
2011-01-18,0.7635877305532097,0.5370806400888974,0.7033646804405688
2011-01-19,0.7561757422100546,0.719698368240171,0.9517607191903933
2011-01-20,0.7546880357777949,-0.38029074789473977,-0.5039045670080159
2011-01-21,0.7439351640798906,1.0271047168720322,1.3806374082913122
2011-01-24,0.7562915431044884,0.5345335099587981,0.7067823444972035
2011-01-25,0.7490274212783575,-0.06015986273104226,-0.08031730350855251
2011-01-26,0.7348392856400543,0.3277486552397849,0.4460140627270788
2011-01-27,0.7236260598798263,0.005781451890478431,0.007989557329428637
2011-01-28,0.7098615992588034,-0.5877355862266209,-0.8279579946855845
2011-01-31,0.7055849820877841,0.7963572699749888,1.1286482708555032
2011-02-01,0.7091015290568411,0.5728907222721107,0.8079107134828758
2011-02-02,0.7043931200331369,-0.09577085627119837,-0.1359622255633232
2011-02-03,0.6912663526414364,-0.9055360496772746,-1.3099669124890576
2011-02-04,0.7003909500054346,-0.5082074908192198,-0.7256054505205648
2011-02-07,0.6940867392281993,-0.19317959528345197,-0.27832197961059024
2011-02-08,0.6819449906003219,0.9601272650781736,1.407924800844956
2011-02-09,0.6942998575054059,0.013087387966786431,0.018849763290761632
2011-02-10,0.6811350226578607,-0.3675035195290754,-0.5395457689064906
2011-02-11,0.6720000103168405,-0.8558801741973955,-1.273631192049919
2011-02-14,0.679732024337113,-0.3350353557445312,-0.49289329286973604
2011-02-15,0.6699973738237136,0.15410541856702603,0.23000898897190825
2011-02-16,0.6579977052129952,0.3977792912270575,0.604529906526491
2011-02-17,0.6501324220359092,0.4844450558964793,0.7451482797603373
2011-02-18,0.6447027289669284,0.4529143207190075,0.702516524855971
2011-02-22,0.638576576347459,-0.08202129026896747,-0.12844393813834235
2011-02-23,0.6267446698008503,0.7133229717376846,1.1381396701217175
2011-02-24,0.6302279441069797,0.2671056424182016,0.42382386391432536
2011-02-25,0.6205188348955069,-0.2628115011336218,-0.4235350908854818
2011-02-28,0.610972704710477,0.26712461334291493,0.43721202483095845
2011-03-01,0.6017264472584245,0.15067751433448504,0.25040866164516995
2011-03-02,0.591168198567171,0.4103770475280032,0.6941798434398945
2011-03-03,0.5855093387393479,0.5666112221264026,0.9677236290481129
2011-03-04,0.5849160831556361,0.2635689201060995,0.4506098014678258
2011-03-07,0.5762433084745096,-0.04429187080534856,-0.07686314123560506
2011-03-08,0.5655570040449384,-0.4531981260868667,-0.8013305870947294
2011-03-09,0.5618998354089594,-0.037356085625103064,-0.06648175221107643
2011-03-10,0.5514926168379682,-0.5928715675701062,-1.075030833539328
2011-03-11,0.5532570491895253,0.3019495449989577,0.5457671898465427
2011-03-14,0.5461106115286,0.8032281146762495,1.4708157976054714
2011-03-15,0.5580256782587706,-0.044320542501158265,-0.07942384056492417
2011-03-16,0.5477184433603698,-0.3240861831866866,-0.5917021548486637
2011-03-17,0.5411970750307661,0.714369751142434,1.319980805701552
2011-03-18,0.5488331660063731,0.8579988105549681,1.5633144345088739
2011-03-21,0.5636119312162075,0.3094003965172279,0.5489599836000254
2011-03-22,0.5563469344783512,0.20299239057786694,0.3648665571747945
2011-03-23,0.5474160010642789,-0.6153385573735851,-1.1240785000388225
2011-03-24,0.5502749266433885,0.5424301059979826,0.9857438159262345
2011-03-25,0.5501486785473519,-0.38936441930224797,-0.707743987189701
2011-03-28,0.5451598054235732,-0.2774246280813723,-0.5088867985522547
2011-03-29,0.5377339347293653,-0.09353046660755637,-0.17393446938517854
2011-03-30,0.5280906125509044,0.041261317439171136,0.07813302576968989
2011-03-31,0.5183998096210717,0.628175426529928,1.2117585980386405
2011-04-01,0.5231415214681403,0.23114953093975243,0.44184894804575287
2011-04-04,0.5154334403312237,0.047981480650079934,0.0930895764528713
2011-04-05,0.5060304921411878,0.06904812301065753,0.1364505184628131
2011-04-06,0.49691862087885164,0.726997335822238,1.463010853842564
2011-04-07,0.507662562322926,-0.3156723539152715,-0.621815310687557
2011-04-08,0.5020602127649383,1.0502137283561244,2.091808316322067
2011-04-11,0.5330361766258648,0.12346517320165794,0.231626254681617
2011-04-12,0.5237251865710126,0.012699712642475531,0.024248810193041117
2011-04-13,0.5140699074055047,0.15786222225019095,0.307083180664896
2011-04-14,0.5055325209806575,-0.08405650031810516,-0.16627318091237359
2011-04-15,0.4965177543913172,-0.13951210118862156,-0.28098109272980565
2011-04-18,0.4881717543687875,-1.6135740990400411,-3.3053409678042796
2011-04-19,0.5718390001539908,0.7628828601049495,1.3340867969822143
2011-04-20,0.5802365214047799,1.35152873152615,2.3292720841735974
2011-04-21,0.6264922510383444,0.5006618350363619,0.7991508820844441
2011-04-22,0.6222811821222136,-0.2688496853615026,-0.43203891277030704
2011-04-25,0.6127908457274532,0.21868630893423233,0.3568694122292681
2011-04-26,0.6027715533434475,0.3413867119222438,0.5663616838396625
2011-04-27,0.5951446125157521,0.23799027088786923,0.39988645764909814
2011-04-28,0.5858133422463379,0.8616486515451197,1.4708587008979246
2011-04-29,0.5985140696405752,0.24897551892423164,0.41598941704703546
2011-05-02,0.589272971190722,0.3358481016190699,0.5699363759047597
2011-05-03,0.5818869013800463,0.03940054785344913,0.06771169407663905
2011-05-04,0.571070061418791,-0.10183946385783817,-0.17833094525183796
2011-05-05,0.5607715653333276,-1.8691461023877507,-3.3331684734705007
2011-05-06,0.658374320733568,-0.5994889838904525,-0.910559487226803
2011-05-09,0.6562524052210801,-1.341648296391579,-2.044408958683513
2011-05-10,0.6941411574909446,0.4035627782397838,0.5813843105032257
2011-05-11,0.6854297754651466,-0.6160111686948226,-0.8987225106711842
2011-05-12,0.6829054166197005,-0.274940186597905,-0.40260361084676377
2011-05-13,0.6720730969915728,-0.6145941719010213,-0.9144751882676948
2011-05-16,0.6699766479610321,0.555853360750278,0.8296607985396652
2011-05-17,0.6660292417345015,-0.44533653314696847,-0.6686441153652717
2011-05-18,0.6590833382463758,0.8149327443786984,1.2364638841379172
2011-05-19,0.6655483485318163,-0.10640478901612667,-0.1598753708139357
2011-05-20,0.6532885598206548,-0.5711567557548666,-0.874279439259834
2011-05-23,0.6503971279893791,-1.108218786756917,-1.7039109477356336
2011-05-24,0.6731303630979519,0.6600757994518482,0.9806061880999951
2011-05-25,0.6726086866571298,-0.02966822766118127,-0.04410919491485099
2011-05-26,0.6599058536890529,-0.09354455840388766,-0.1417544000874491
2011-05-27,0.647689810805183,1.4084476208020813,2.1745712180513594
2011-05-31,0.6913520458866123,0.6267931117141694,0.9066193055237866
2011-06-01,0.6889825293215819,0.3876335491587647,0.5626173852919819
2011-06-02,0.6800629661154226,-0.02887218535549577,-0.0424551648804171
2011-06-03,0.6672066265691909,1.2321144230814172,1.846675938182763
2011-06-06,0.6965831880442901,0.11528050471468973,0.1654942391566303
2011-06-07,0.683730542957489,0.3812725911432543,0.5576357456463078
2011-06-08,0.674814048619847,-0.5956830091179068,-0.8827365262122482
2011-06-09,0.6719831044442253,-0.358217439072731,-0.5330750679646934
2011-06-10,0.6628955845271137,-1.1638225244286404,-1.7556649215862108
2011-06-13,0.688187169789469,0.02666336474957823,0.03874435025828092
2011-06-14,0.6751617103131927,0.7339147614528496,1.087020709619926
2011-06-15,0.6774081954338171,-1.7507284746003535,-2.5844512753188265
2011-06-16,0.745808654939694,-0.45940123077915107,-0.6159773391424349
2011-06-17,0.7369650869204845,1.2065964147301345,1.6372504425848349
2011-06-20,0.7596328426022851,-0.03610921408552697,-0.04753508808522169
2011-06-21,0.7451707124020412,0.5559412712538765,0.7460589392487155
2011-06-22,0.7388281833575464,0.033557300968434935,0.04541962762700311
2011-06-23,0.7247836290380751,-1.6533976366577208,-2.2812292805952197
2011-06-24,0.779544956341622,0.16801037126501445,0.21552364606844665
2011-06-27,0.7653371474776073,0.6590801120646614,0.861163102087561
2011-06-28,0.7614635485203848,0.6061322951830393,0.7960096006707442
2011-06-29,0.756068045115831,0.4225066000353482,0.5588208664084188
2011-06-30,0.7461299782088084,0.6620651103279042,0.887332140061288
2011-07-01,0.7430162891529439,-0.09755636861061667,-0.13129775219576037
2011-07-05,0.729101829942354,-0.2564866258358623,-0.3517843671523102
2011-07-06,0.7169422654867931,-0.9734270390021932,-1.3577481561102425
2011-07-07,0.7280556038756486,0.14526121507085804,0.1995193970042823
2011-07-08,0.7147523292523623,-0.6795359156289633,-0.9507292076120469
2011-07-11,0.7133684670388357,-1.5286308342073407,-2.1428348810434903
2011-07-12,0.7596537296175109,-0.13683123628500016,-0.18012316789900487
2011-07-13,0.7456278862716194,1.0916300967776484,1.4640414030598454
2011-07-14,0.7612555235350055,0.11160530034956244,0.14660688415278264
2011-07-15,0.7470395279107417,-0.17771778796831897,-0.23789609696470196
2011-07-18,0.7336046149321265,-0.8027909369255161,-1.0943100964540562
2011-07-19,0.7361829596719018,0.81435384070648,1.1061840402682195
2011-07-20,0.739125394892421,0.23157889470633913,0.31331475864125224
2011-07-21,0.7264267587900092,1.2943146858801582,1.7817552426566248
2011-07-22,0.7552616329227452,-0.035975107975760666,-0.047632643321947374
2011-07-25,0.7408878973890185,-0.05688609881483227,-0.0767809799772759
2011-07-26,0.7268557784325431,0.9623948746966792,1.3240520379050624
2011-07-27,0.7369007336228044,-0.839450128561929,-1.139163106046813
2011-07-28,0.7408601854034611,-0.4824326577427041,-0.6511790851332883
2011-07-29,0.7327059005121034,0.5983034879519412,0.8165670394271077
2011-08-01,0.7280043159450115,-1.2953911554571005,-1.7793729062932446
2011-08-02,0.7567889157467879,0.21679651225370744,0.28646893174931864
2011-08-03,0.7435338969288475,0.6222025687870213,0.8368180272036245
2011-08-04,0.739217832697143,-1.1319511661597237,-1.5312822771464216
2011-08-05,0.7574388383269098,0.005781451890478431,0.00763289601474484
2011-08-08,0.7429892392047973,0.5903107404197873,0.7945077926721819
2011-08-09,0.7377123809225538,0.012803184154719233,0.017355251837725807
2011-08-10,0.7236656351237831,-0.3388645723907418,-0.46826124655315293
2011-08-11,0.7129159762640185,0.2661341303545185,0.373303641965178
2011-08-12,0.7012581059238449,0.06900812160012454,0.09840616602814524
2011-08-15,0.6880764095924752,1.4905949005440986,2.1663217627631335
2011-08-16,0.7339726580727589,-0.20895211865557567,-0.2846865157133172
2011-08-17,0.7211298499802448,0.10974237195136724,0.15218115288720002
2011-08-18,0.7077332480897112,-0.8010110729137864,-1.131797997445856
2011-08-19,0.7113514067410106,0.6184260860060369,0.8693679103543179
2011-08-22,0.7080032969075752,-0.16093156254858207,-0.22730340840431218
2011-08-23,0.6952516639407124,0.33200072435812333,0.4775259687640744
2011-08-24,0.685076208230334,-0.19537701083609427,-0.2851901853967249
2011-08-25,0.6731549839119013,-0.14709190148695955,-0.2185111972760943
2011-08-26,0.6610280495051746,0.5813126317599046,0.8794069059475728
2011-08-29,0.6582021448092954,0.3302217323406413,0.5017026075421226
2011-08-30,0.648916427909629,-0.512443926229335,-0.7896917140471904
2011-08-31,0.6443343106013809,-0.19532121288223478,-0.30313644589240374
2011-09-01,0.6333107277500452,-0.851695306777516,-1.3448300643877027
2011-09-02,0.6428318978562523,-0.555899446259562,-0.8647664313382754
2011-09-06,0.6398032409999967,-1.4409496887398012,-2.2521762885846472
2011-09-07,0.6867827024791271,0.426354477993027,0.6207996742695844
2011-09-08,0.6787893964391822,-0.7869382858251417,-1.1593261326020865
2011-09-09,0.6830932924029487,-2.0295620499066076,-2.9711345031176104
2011-09-12,0.7765703168570124,-0.22131655421299395,-0.2849922916301014
2011-09-13,0.7629337756014892,0.335271041575749,0.43944972984244235
2011-09-14,0.7511739226267343,0.22483958987232444,0.29931761886261515
2011-09-15,0.7381313020496318,1.0795004149871341,1.4624774914565928
2011-09-16,0.7535486178823437,-0.5368919973982877,-0.7124848810778605
2011-09-19,0.746429070176893,-1.0664779917740443,-1.428773388369379
2011-09-20,0.7606773457864775,0.452129099593226,0.59437697480758
2011-09-21,0.7512638152729968,0.20271087624239872,0.2698264872090731
2011-09-22,0.737979672132236,-2.0406646430453588,-2.7652044088820094
2011-09-23,0.8244464041090193,0.5398281150222067,0.6547764807169
2011-09-26,0.8153501765400043,-0.009014730721407169,-0.011056268804235514
2011-09-27,0.7997322010865118,0.669451758973046,0.8370949151022461
2011-09-28,0.7950326722989262,0.16734423947559554,0.21048724826830187
2011-09-29,0.780493385042804,0.08646506649227013,0.11078257439366793
2011-09-30,0.7657593169094425,-1.3970767584421135,-1.8244332489229504
2011-10-03,0.798225702027307,-1.2512496904393622,-1.5675387140021675
2011-10-04,0.8194693186408573,0.10361777201810453,0.1264449682996812
2011-10-05,0.8040160280151448,0.2612094324001706,0.32488087712008934
2011-10-06,0.7902398922067454,0.604227283414505,0.7646124795436484
2011-10-07,0.7838793896759285,0.778445028467653,0.9930673503094369
2011-10-11,0.7834844601971263,1.0731845709693288,1.3697585918925737
2011-10-12,0.7960220504965856,1.083644920473526,1.3613252544920225
2011-10-13,0.8084099799626511,-0.5389811083333282,-0.6667175340391387
2011-10-14,0.7997473842332463,0.9553735970241062,1.1945942129464615
2011-10-17,0.8058935129268467,-0.6529013971747764,-0.8101583977311927
2011-10-18,0.8004789950431203,-0.3652764877630929,-0.4563223895005717
2011-10-19,0.7883283967619281,0.4131436213855069,0.5240755287802661
2011-10-20,0.7773678976932561,-0.7447594706783597,-0.9580527738389276
2011-10-21,0.7759895598819944,1.4652373804203502,1.8882179041727967
2011-10-24,0.8121667287644355,0.4301661924071094,0.5296525666121897
2011-10-25,0.8009402985400003,-0.14506439074165298,-0.18111760764951473
2011-10-26,0.7861114202428826,-0.5203648481909448,-0.661947956474375
2011-10-27,0.7776164222649071,2.390757044551102,3.0744683060932756
2011-10-28,0.8918703538747448,-0.05068382346634217,-0.05682868955801199
2011-10-31,0.8747663384461506,-1.538128835419516,-1.7583310740462392
2011-11-01,0.9080233217811795,-1.9564145080597832,-2.1545861886257267
2011-11-02,0.9675341430613957,0.93013025832912,0.9613410182984082
2011-11-03,0.9657479271131262,-0.42257800806369267,-0.4375655346492838
2011-11-04,0.9506254304743431,0.12939535601499041,0.13611602621489383
2011-11-07,0.9326241900887563,-0.11783245223402757,-0.12634505247265101
2011-11-08,0.9149316075403909,0.3036493752765231,0.33188204754760103
2011-11-09,0.8992282840516134,-1.3747598122985767,-1.5288218094123796
2011-11-10,0.9211004080617795,0.03519754270416423,0.03821249279242908
2011-11-14,0.9033807760362196,0.18943623262061143,0.20969699338943681
2011-11-15,0.8867475070065592,-0.7382641184763468,-0.8325527984494078
2011-11-16,0.8813254955601062,-0.13480830821558826,-0.15296086280802978
2011-11-17,0.8647711476138698,0.13158159428121505,0.15215770628366032
2011-11-18,0.8485379839232969,-0.0016141772960458689,-0.0019023041120476009
2011-11-21,0.8322499010041489,0.035360687482909735,0.042488064510726155
2011-11-22,0.8163182023648167,-0.17923247692565816,-0.21956202422833918
2011-11-23,0.8014282616027321,-1.134023043346464,-1.4150025618994195
2011-11-25,0.8160897235868597,-0.7689206288109794,-0.9422010920949185
2011-11-28,0.8141415691555615,0.6830359029773251,0.8389645349834908
2011-11-29,0.8093907038926992,0.07325530833203284,0.09050673300263685
2011-11-30,0.7940172805802574,0.8268041262026927,1.0412923577664142
2011-12-01,0.7950617729608797,0.25819435502196253,0.3247475401319122
2011-12-02,0.7814469755344299,-0.7459059337365292,-0.9545189335801137
2011-12-05,0.7799581300817535,0.5793611837552115,0.7428106220195232
2011-12-06,0.7732081917839001,-0.4856566183344354,-0.6281058885498318
2011-12-07,0.7642284837830141,-0.07636020974934607,-0.09991803677789492
2011-12-08,0.749786040359359,-0.4584649828112426,-0.611461081072553
2011-12-09,0.740812000203908,0.335468548056423,0.4528389766419625
2011-12-12,0.7295865949384831,-1.349865156470318,-1.8501781225628675
2011-12-13,0.761795151892585,-0.7095400671680225,-0.9314053330547705
2011-12-14,0.7597430026689923,-0.9303107054923254,-1.2245071059873212
2011-12-15,0.7666420029753481,0.3213483868453579,0.41916355430331287
2011-12-16,0.7545672893231598,0.09795443637152183,0.12981537598772153
2011-12-19,0.740417180398849,-0.05565776362024347,-0.07517081598547141
2011-12-20,0.7263910948883273,0.4580107896545552,0.6305291913373031
2011-12-21,0.7180502139131444,-0.2699117844552557,-0.37589541681816746
2011-12-22,0.7063282157427219,0.04411766090896144,0.062460567092836025
2011-12-23,0.6929666053029172,-0.032554757128006165,-0.04697882535591375
2011-12-27,0.6798533303489869,0.2661783210935643,0.39152315537959914
2011-12-28,0.6689601533440593,-1.132692383092922,-1.6932135306276699
2011-12-29,0.6918758755489188,0.20672440535349593,0.29878828364912335
2011-12-30,0.679931266674986,0.16778727324461543,0.24677093328143626
2012-01-03,0.6678425178021986,0.6818230525413638,1.0209338794199172
2012-01-04,0.6683399970634669,-1.0022683292713357,-1.4996384081082585
2012-01-05,0.6837307294178596,-1.137621507897656,-1.6638443453700653
2012-01-06,0.7059127168292867,-0.4646969506416515,-0.6582923632951505
2012-01-09,0.6983102494533519,0.17854731864201834,0.25568480311120734
2012-01-10,0.6859282438014865,0.295670791891614,0.4310520736877306
2012-01-11,0.6753525423968526,-0.7481093497479908,-1.107731596142248
2012-01-12,0.6781709439707703,1.0409224389234468,1.5348968400632503
2012-01-13,0.6950984108168939,-1.0608953285290519,-1.5262519839201847
2012-01-17,0.7120898287043552,0.4620799385082287,0.6489068090594433
2012-01-18,0.7042476473000532,0.6707555431720799,0.9524427177621744
2012-01-19,0.7029406335652162,0.8752846397836435,1.245175763057433
2012-01-20,0.7100540194537089,0.09077276471377173,0.1278392378985604
2012-01-23,0.6967852455079186,0.675452584037195,0.9693841659130235
2012-01-24,0.695926563664883,-0.23232304249014396,-0.3338326981897144
2012-01-25,0.6841997722612008,-0.19435717237773525,-0.28406494748661987
2012-01-26,0.6722867014070942,1.3376036633752093,1.989632786987469
2012-01-27,0.7084489272610381,0.3094561462378374,0.4368079819588941
2012-01-30,0.6975620321773021,-0.5186354824243371,-0.7434972927146263
2012-01-31,0.6916327588467831,-0.5290608988592201,-0.7649448238128099
2012-02-01,0.6861835339502375,0.9664475774004424,1.408438893653968
2012-02-02,0.698627618806018,-0.08531397686408956,-0.12211652469436364
2012-02-03,0.6855684930900235,-0.4585744237996735,-0.6688965849827306
2012-02-06,0.6783946317272471,0.18873622163044043,0.2782100753803179
2012-02-07,0.6665484104974896,0.8702745889199778,1.3056434839750555
2012-02-08,0.6752415429715605,0.07371367324464444,0.1091663775902323
2012-02-09,0.6626133764739383,0.3372318494932156,0.5089421093304468
2012-02-10,0.6533506198937751,-0.8249135530102109,-1.2625893783407283
2012-02-13,0.6605568902591321,0.18761345895598122,0.2840231654875051
2012-02-14,0.649089235637977,-0.4646291272530377,-0.7158170275252875
2012-02-15,0.6431454788051842,-0.46685245125334607,-0.7258893464051868
2012-02-16,0.6374415802791411,0.18137412211695753,0.2845345012440705
2012-02-17,0.6264144695806102,0.3028226848078035,0.48342223801207185
2012-02-21,0.617413016575752,0.8086944155111834,1.309811088849894
2012-02-22,0.6256633258732415,-0.02440039395849137,-0.038999239606118216
2012-02-23,0.6139134562338654,0.4350151392636074,0.7085935889600242
2012-02-24,0.6082290794352281,1.1637638359772375,1.9133643479490523
2012-02-27,0.6378192990666383,-0.3886670184605856,-0.6093685453377577
2012-02-28,0.6302972524036111,0.31849111033408883,0.5053030282450651
2012-02-29,0.6214919851462077,-0.6879664351443249,-1.1069594646220238
2012-03-01,0.6241456892510181,-0.2865835376527134,-0.4591612865204867
2012-03-02,0.6149099808454879,-0.8840517326759221,-1.437692931021172
2012-03-05,0.6271027686347098,0.18740705047962364,0.2988458349301103
2012-03-06,0.6163710565290899,-0.8446412892138289,-1.3703454765870657
2012-03-07,0.6264506755156055,0.2723162782259005,0.4346970781087725
2012-03-08,0.616917047773876,0.8162384538384709,1.3230927185167591
2012-03-09,0.6255592850727323,-1.1169734768788775,-1.785559743948185
2012-03-12,0.6506721647008928,0.2572197343837739,0.3953138743871349
2012-03-13,0.6403261051836378,-0.23802819269240877,-0.37172964020285443
2012-03-14,0.6299408397061574,-0.6370615057336719,-1.0113037059652077
2012-03-15,0.6302367678307543,0.3506754515604667,0.5564185865694179
2012-03-16,0.6220803615156837,0.7755729899683661,1.246740835988941
2012-03-19,0.6285326452241454,0.5433968004649852,0.8645482531320241
2012-03-20,0.6255897912009142,-0.14536730723632016,-0.2323684134251386
2012-03-21,0.6144663332991414,-0.23653276632584747,-0.3849401562098211
2012-03-22,0.6046597426441045,0.03610285903607633,0.059707727321489705
2012-03-23,0.5933640630065476,0.5273837230441598,0.8888029389106098
2012-03-26,0.5911193657263004,0.4946696431175749,0.836835454561332
2012-03-27,0.5878920788044906,0.06578745429106883,0.11190396445696475
2012-03-28,0.5770407595746303,-0.2645295701879888,-0.45842441075217744
2012-03-29,0.568577817652746,-0.2577233119100329,-0.4532771133668025
2012-03-30,0.560205300164492,0.5245991125069909,0.936440823307016
2012-04-02,0.5590623038983048,-0.06173796250552317,-0.11043127407272571
2012-04-03,0.5487963760182784,0.09579721072540723,0.17455875241096086
2012-04-04,0.5389318403516655,-1.5889317069821751,-2.9482980741040654
2012-04-05,0.611683407829577,-0.46768258644622457,-0.7645827571254427
2012-04-06,0.6069745056809553,0.19696416603230693,0.32450154691643246
2012-04-09,0.5968062314973874,-0.009499721733393768,-0.015917598094709832
2012-04-10,0.5856339651932342,-0.13950628156150408,-0.23821412324586222
2012-04-11,0.575321554885075,0.2808847890794803,0.48822225882982817
2012-04-12,0.5671949563739812,0.5157730425100613,0.9093399662919168
2012-04-13,0.565491687162652,-0.6722388958983629,-1.1887688380908195
2012-04-16,0.5699774775377048,-0.10894570131071327,-0.1911403618636955
2012-04-17,0.5597522428650037,0.4334262426045314,0.7743180096717566
2012-04-18,0.55569625774388,-0.0018390472559060688,-0.0033094468970739127
2012-04-19,0.5453703899602652,0.08196032355652323,0.15028377973086277
2012-04-20,0.5354931532374612,0.6131322408101795,1.144986144273426
2012-04-23,0.5387879210198729,-0.6244169057665124,-1.158928924361467
2012-04-24,0.542416927518727,0.5981282628598833,1.1027094334905925
2012-04-25,0.5447805473156216,0.028494099147146932,0.05230381166792785
2012-04-26,0.5347094545658491,0.17218342660063812,0.32201305798948404
2012-04-27,0.5258740428491255,0.12662738804731113,0.24079414028739354
2012-04-30,0.5167482893842993,-0.13773936437560427,-0.26655020869003637
2012-05-01,0.5079313472760227,-0.01689857088675937,-0.0332693994520804
2012-05-02,0.49861103024066405,-0.5400879854406638,-1.0831849932801931
2012-05-03,0.5004884427878226,-0.047448464578722566,-0.09480431618845174
2012-05-04,0.49139905137332296,-0.4210809997600437,-0.8569023456256988
2012-05-07,0.4892354782492341,-0.292577794798304,-0.5980306167600837
2012-05-08,0.48361614412737086,-0.2781025765640619,-0.575048165660114
2012-05-09,0.47783034999281143,-0.4640103166898585,-0.9710775313808324
2012-05-10,0.47763193591148245,0.044372121145686436,0.09290023930457979
2012-05-11,0.46901632485278716,-0.16412899986077187,-0.3499430428403275
2012-05-14,0.46159626364717243,-0.6923287367387604,-1.4998577572281901
2012-05-15,0.4725918578648441,-0.6032148088023777,-1.2763969559858355
2012-05-16,0.47843497472284807,-0.3001131354324193,-0.6272809290463588
2012-05-17,0.47329378684919554,-0.15931941504770328,-0.3366184375846599
2012-05-18,0.4657110268476912,0.10015817930452674,0.21506508012592762
2012-05-21,0.4576788323277351,0.3824001787375008,0.8355207882187379
2012-05-22,0.45544744757203276,-0.2608435492218867,-0.5727193128700806
2012-05-23,0.4500574135246125,-1.3062828969815217,-2.9024805674267253
2012-05-24,0.5090147711721632,0.11710461860351973,0.23006133659707026
2012-05-25,0.5001737119539031,-0.5121273588416276,-1.0238989906947091
2012-05-29,0.500888283196393,-0.23416107704741015,-0.46749162418638185
2012-05-30,0.4937844523623808,-0.6610751550461843,-1.338792973094729
2012-05-31,0.5013152670502363,-0.3252778354989706,-0.64884885196679
2012-06-01,0.4961245674320609,0.457686675436776,0.9225237077167145
2012-06-04,0.4950137152579102,0.6078302300487809,1.2279058363707993
2012-06-05,0.49995992068876416,-0.4594849096406995,-0.919043488541432
2012-06-06,0.4987703340696804,0.7906645457557527,1.585227692481994
2012-06-07,0.5129373669884619,0.2686983861967966,0.5238424873866534
2012-06-08,0.5061742514875057,-0.6808479922563924,-1.3450861837708437
2012-06-11,0.5140192053256838,0.18188011262290923,0.35383913818486523
2012-06-12,0.5057845588866764,-0.21038291713863116,-0.4159536178837135
2012-06-13,0.49816170202723997,0.9550168328798712,1.9170820016743275
2012-06-14,0.5227285482344386,0.10100443956497523,0.1932254128957115
2012-06-15,0.5134596514018798,0.20387192512819904,0.39705539582628374
2012-06-18,0.5055517269238226,-0.430536720768403,-0.851617545425331
2012-06-19,0.5032023632711442,0.9080432118542336,1.804528909505431
2012-06-20,0.52423773817086,0.09241268392792243,0.17628010575958045
2012-06-21,0.514875971538607,-0.9195286417677104,-1.785922615537636
2012-06-22,0.5357534625380551,-0.3205090767451417,-0.5982398606007621
2012-06-25,0.5294799377415988,-0.5137002358199126,-0.9701977340463707
2012-06-26,0.5291030357227385,-0.06635994837666827,-0.12541970825403148
2012-06-27,0.5194881951619404,-0.10654205157496786,-0.2050904189300306
2012-06-28,0.5103313446652409,-0.18706714142503406,-0.3665601640591828
2012-06-29,0.5022538581037612,1.8782715224497597,3.739685603493613
2012-07-02,0.6123320545938733,-0.6595148401511864,-1.0770542472884372
2012-07-03,0.614217470450509,0.2914505875995181,0.47450716011993005
2012-07-05,0.605312553819858,-1.881972574679106,-3.1090922578803544
2012-07-06,0.6965427557765129,-0.8131309771509234,-1.1673812847919676
2012-07-09,0.7011770108371634,0.13595802222210274,0.193899714509717
2012-07-10,0.6883696231900367,-0.3526126761292725,-0.512243225514801
2012-07-11,0.6787527999628106,-0.08401813780050926,-0.12378311780829881
2012-07-12,0.666097885232614,-0.3624225397660691,-0.5440980189263088
2012-07-13,0.6572484026778566,0.2759301979065523,0.41982634994975654
2012-07-16,0.6470369003838983,0.2915075942758503,0.4505270010147702
2012-07-17,0.6373279118395593,-0.26359547113369597,-0.41359473865323726
2012-07-18,0.6273940387139896,0.22623469487816403,0.36059426918032567
2012-07-19,0.6171424028185629,-0.02684763723170407,-0.04350314791057576
2012-07-20,0.6055714605440132,-0.6572586720793289,-1.0853527864224026
2012-07-23,0.6076502457859346,-0.40570789508863897,-0.6676667999432742
2012-07-24,0.601388891580141,-0.5234078101839056,-0.8703316897135542
2012-07-25,0.5987323470215496,0.5844389316444478,0.9761272036692091
2012-07-26,0.5982837849276126,1.2183147411566406,2.0363492574080824
2012-07-27,0.6325648387665109,0.7360078204305025,1.163529452357332
2012-07-30,0.6367575700213387,-0.9690434894755806,-1.5218405482687964
2012-07-31,0.6522469000463321,0.5349909100670092,0.8202276009728927
2012-08-01,0.6482393104997085,-0.12422587933230686,-0.19163583158285294
2012-08-02,0.6364623850770426,-1.2213281868763484,-1.9189322346653823
2012-08-03,0.6676218276010731,1.9700648287350688,2.9508694103276834
2012-08-06,0.7576826834885949,0.2637213014964879,0.34806299159727017
2012-08-07,0.7449740408609579,0.005781451890478431,0.00776060852240821
2012-08-08,0.7307767959609272,-0.4622255348336582,-0.632512604927281
2012-08-09,0.7224147085145792,-0.6922166745660421,-0.9581984785295554
2012-08-10,0.721199127889165,0.16854190448782363,0.23369676691251548
2012-08-13,0.7082329925496738,0.33861449040236413,0.4781117145973887
2012-08-14,0.6978574891780375,-0.07529525110761637,-0.10789488151270242
2012-08-15,0.684770331086017,-0.3273219962194709,-0.4780025964331018
2012-08-16,0.6747686231599453,0.5576413169923778,0.8264185646050647
2012-08-17,0.6707179038621477,-0.3265928964929234,-0.48693033928619844
2012-08-20,0.6610510148472544,0.23288837081951733,0.35230014868569504
2012-08-21,0.6501200141672032,1.0454845512588635,1.6081408485756556
2012-08-22,0.6691099790856042,0.005781451890478431,0.00864051063530584
2012-08-23,0.6564545202437458,0.8918379373260077,1.3585677450965872
2012-08-24,0.666736021418072,-0.392371646154078,-0.5884962467147762
2012-08-27,0.6585118016344804,-0.14593335343086997,-0.22161083987963676
2012-08-28,0.646687417264827,0.4045378619133099,0.6255539401467066
2012-08-29,0.6392909277632233,-0.20137343057184975,-0.3149949761940517
2012-08-30,0.6284507967695031,-0.3217602829225358,-0.5119896172882852
2012-08-31,0.6197554125485139,0.6518455136569707,1.0517786540604757
2012-09-04,0.6210293008269945,-0.08966876216515837,-0.14438732930274117
2012-09-05,0.6096028910941017,0.2997941393504198,0.49178595398777714
2012-09-06,0.6009659614801237,0.18811136089840494,0.3130150007749258
2012-09-07,0.5908255459268932,1.3432256660742554,2.2734725594286704
2012-09-10,0.6352747076169384,-0.002033795661463768,-0.003201442835797766
2012-09-11,0.6233098950016561,0.4969530626647538,0.7972808817088223
2012-09-12,0.619090532556323,0.2853715687838223,0.4609528877876356
2012-09-13,0.6099575931519639,0.14528391580692973,0.2381869123985705
2012-09-14,0.5991706663516089,1.771391146698804,2.956404988056117
2012-09-17,0.6804132101261964,-0.12365854790839648,-0.1817403690405445
2012-09-18,0.6679543505085845,-0.5596234773392141,-0.8378169509834218
2012-09-19,0.6641925664608663,0.11299543060899783,0.1701245035172423
2012-09-20,0.6520025518583069,-0.8937748389673089,-1.3708149399414373
2012-09-21,0.6626218653432295,0.329630913741506,0.49746458875268396
2012-09-24,0.6532138942228422,-0.6197273639031077,-0.9487357347786135
2012-09-25,0.6519851183877048,0.2842685197833512,0.4360046138573214
2012-09-26,0.642034819539739,-0.7152357430984257,-1.1140139464883898
2012-09-27,0.6449294943245133,0.17681468957170182,0.2741612705384084
2012-09-28,0.6336896302103365,-0.13413306763078517,-0.21166997412639252
2012-10-01,0.6222976981395041,0.3474497451319785,0.5583336499086466
2012-10-02,0.6142824530778703,0.4003508392728339,0.6517373844342627
2012-10-03,0.6076971693980187,-0.3190448197973112,-0.5250062627630061
2012-10-04,0.5994796264435617,0.7159349574364218,1.1942606985390585
2012-10-05,0.604313801192954,0.45090881771433833,0.7461501240319443
2012-10-09,0.5993576247035405,-1.40546232828036,-2.3449477746704934
2012-10-10,0.647863681615172,0.09893469570162694,0.1527091246340209
2012-10-11,0.6359288586501843,0.3156670422971145,0.4963873521436752
2012-10-12,0.6269279512217336,0.14491728634835963,0.23115461045555596
2012-10-15,0.6157717253134924,0.03667425411331143,0.05955819763344994
2012-10-16,0.6042482765945235,0.6676787348673353,1.1049741649745348
2012-10-17,0.6068083199867684,0.7471200146612309,1.2312290224984423
2012-10-18,0.6126963922033631,-0.20001914668128776,-0.3264571967887456
2012-10-19,0.6024368550063696,-0.6372091283729979,-1.0577193660674373
2012-10-22,0.603845629553696,0.3201386208660671,0.5301663292697546
2012-10-23,0.5957493530522407,-0.7009895626985451,-1.1766518236354273
2012-10-24,0.6000989032492718,-0.18714217163127417,-0.31185221405668556
2012-10-25,0.5899664201531974,0.09843124233519053,0.16684210994522491
2012-10-26,0.5792448313834992,-0.14868258870670417,-0.2566834965994996
2012-10-29,0.5691580454594308,-0.24185835892409965,-0.4249405957687356
2012-10-30,0.5605070809707311,0.5698161710878756,1.0166083363318485
2012-10-31,0.5610038510417299,-0.15614941589515946,-0.27833929411572683
2012-11-01,0.5513949071689009,-0.15641205730958688,-0.28366612617565473
2012-11-02,0.5420023245020373,-0.6845451212454309,-1.262992962021619
2012-11-05,0.5481758058278781,-0.4466727094749826,-0.8148347751327675
2012-11-06,0.5448921724505946,0.22446320101885853,0.41194058635373515
2012-11-07,0.5365481492003643,-0.4555713623524137,-0.8490782477422892
2012-11-08,0.5339342100229598,-0.14324402766841676,-0.2682802955485042
2012-11-09,0.5247914973301935,-0.19064367510294736,-0.3632750836719374
2012-11-13,0.5164250283353738,0.01364586933781953,0.02642371804055497
2012-11-14,0.5069231891738791,0.19434216143657684,0.383375954359657
2012-11-15,0.4990297022768004,0.3427327560772252,0.6867983098270956
2012-11-16,0.4943460776134296,-0.5275949792896892,-1.067258350337837
2012-11-19,0.4959032863165179,0.7189226741432125,1.4497235529194479
2012-11-20,0.5062766925493328,0.06823266391242203,0.1347734646223582
2012-11-21,0.49715536843704605,0.02138816280783553,0.043021083881836585
2012-11-23,0.48806781952719935,1.1153951646178766,2.2853282269221955
2012-11-26,0.5254413015576713,0.05978338184311963,0.1137774698446653
2012-11-27,0.5158738510312075,-0.19494431611445626,-0.37789144715277145
2012-11-28,0.5077772683929699,-0.12568050107954257,-0.24751108193027296
2012-11-29,0.49904134201099126,0.23765665239692713,0.4762263812437664
2012-11-30,0.49204655075723763,0.4448685495199755,0.9041188254146741
2012-12-03,0.4906457534926095,0.4352958413049418,0.8871896642462199
2012-12-04,0.48897379302774896,0.12051738064361393,0.24647002019753367
2012-12-05,0.48060580778058737,-0.02480192628199737,-0.05160554841509588
2012-12-06,0.4718733547191616,-0.8312362972085596,-1.761566506977863
2012-12-07,0.49038058868765294,-0.19491332793958638,-0.39747357957461094
2012-12-10,0.48289042845969965,-0.08698293324035007,-0.18012975224587488
2012-12-11,0.4743835996888959,0.4841405154460871,1.0205675654967623
2012-12-12,0.4750698520397542,0.3592201601930309,0.7561417729428368
2012-12-13,0.47157168489136747,0.30446059409225473,0.6456295062804526
2012-12-14,0.4667321330330017,0.4407140363320207,0.9442547558662705
2012-12-17,0.4661218734165461,0.271910947820698,0.5833473246549555
2012-12-18,0.46068031057282016,0.4225592309544714,0.9172504690488114
2012-12-19,0.4596626571938668,0.2776438757898248,0.6040166009672743
2012-12-20,0.4545294679709553,-0.26608097200886,-0.5853987271642919
2012-12-21,0.4492794239209825,-0.4337796954133325,-0.9655009161728803
2012-12-24,0.44908616107715943,0.10447191349721384,0.2326322264009023
2012-12-26,0.4414595517623043,0.376895597669876,0.8537488795186574
2012-12-27,0.43961399190008393,0.005781451890478431,0.013151200819359833
2012-12-28,0.4317286269688928,-0.054714617710132064,-0.12673381909899248
2012-12-31,0.4241424943395025,-0.2517359213527558,-0.59351733135057
2013-01-02,0.41942046822474083,0.07401237830842593,0.17646343923484295
2013-01-03,0.4122152632424571,-0.640485766077409,-1.5537652852526413
2013-01-04,0.42342702621916306,-0.4759260973092645,-1.12398611292924
2013-01-07,0.4259437887210082,0.403548365080575,0.9474216452183034
2013-01-08,0.42556244346869443,-0.23115831577834048,-0.5431830729568248
2013-01-09,0.42035901155716504,0.08227499191652564,0.19572553378063356
2013-01-10,0.4131914540149082,1.085721980336089,2.627648683888112
2013-01-11,0.4569367752773027,1.0068058797191397,2.203381155102117
2013-01-14,0.4890822378399973,0.12553298180633812,0.25667049852545676
2013-01-15,0.4807598201548342,-0.19638251947569715,-0.40848363619998423
2013-01-16,0.47352426699244876,-0.2719235338766397,-0.5742546957598185
2013-01-17,0.4678797668205652,0.3883632170660243,0.8300491805942187
2013-01-18,0.46548705455221207,-0.391833386073451,-0.8417707479542815
2013-01-22,0.46328506009594494,0.013298270776265032,0.028704294443492307
2013-01-23,0.4549017385688143,0.03584307845085493,0.07879301267043376
2013-01-24,0.4467428574129331,0.5304023058890951,1.1872653296812172
2013-01-25,0.45052867197105256,0.5871351053280497,1.3032136284675226
2013-01-28,0.4567389404289979,0.02807385398911673,0.061465864860894066
2013-01-29,0.448520112376617,0.19135846391405154,0.42664410944713693
2013-01-30,0.44199427142758985,0.5973241410482778,1.35142959911899
2013-01-31,0.4491557610046724,0.15312198245041472,0.3409106500335456
2013-02-01,0.44205771036852204,0.7976905617852016,1.8044941714062757
2013-02-04,0.46069732625543836,-1.206621804197724,-2.61912048416947
2013-02-05,0.5089682470448885,0.3157905575663691,0.6204523747795172
2013-02-06,0.5033318739107727,-0.296835304863186,-0.5897407262465698
2013-02-07,0.49741868164832903,-1.0793276716749136,-2.169857529472505
2013-02-08,0.5310238692988596,-0.11385367528420977,-0.21440406329481407
2013-02-11,0.5216751385833999,0.3642583107571728,0.6982474030606676
2013-02-12,0.516876579596024,0.2737982889207377,0.5297169570630007
2013-02-13,0.510112267869309,-0.00908954226288047,-0.017818709400671023
2013-02-14,0.5007386733369709,-0.8455417391541481,-1.6885888471912431
2013-02-15,0.51802661487466,0.21555078263221064,0.41609982275594976
2013-02-19,0.5101891989557359,0.19270438193798384,0.3777116064636698
2013-02-20,0.5021947230914066,-0.2709887438597326,-0.5396089034778823
2013-02-21,0.4957598938632139,-1.0938756336407127,-2.2064625379771567
2013-02-22,0.5306455386657802,-0.2824250426356846,-0.5322291851276
2013-02-25,0.5236942934441418,0.05134299873377084,0.09804001948561844
2013-02-26,0.5141296248001155,-0.8940949782187356,-1.7390458263640107
2013-02-27,0.533450661970378,0.3880741416592909,0.7274789766421552
2013-02-28,0.5289348698311499,-0.18518220847934946,-0.35010399019157984
2013-03-01,0.5203980407778716,-0.692422174751105,-1.3305626087986384
2013-03-04,0.5280560329822493,0.06735780851591933,0.12755807018340337
2013-03-05,0.518468137361967,0.18260256273109873,0.3521963059489137
2013-03-06,0.5101397065405952,-0.21721837138471325,-0.42580173352459433
2013-03-07,0.502520244915073,0.8337530632258561,1.6591432318647426
2013-03-08,0.5189696012688068,-0.8067948857635014,-1.554609140479525
2013-03-11,0.532752480354358,0.17497321723750103,0.3284324779137929
2013-03-12,0.5239962115182234,0.07491384316786463,0.14296638319351532
2013-03-13,0.5145332895794809,-0.5640645379958423,-1.096264419464176
2013-03-14,0.5167027931725688,0.19866042230655764,0.3844771596584129
2013-03-15,0.5086403947185678,0.7888948590005341,1.5509874307899434
2013-03-18,0.5220693570348833,-0.9161673033976524,-1.754876609883917
2013-03-19,0.5421899428120451,-0.5204540915504987,-0.9599110025006838
2013-03-20,0.5415734416119969,0.4856956789778376,0.8968232960836506
2013-03-21,0.5397708089520069,-0.16424718479024206,-0.3042906027266212
2013-03-22,0.5307262423305837,0.5303930547019177,0.9993722043454966
2013-03-25,0.5309155817416835,-0.8830445873998334,-1.6632485799399233
2013-03-26,0.5483564888698766,-0.17293571755510767,-0.3153709695521535
2013-03-27,0.5392202627314585,-0.5870439972500188,-1.0886905367322544
2013-03-28,0.5412686967271068,0.4740932662671432,0.8758926373053648
2013-03-29,0.5390910520937986,-0.19688445269484306,-0.365215582655574
2013-04-01,0.5304771994226924,0.3251834295013142,0.6130017083772963
2013-04-02,0.5244569475407268,-0.15768723355965336,-0.30066764164165855
2013-04-03,0.5156824378850883,0.09144123207668374,0.17732081870327332
2013-04-04,0.5064978617785093,0.06025404185267833,0.1189620853306333
2013-04-05,0.49733330805982984,1.3426894285237299,2.69977780849177
2013-04-08,0.5529429309479142,-0.14017593910674817,-0.2535088727266004
2013-04-09,0.5433502836665312,0.6494618352384052,1.195291241693724
2013-04-10,0.5478626740474425,-0.23894182717441986,-0.4361345251159208
2013-04-11,0.5396798730462797,0.49463057694749163,0.9165258918319436
2013-04-12,0.5382491823632393,-0.22306905610508296,-0.41443454707292815
2013-04-15,0.5300428163864762,-0.08590559609737057,-0.16207293720727126
2013-04-16,0.5205149762821308,0.4557688641384869,0.8756114327274417
2013-04-17,0.5184632314712326,-0.696779666248652,-1.3439326531823952
2013-04-18,0.5264386701142019,0.18188501564419232,0.345500864525654
2013-04-19,0.5179160264020245,-0.040128718018367766,-0.077481128161148
2013-04-22,0.5084353602581544,-0.11674881309514067,-0.22962370877560975
2013-04-23,0.4996039016216835,-0.28583106386926477,-0.5721153556677094
2013-04-24,0.49355072812444456,-0.10956324927487726,-0.22198984426835217
2013-04-25,0.48498416639966974,0.059625536111233335,0.12294326339325609
2013-04-26,0.4762745862278235,0.15946213374304544,0.33481134277185126
2013-04-29,0.468624319970939,0.5112585180528838,1.0909773485178675
2013-04-30,0.47061729624731574,0.599887853181032,1.2746829705676241
2013-05-01,0.4764037078861871,0.18787558414884833,0.39436213664762626
2013-05-02,0.4691437372748497,-0.9539334319834358,-2.0333500294059563
2013-05-03,0.49617662008433966,0.357221954187468,0.7199491868978988
2013-05-06,0.4919636475600651,-0.3380058915614614,-0.6870546090911999
2013-05-07,0.487368385111916,0.14343824940048663,0.294311764534231
2013-05-08,0.479272010640632,0.7064164099910776,1.4739362915160157
2013-05-09,0.4899619861812718,-0.5421234268840803,-1.1064601788994919
2013-05-10,0.49229425343048977,-1.1454208242391528,-2.3266995628273817
2013-05-13,0.5316087939448986,0.20627504156888313,0.3880203712173046
2013-05-14,0.5233050357059008,-0.08670410383483036,-0.165685590466128
2013-05-15,0.5139260996578818,-0.8615669732587741,-1.6764413674112195
2013-05-16,0.5312570193855802,0.3241665004978678,0.6101877032566633
2013-05-17,0.5251915273900751,-0.616401298724571,-1.173669540686919
2013-05-20,0.5290947175770645,0.3717827170577147,0.702677053288787
2013-05-21,0.5242720545394266,0.354957364374841,0.67704803508299
2013-05-22,0.519154963971113,-0.3511677903035731,-0.6764219061249559
2013-05-23,0.514091811870108,0.6257462398430214,1.2171877189927396
2013-05-24,0.5189300292471893,-0.17980474427752596,-0.346491307389492
2013-05-28,0.5105537541962355,-0.3819662227515757,-0.7481410519699437
2013-05-29,0.5065790643441396,0.5791153227005384,1.1431884249901059
2013-05-30,0.5097243131662796,0.7600373173779545,1.491075269015114
2013-05-31,0.5214850005608994,-0.4091250211506329,-0.784538425286606
2013-06-03,0.5179456579711005,0.8491507074167203,1.6394590713300272
2013-06-04,0.5342530610293647,-0.16997223259704078,-0.31814929102988976
2013-06-05,0.5254011366681568,0.10515844283093204,0.20014886815395316
2013-06-06,0.516105609604209,1.2208632301417532,2.3655298594371192
2013-06-07,0.5588890435539419,-0.03951866213447187,-0.07070931625922575
2013-06-10,0.5485501019164428,-0.05465063938819017,-0.09962743457208355
2013-06-11,0.5384760208613493,0.3377069226004835,0.6271531312764599
2013-06-12,0.5325250296127639,0.5765249657614036,1.0826251043648316
2013-06-13,0.534432470467406,-0.29420377382604407,-0.5504975653308232
2013-06-14,0.527622918446092,0.12588355310102733,0.23858621128848678
2013-06-17,0.5184520129975992,0.08826805249566304,0.17025308086916768
2013-06-18,0.5091869922632035,0.4992772941659858,0.980538194714732
2013-06-19,0.5090646485610724,-0.01659742254553307,-0.032603761805985794
2013-06-20,0.4997202017323518,-1.4218481748465288,-2.845288563315007
2013-06-21,0.5623277119333774,-0.7614954539502021,-1.3541844689319196
2013-06-24,0.5711636381575392,-0.16213188324203318,-0.28386240371505184
2013-06-25,0.5613932108168387,-0.07828106500044667,-0.13944070482531504
2013-06-26,0.5511570130245674,-0.5615742063187831,-1.0189005910258666
2013-06-27,0.5517130264702226,0.08263949886814144,0.14978710833937817
2013-06-28,0.5417052983785349,-0.040326287341814766,-0.07444322118044969
2013-07-01,0.5317268883219999,0.3893645842775977,0.7322642372033078
2013-07-02,0.5272996710079055,-0.3240113845056855,-0.614472950241662
2013-07-03,0.5213409357363505,-0.08644820648037986,-0.16581894985529763
2013-07-05,0.5120024020958173,-1.341196646882887,-2.619512411256017
2013-07-08,0.5655314582962991,0.2548669702601975,0.4506680689841748
2013-07-09,0.5571847426542497,-0.6885303438276108,-1.235730792892269
2013-07-10,0.5627965325961247,0.567843821510807,1.0089682302970129
2013-07-11,0.5631279546586448,1.55069090572084,2.7537096904749347
2013-07-12,0.6287262401708579,0.02111064637133143,0.03357684954519245
2013-07-15,0.6169089594546938,-0.06321843584726697,-0.10247611884766243
2013-07-16,0.6054439390881842,0.8078328812536392,1.3342818865612207
2013-07-17,0.6142766649970016,-0.3753456197162598,-0.6110367544534545
2013-07-18,0.6070947585062724,-0.11648663609104597,-0.19187554242381497
2013-07-19,0.5961334940654244,0.4939593855496601,0.8286053215715625
2013-07-22,0.5927159169967884,0.3930991944868188,0.6632168686790113
2013-07-23,0.5865690983986538,0.14969361458084232,0.255202012839594
2013-07-24,0.5763319399204362,0.12681021099080042,0.2200298165121767
2013-07-25,0.566110079599807,0.05112949892261853,0.09031723822823091
2013-07-26,0.5556563561735273,0.2699026483336524,0.4857366344053191
2013-07-29,0.5478219525909437,-0.046987008871867866,-0.08577058412800201
2013-07-30,0.5377360555573654,0.03593826755930643,0.06683254207690478
2013-07-31,0.5278287546586333,0.12631785340624674,0.23931597566703472
2013-08-01,0.5186572828317451,-0.4848040823947403,-0.9347291524527057
2013-08-02,0.5176577486613857,0.3909055828040927,0.7551429179123423
2013-08-05,0.5137126185956232,-0.07715917491885206,-0.15019910379034138
2013-08-06,0.5044812118484079,0.2995337815284324,0.5937461584167769
2013-08-07,0.4985967536249555,0.2536689027693555,0.5087656526543798
2013-08-08,0.4919121708266283,0.4773215644143142,0.9703390009891493
2013-08-09,0.49165513642883873,-0.3982595018100079,-0.8100383221922288
2013-08-12,0.488768261776999,-0.18934056123571316,-0.387383093467104
2013-08-13,0.48123370134854404,-0.4836957857823497,-1.0051161928744936
2013-08-14,0.48162904402790124,0.07369829410419994,0.15301879115897032
2013-08-15,0.4730652657554924,0.05857379068588473,0.12381756794665848
2013-08-16,0.46460567937216946,0.4421348376014733,0.9516345951666768
2013-08-19,0.4641261997833617,0.20826380387065013,0.4487223603577229
2013-08-20,0.45749301092326133,0.5884379146336957,1.2862227412964755
2013-08-21,0.46340620581522207,-0.42715197045623887,-0.9217657534490611
2013-08-22,0.46244624374617793,-0.039111927090217165,-0.08457615910852648
2013-08-23,0.45413639676704315,0.23004707627385834,0.5065594343715746
2013-08-26,0.44815236259146346,-0.16611052272291577,-0.3706563583919838
2013-08-27,0.4412535390231928,0.14033073216800612,0.318027437193269
2013-08-28,0.43418015362952395,-0.45092581445104707,-1.0385684621499578
2013-08-29,0.4352298496416625,-0.7323404501894282,-1.6826521682563491
2013-08-30,0.45027549318244947,-0.23642272343065057,-0.5250623829417543
2013-09-03,0.44451746614316584,-0.23701077663368036,-0.5331866454879554
2013-09-04,0.4389242536303901,0.3697490966354517,0.8423984174426836
2013-09-05,0.43693921239352157,-0.6929909493695371,-1.586012263750334
2013-09-06,0.44953814524168245,0.3557780048646681,0.7914300680165715
2013-09-09,0.44676613294866396,0.7172050230936291,1.6053254045020466
2013-09-10,0.4601161596404116,0.005781451890478431,0.012565200698442611
2013-09-11,0.4517941680805465,0.31450501323474833,0.6961245528487608
2013-09-12,0.44779487176105987,0.11098134136410534,0.24783968813140894
2013-09-13,0.4402566349479728,-0.2875510889262547,-0.6531442483773946
2013-09-16,0.43591545106795754,0.5616305507435294,1.2883933096832885
2013-09-17,0.44166256472085014,0.05820216676145743,0.13177971467480773
2013-09-18,0.43387792413872533,-0.03914890681057317,-0.09023023443353607
2013-09-19,0.4261810314913987,1.31542142180038,3.086532071118065
2013-09-20,0.489780067207372,-0.03118849196658457,-0.06367856524748979
2013-09-23,0.48086781291721575,-0.009010353476334668,-0.018737693050555358
2013-09-24,0.4721086853712844,-0.21635858762488297,-0.4582813117592409
2013-09-25,0.4654147513307466,0.3461947163107649,0.7438413056760677
2013-09-26,0.46185433300700357,-0.37911909731482957,-0.8208629219660922
2013-09-27,0.45937897318282506,0.3980694350739621,0.8665382142241351
2013-09-30,0.457589230118093,-0.008993961847979869,-0.01965509949973853
2013-10-01,0.449322865390306,-0.0016070737325957684,-0.0035766569128410095
2013-10-02,0.44122904650682326,0.4334161078501873,0.98229278258426
2013-10-03,0.4413351647849598,0.3729699381801508,0.8450945402501069
2013-10-04,0.4393687547505934,-0.43500680220231397,-0.9900722286209098
2013-10-07,0.4396065953674094,-0.08997930088791777,-0.2046814170581674
2013-10-08,0.43207026919744634,0.10154220466887613,0.2350131724117163
2013-10-09,0.42479873584585753,-0.5035387116745912,-1.1853583101464436
2013-10-10,0.42843576546826406,0.16845525292202554,0.3931867189890422
2013-10-11,0.42204674142690585,0.18294249328125192,0.43346500594398185
2013-10-15,0.4160426554803177,-0.47475767560337867,-1.1411274044851842
2013-10-16,0.4188423833526838,-0.023865746666428468,-0.05698025704894448
2013-10-17,0.4114270852754054,1.2873781345454465,3.129055379724667
2013-10-18,0.47463607341607883,0.21779308227872163,0.4588633154475773
2013-10-21,0.4679036402867326,-0.14769930179020208,-0.31566179245729215
2013-10-22,0.46030175604155377,0.7780985876619161,1.6904097745646514
2013-10-23,0.4763506727359375,0.06382818113607452,0.1339941030616689
2013-10-24,0.46784642052489717,0.17971974766453244,0.38414261556794016
2013-10-25,0.4606713638319085,-0.11014378931964526,-0.2390940656772296
2013-10-28,0.4528371487888828,-0.052231602673457264,-0.11534301638712983
2013-10-29,0.44478306444042653,-0.11034572039917957,-0.24808885324355484
2013-10-30,0.43730655029971655,0.013043352333004733,0.02982656519566244
2013-10-31,0.4294764714911404,-1.2878598301637616,-2.9986737706312945
2013-11-01,0.48980888186914723,-0.7770303146041995,-1.5863949049657773
2013-11-04,0.5037773285682706,0.21315821114486752,0.4231198965436986
2013-11-05,0.49624739186774725,-0.3351363910866106,-0.6753413651711974
2013-11-06,0.4914511217512186,0.450226627932876,0.9161167977978262
2013-11-07,0.49025473449406337,-1.0343467960710775,-2.1098150069647166
2013-11-08,0.5211838275920367,-0.24097531892078966,-0.46236146665206224
2013-11-12,0.5136926466774299,0.5359301641724906,1.0432895382849907
2013-11-13,0.5147760101969834,0.21408386317084363,0.4158777000678851
2013-11-14,0.5069939991041158,0.09492125871407374,0.18722363357713195
2013-11-15,0.49802082597512126,0.09484187042378413,0.19043755898778814
2013-11-18,0.4892413048545787,0.3020779649561832,0.6174416631604162
2013-11-19,0.48384006214361663,0.07232735253098524,0.14948607647441264
2013-11-20,0.4752208302816526,-0.5724262375873964,-1.204547867247596
2013-11-21,0.4795225906144313,0.14693522147329913,0.30641981076433794
2013-11-22,0.47164486984274523,0.5757944695231574,1.2208220768205058
2013-11-25,0.47626916378259065,-0.3269483460015829,-0.6864780902566047
2013-11-26,0.47185668749909687,0.3975474849854767,0.8425174327665699
2013-11-27,0.4696166096675142,0.06478285488538313,0.13794838928556852
2013-11-29,0.4612619961146213,0.3223189461196066,0.6987762894723977
2013-12-02,0.4571809136340701,-0.3918919494265777,-0.8571922793352873
2013-12-03,0.4552683581760948,0.3887543754155302,0.8539015910812817
2013-12-04,0.4533216870034391,-0.3550569675415499,-0.7832340206103051
2013-12-05,0.4504041020802574,0.8066968614490095,1.7910513197441182
2013-12-06,0.4689786545852626,0.19588167730482164,0.41767717014337885
2013-12-09,0.4620220908107394,0.2684019704990181,0.5809288686349091
2013-12-10,0.4566162714307788,0.2895108627032491,0.6340353614558779
2013-12-11,0.45184722431218766,0.24523300482510985,0.5427343394626563
2013-12-12,0.44622537565766784,-0.3281571524464001,-0.7354067481320324
2013-12-13,0.4427662585307516,-0.19803285654400446,-0.4472627548475454
2013-12-16,0.4364944124884777,0.24594750015599393,0.5634608213054417
2013-12-17,0.43130332997795984,-0.059661197236620264,-0.13832769906893375
2013-12-18,0.42375139505318454,0.13662395074898603,0.3224153415042764
2013-12-19,0.4170418686363298,-0.7232973098681155,-1.7343517863882572
2013-12-20,0.43284906945808377,0.056990348726275536,0.13166332735247885
2013-12-23,0.42524975959262645,0.21035520629319282,0.49466272830984154
2013-12-24,0.41964594895012114,-0.17685365750121265,-0.4214353979674265
2013-12-26,0.41360311869349015,0.10809820422075574,0.26135732380892496
2013-12-27,0.4068120959037299,0.5593959194719831,1.375071992953625
2013-12-30,0.4140056902056024,0.36833713871097723,0.8896910052807598
2013-12-31,0.41285647811349113,-0.2623832313706681,-0.6355313414715051
2014-01-02,0.40870460996987845,-0.7884228757003009,-1.9290775207023176
2014-01-03,0.4294433724105891,-0.4634964294084371,-1.079295802859172
2014-01-06,0.4311880134200114,0.22602968716924113,0.5242021580712872
2014-01-07,0.4257301437911992,-0.12630926959769898,-0.2966885747692035
2014-01-08,0.41885323346644915,-0.22947817727598216,-0.5478725217824151
2014-01-09,0.41379698246034585,0.04257727230048233,0.10289411016805206
2014-01-10,0.4065479624113199,0.5414642591908612,1.3318582535239505
2014-01-13,0.412863681325546,-0.11871052713325467,-0.287529595124766
2014-01-14,0.40620033667057354,0.2619197601734291,0.6448043896769212
2014-01-15,0.4022323158578835,-0.5659418674952466,-1.407002483846188
2014-01-16,0.410018326493794,-0.02362598840379337,-0.057621786337765005
2014-01-17,0.4027935108146816,-0.3330271509180466,-0.8267937342001188
2014-01-21,0.40090302208067025,0.05003903172331503,0.1248158007480575
2014-01-22,0.39396862617828066,-0.09751672006329017,-0.24752407573480587
2014-01-23,0.3875251338850469,0.9901425920597396,2.555040965042153
2014-01-24,0.4261735802940504,0.005781451890478431,0.013565955652364365
2014-01-27,0.4185762015154164,-0.0015287568192512684,-0.0036522783992891756
2014-01-28,0.41114087192217297,-0.11857392787448157,-0.28840219003312095
2014-01-29,0.40451595702513665,0.01310075655980673,0.03238625407054745
2014-01-30,0.3973924500536436,-0.8320890973152004,-2.0938724356813463
2014-01-31,0.42225902639195495,-0.356524390100542,-0.8443262732520113
2014-02-03,0.42043279599741645,0.17600685657438322,0.41863255733138566
2014-02-04,0.4143569163560211,-0.11260553936909566,-0.27175976778518024
2014-02-05,0.40759426221808004,0.09458483225461363,0.2320563389187426
2014-02-06,0.40081334087683435,0.6325578281585462,1.5781855633216673
2014-02-07,0.4123153947772518,0.07926223997154323,0.1922369161461062
2014-02-10,0.4053048146023184,0.22590040495445962,0.557359293094288
2014-02-11,0.40054421043141025,0.07904689585939294,0.19734874153905424
2014-02-12,0.39379545455294984,-0.4493320107552837,-1.1410289417011703
2014-02-13,0.3965292621892497,0.5706925319789906,1.4392192112838795
2014-02-14,0.4048935626021219,0.15929586487464154,0.3934265189372184
2014-02-18,0.3989442529682117,0.5012648322369524,1.2564783889163926
2014-02-19,0.40373678899750914,0.03485121953706953,0.08632163450748737
2014-02-20,0.3966793314177498,-0.5187716961025897,-1.3077860503809873
2014-02-21,0.40241641440608733,0.23925594872464473,0.5945481848143656
2014-02-24,0.3980272058085813,0.16597954921051422,0.4170055382855836
2014-02-25,0.39235091661841925,0.04215434721019103,0.10744041985044787
2014-02-26,0.3855699612204011,-0.5850945423146482,-1.517479578706584
2014-02-27,0.3953774658759446,0.4146605262062598,1.048771267951739
2014-02-28,0.39663042448506464,0.6014969803985328,1.5165175015997356
2014-03-03,0.40665159855124555,-0.3061633764983572,-0.7528886584710548
2014-03-04,0.4038350982559667,-0.22699671388760026,-0.5621024890306111
2014-03-05,0.3991382066369318,0.02762743777746903,0.0692177228791324
2014-03-06,0.39215973305762664,0.8324122194328271,2.1226356233532693
2014-03-07,0.4175549183499088,0.15010244677737164,0.3594795323464172
2014-03-10,0.41116682858635606,0.09227417747861114,0.22442028651937102
2014-03-11,0.4042850621273689,-0.08792237880263526,-0.21747619944200547
2014-03-12,0.3975220726901741,0.2722466270213953,0.6848591455035565
2014-03-13,0.39407310006181157,0.17106480668234794,0.4340940974035424
2014-03-14,0.38857840237583224,-0.015761760285759468,-0.040562625687350286
2014-03-17,0.3818058097395492,0.027324664066716232,0.07156691535248218
2014-03-18,0.3752064741212746,-0.09479326923104486,-0.25264294666836073
2014-03-19,0.36917006561896215,-0.01578344054833157,-0.042753847124274706
2014-03-20,0.36282439719227183,-0.9041692190818232,-2.4920298251131006
2014-03-21,0.397144901976966,-0.001473599442188769,-0.0037104830877930702
2014-03-24,0.3901734994459329,0.013036503223148931,0.03341206730252429
2014-03-25,0.38336219669005867,-0.04501496442618367,-0.11742150064571298
2014-03-26,0.37679207677296267,0.07108639199030613,0.1886621199658067
2014-03-27,0.37052059472328286,-0.24115018640072627,-0.6508415182179692
2014-03-28,0.3671047316227987,0.01305285709272853,0.0355562213405094
2014-03-31,0.3608006937513414,0.18013674487959525,0.4992693972028304
2014-04-01,0.35633339570211486,0.20156846921999022,0.5656738089979533
2014-04-02,0.3524206373672826,-0.306208643370759,-0.8688726223817512
2014-04-03,0.35145558151294526,-0.3801085751877489,-1.0815266428589874
2014-04-04,0.35321929945409136,-0.02340284716387617,-0.0662558563477302
2014-04-07,0.34724426080899756,0.3045175114295041,0.8769547716067354
2014-04-08,0.34641257945058473,0.4196202100105858,1.211330750967847
2014-04-09,0.35008936068522795,0.10716461648720903,0.3061064645822322
2014-04-10,0.3447777869468569,0.5543608556354921,1.6078786877326867
2014-04-11,0.35550200772478546,0.048962452921266636,0.1377276410747342
2014-04-14,0.3495747953719745,-0.5280918311530911,-1.5106690703806627
2014-04-15,0.3584969159127747,-0.12451172615112327,-0.34731603153154605
2014-04-16,0.3531961339825421,0.10713525771446863,0.3033307768871676
2014-04-17,0.3478094065566449,0.09257445603704834,0.26616432532272954
2014-04-18,0.34239386826067814,-0.10995930177071576,-0.3211485717582984
2014-04-21,0.3373023009883545,-0.18258345202621826,-0.5413050889105023
2014-04-22,0.33352799550077544,0.10725279494513894,0.32157059195017285
2014-04-23,0.3286206090253379,0.07819799499288674,0.23795828029415336
2014-04-24,0.323523077162025,0.10707659115017083,0.33097048930622447
2014-04-25,0.31886085358219785,0.07807235361459373,0.2448477219373302
2014-04-28,0.3139954998527112,0.04913092153833693,0.15647014546827337
2014-04-29,0.30902485720091033,-0.2545976913120962,-0.8238744728116525
2014-04-30,0.3079815176772927,0.4537914504572789,1.4734372824695536
2014-05-01,0.3154488644627173,-0.01585030361082147,-0.05024682411781135
2014-05-02,0.3103139269962211,-0.01585498395174167,-0.05109336891584227
2014-05-05,0.3052975055459636,0.14993601051397323,0.49111443031885454
2014-05-06,0.3017771825964574,0.2934686468557528,0.9724679789597779
2014-05-07,0.3023149120493988,-0.044504099257142965,-0.1472110619864855
2014-05-08,0.29759289128212607,-0.3757747505506432,-1.262714135850774
2014-05-09,0.30173297698461377,-0.7253905897004698,-2.404081240803386
2014-05-12,0.3283546973440522,-0.01601849732932177,-0.04878412722245141
2014-05-13,0.3229246367562288,-0.350958761177479,-1.0868132103603254
2014-05-14,0.32477012543099343,0.05682232215164133,0.1749616658128084
2014-05-15,0.31959563738963565,-0.037966270280080865,-0.11879470755664356
2014-05-16,0.3144361550542651,-0.023394332415671168,-0.07440089836880812
2014-05-19,0.3093424307064579,0.06412451072161633,0.20729296842716524
2014-05-20,0.30458545738658066,-0.09634125010616516,-0.31630285612713477
2014-05-21,0.3002644983992663,-0.323178236551521,-1.0763118459705017
2014-05-22,0.301999677414728,-0.03083651329220707,-0.10210776897572682
2014-05-23,0.29722038324688316,-0.17017167268356187,-0.5725437496061987
2014-05-27,0.294337232819446,-0.06762382190405776,-0.2297494654559722
2014-05-28,0.28997208366888205,-0.15590007080004986,-0.5376382058145691
2014-05-29,0.2870017479741991,0.09400377785959493,0.3275373008113027
2014-05-30,0.28309851175098355,0.24066118406603343,0.8500969594560128
2014-06-02,0.28256083660221926,-0.24379659735422876,-0.8628109977513917
2014-06-03,0.28214375482290166,0.13798859564229063,0.48907194748614746
2014-06-04,0.2790499680048889,-0.030925225466206466,-0.11082325394018559
2014-06-05,0.274816889952058,-0.0015615007140746687,-0.005681967779880901
2014-06-06,0.2706203476463441,0.15987034028680525,0.5907550621275872
2014-06-09,0.26831085964821283,-0.3614879487472838,-1.3472728954066082
2014-06-10,0.27335568811041655,-0.3333018746221324,-1.2192973811011454
2014-06-11,0.27679887829490446,-0.07547432358675037,-0.27266845896080266
2014-06-12,0.27294491951408306,0.18298173452475874,0.6703980233466755
2014-06-13,0.27111114084362786,-0.24534505574138357,-0.9049611719309398
2014-06-16,0.27118407439861986,0.41906617298738963,1.545319996820294
2014-06-17,0.27909296256502425,-0.2523212687316142,-0.904076069896701
2014-06-18,0.2790900330404875,0.18283793488420613,0.6551216927824932
2014-06-19,0.27705514024627714,0.3956741737099705,1.4281423306503236
2014-06-20,0.28332666845788457,-0.24416354333514217,-0.8617739539454478
2014-06-23,0.28289272827481443,0.05729181029053414,0.2025213254505374
2014-06-24,0.27872318247579486,-0.031008953586850272,-0.11125358612588022
2014-06-25,0.27449834217643937,0.3730778319028273,1.3591259930561765
2014-06-26,0.2797667245474489,-0.19973829161816226,-0.7139458487826215
2014-06-27,0.2781450466075213,0.15996084442360423,0.5750986629983679
2014-06-30,0.2756090609747457,0.4376843230556256,1.5880621685936915
2014-07-01,0.2842788140391099,-0.05998158434755986,-0.21099561903796266
2014-07-02,0.28009632052292666,-0.17712089269328377,-0.6323570847435889
2014-07-03,0.2778910434623802,-0.3316354309860004,-1.1934009346036945
2014-07-07,0.2810319955357218,-0.03831349995207937,-0.13633145179446077
2014-07-08,0.2767857089115404,0.07926223997154323,0.28636680803803755
2014-07-09,0.27297221452559256,0.12323852015864113,0.4514691005193383
2014-07-10,0.26987364819964704,-0.21456384475300136,-0.7950529671362037
2014-07-11,0.26901352493675607,-0.00892551188338447,-0.03317867339749115
2014-07-14,0.26496238717353005,0.16743921360033542,0.6319357829859662
2014-07-15,0.26300373719726616,-0.3398960886633526,-1.2923622009538718
2014-07-16,0.2672962939993503,-0.3115268614226573,-1.1654739269352328
2014-07-17,0.2700820471903243,0.005781451890478431,0.021406279871702454
2014-07-18,0.2660017873658318,-0.10514479353809486,-0.39527852267206537
2014-07-21,0.2628054388124507,0.07235196361334663,0.2753061882595973
2014-07-22,0.2592772422395657,-0.3943079904462158,-1.5207967619536966
2014-07-23,0.2665894955730146,-0.05362743148464417,-0.20116108239514813
2014-07-24,0.26279612141177955,0.05034142292114754,0.19156075306859927
2014-07-25,0.2590734355434872,-0.2693218852985087,-1.0395580879742539
2014-07-28,0.2605153767476207,0.07276816869702384,0.2793238909944245
2014-07-29,0.2570508894158108,-0.21768232825115927,-0.8468452637758894
2014-07-30,0.2567587274864385,-0.23313160784659667,-0.9079792929683772
2014-07-31,0.2569846089926498,0.09544075257694513,0.3713870373446174
2014-08-01,0.2538930020832387,0.3487326565869857,1.3735418216554622
2014-08-04,0.2591307707088925,-0.15809195535960247,-0.6100856140207407
2014-08-05,0.25713789558007133,-0.3526954069762222,-1.3716197147082694
2014-08-06,0.26238585784010504,-0.07655080080495207,-0.2917489587095096
2014-08-07,0.2589136426397626,0.05818254602663733,0.22471796168573918
2014-08-08,0.255351072338365,0.3792785619601244,1.4853219862634583
2014-08-11,0.26209451303356013,-0.19573371127614597,-0.7468058335547187
2014-08-12,0.26096425779850335,-0.20362704584426586,-0.7802871073688992
2014-08-13,0.2600999578517106,0.08062055132723993,0.3099598784756578
2014-08-14,0.2567339551160971,0.07308878719145194,0.2846868742329024
2014-08-15,0.2533714817091718,0.12532719236785153,0.49463811602801555
2014-08-18,0.25087061021770957,-0.24842429247704287,-0.9902486874068519
2014-08-19,0.2518803470554288,-0.2790976672296402,-1.1080565454684799
2014-08-20,0.2540401097077827,-0.2648547078838241,-1.0425704357807168
2014-08-21,0.2555326561592376,0.005781451890478431,0.022625099967166877
2014-08-22,0.2518079882542135,-0.3486550263961528,-1.3846066950194094
2014-08-25,0.2571641172148256,-0.22868524403494606,-0.8892579824576018
2014-08-26,0.25722474508350596,-0.12303084097270817,-0.47830095402667105
2014-08-27,0.25456948344232905,0.02852509324548193,0.11205228867090071
2014-08-28,0.2509267520353936,-0.10039982467647286,-0.4001160651946402
2014-08-29,0.24807432950865227,-0.20691993489498806,-0.8341045819002049
2014-09-02,0.2477830931508664,-0.19213290060135066,-0.775407628333898
2014-09-03,0.24705691668607685,0.09717521301220083,0.3933312789444249
2014-09-04,0.244264122404373,-1.6057951350463977,-6.574011439911937
2014-09-05,0.3929010207019169,0.23760289872840393,0.6047398357579393
2014-09-08,0.38874544636667635,-0.055985072618031165,-0.1440147354555103
2014-09-09,0.3821103681836201,-0.29587790205208947,-0.7743257621052243
2014-09-10,0.3797995011149563,-0.001965381595207769,-0.005174787195449461
2014-09-11,0.37320718248466467,0.22246626039952982,0.5960931912361336
2014-09-12,0.369272845341075,0.15255062581722853,0.41311086840497774
2014-09-15,0.36410848188719463,-0.02509942537184767,-0.06893392112635208
2014-09-16,0.35789482483465546,0.19863066505117843,0.5549973100140362
2014-09-17,0.3538759205903234,-0.13303248263868678,-0.37592973948825525
2014-09-18,0.34880625017182426,-0.3420987644346317,-0.9807701675818928
2014-09-19,0.3492203422448416,-0.6000927022505916,-1.7183784266205806
2014-09-22,0.3623783722511116,-0.040976653699595265,-0.11307698482402898
2014-09-23,0.35625825233495934,0.23157669711967682,0.6500247940978079
2014-09-24,0.3530363420314895,-0.5401140002995314,-1.5299104822793437
2014-09-25,0.3624051312089291,-0.3075020123600204,-0.8485034727136447
2014-09-26,0.36112330492305167,-0.4817558824479824,-1.3340481654891676
2014-09-29,0.3669592990228205,0.13969773485231113,0.38068999811236176
2014-09-30,0.3616594928042116,-0.5863800826673667,-1.6213595780957701
2014-10-01,0.3731065634783035,-0.07343902282225867,-0.19683122735129588
2014-10-02,0.36693601887473093,0.4170442903334746,1.136558606626869
2014-10-03,0.3695300736066892,-1.2091459468256365,-3.2721178415172663
2014-10-06,0.43189509194884745,0.6031785848065851,1.3965858747892974
2014-10-07,0.439910868885563,0.275430278929103,0.6261047371410878
2014-10-08,0.4352869701371842,0.4562148658763452,1.0480783877646633
2014-10-09,0.4364965414338171,0.005781451890478431,0.013245126459621748
2014-10-10,0.4286778435777967,-0.3654816626548881,-0.8525788494327915
2014-10-14,0.42691316187298145,0.19553482950961953,0.4580201478252774
2014-10-15,0.4209990482902126,0.9335339983026189,2.217425436218787
2014-10-16,0.451181449413564,0.2715104085664818,0.6017765334088652
2014-10-17,0.4461466094530142,-0.4401065634232066,-0.9864617462021893
2014-10-20,0.44630597804514016,0.22506261110145934,0.5042787284348141
2014-10-21,0.4404308988617042,-0.456837478008225,-1.0372511991981572
2014-10-22,0.4414518760664845,-0.5142733014879262,-1.1649589216163494
2014-10-23,0.44478064075836704,0.005781451890478431,0.01299843419583381
2014-10-24,0.43678495230083636,0.13999376430381053,0.32050958616218445
2014-10-27,0.4298116051953507,0.2972694276072759,0.6916272711439843
2014-10-28,0.426028848951584,0.2807335085274017,0.6589542215703463
2014-10-29,0.4219383012937936,0.12338701642758554,0.292429049577255
2014-10-30,0.4151164318829242,-1.0972867765202552,-2.643322914352194
2014-10-31,0.4596381510044264,-0.725773973516616,-1.5790116027806114
2014-11-03,0.47263317585699405,-0.3379851256064092,-0.7151108785234203
2014-11-04,0.4686225937975047,0.5409051281236759,1.1542446635797612
2014-11-05,0.4718526990798047,-0.5213342163304389,-1.1048664495236156
2014-11-06,0.47411763718917527,-0.5885500702765042,-1.2413587348611328
2014-11-07,0.4792025066299052,0.07020406645550013,0.14650187652236074
2014-11-10,0.4706710264174912,0.029929236448604332,0.0635884402666773
2014-11-12,0.462160262773276,0.2549677067909702,0.5516867790860912
2014-11-13,0.4564628659837896,0.16621787327643822,0.36414325383993257
2014-11-14,0.4493675385366078,0.14995448447260562,0.3337011947078806
2014-11-17,0.44222394553951366,-0.3711084533632944,-0.839186699649522
2014-11-18,0.4401679845772982,0.70231363025481,1.595558184290153
2014-11-19,0.4530921269224608,0.11741530448526713,0.25914223070435477
2014-11-20,0.4454966789500694,-0.16969917063058088,-0.3809212922316768
2014-11-21,0.4387127321665523,-1.0536185044400468,-2.4016136920321984
2014-11-24,0.47657061485438046,0.2716854802846441,0.5700844152291252
2014-11-25,0.4708378627699755,0.3672421450522718,0.7799758135247618
2014-11-26,0.46770762846931657,0.2540298276291904,0.5431380891959425
2014-11-28,0.4618419936201557,-0.5154498312260264,-1.1160739784307288
2014-12-01,0.46430206584674405,0.42298359746935593,0.9110095099360888
2014-12-02,0.46316608611957516,-0.7980813977530502,-1.7230998159632316
2014-12-03,0.4802388370073798,-0.6907468358858275,-1.4383402229403885
2014-12-04,0.4900367713766979,1.0407195380908296,2.1237580501705136
2014-12-05,0.521460921208441,-1.0291566343098848,-1.9736026084656593
2014-12-08,0.549158529785737,-0.09179539761449977,-0.16715646327175365
2014-12-09,0.5392602524669724,1.0014589210796472,1.8570976008304685
2014-12-10,0.5635761744774456,0.08629675414671494,0.15312349608592005
2014-12-11,0.5533385336688916,-0.21982496077777536,-0.3972702918776209
2014-12-12,0.5447218214468724,0.7051131071427893,1.2944462281130775
2014-12-15,0.5517293950784177,-0.10642501976829606,-0.19289351032886293
2014-12-16,0.5418764347935038,0.2780647946135007,0.5131516647692284
2014-12-17,0.5345473481267454,-0.7810552049344965,-1.4611525202989168
2014-12-18,0.545958042608321,-0.92551247991772,-1.6952080703785828
2014-12-19,0.5649193040371306,-0.4508775819304041,-0.7981274116643908
2014-12-22,0.5612131225383066,0.14463065947985865,0.25771075848281977
2014-12-23,0.5514821439919253,-0.5836112169873129,-1.058259498236552
2014-12-24,0.5528788822151764,0.07144133606164733,0.12921697384318412
2014-12-29,0.5427870721005092,-0.06808894995845097,-0.12544320500294223
2014-12-30,0.5328916310818107,-0.03528125143359626,-0.06620717867528268
2014-12-31,0.5230838994272622,-0.5956621736912577,-1.1387507326137611
2015-01-02,0.5261922780415141,-0.7074410108578403,-1.3444534258293057
2015-01-05,0.5342818746012333,-0.8048192344740365,-1.5063569863280903
2015-01-06,0.5469973300121183,0.15669956555226813,0.2864722676960719
2015-01-07,0.5377059097856682,-0.9708216964548148,-1.8054882395504788
2015-01-08,0.5601346408883895,-0.07038968293370816,-0.1256656485699012
2015-01-09,0.5498851032654749,0.16651918794901413,0.30282542109277977
2015-01-12,0.5406389921753767,0.022686193710798032,0.04196181562768027
2015-01-13,0.5306437159672212,-0.4431625912946511,-0.8351415044779802
2015-01-14,0.5278380733683486,0.23474063607550832,0.4447209246910387
2015-01-15,0.5200749983297148,-1.7717392845344102,-3.406699591836889
2015-01-16,0.6147575348240557,-0.6950650248573763,-1.1306327868861414
2015-01-20,0.6179995205463901,0.3697964144264556,0.5983765393531513
2015-01-21,0.6105886534720151,0.22182958501352512,0.36330446652116205
2015-01-22,0.6006630128935841,-1.4726349009939579,-2.4516823399859575
2015-01-23,0.65456765294714,-1.1840267937831872,-1.8088684774632515
2015-01-26,0.6817843774530712,0.10326030226957113,0.15145595247476726
2015-01-27,0.6691674695447215,0.7118744119778712,1.0638210080089607
2015-01-28,0.6707803551621674,-0.24078436517035898,-0.3589615636733236
2015-01-29,0.659734235472531,-0.2944395241587687,-0.44630020442682955
2015-01-30,0.6497674198573549,-0.15352471508685206,-0.2362764127517439
2015-02-02,0.6381965321256803,0.4212149392795763,0.6600081919539893
2015-02-03,0.631444760009514,1.1023317612989,1.74572952554439
2015-02-04,0.6551868632194391,-0.3788344068573602,-0.5782081847548868
2015-02-05,0.6469735560891319,0.12831976044036783,0.1983384934865708
2015-02-06,0.6352538125758376,-0.8904551068746582,-1.401731228127583
2015-02-09,0.6466263852483148,-0.11786070816895057,-0.18227018083045
2015-02-10,0.6348382084157387,0.005781451890478431,0.00910696901011401
2015-02-11,0.6228832134959634,-0.13571132021211246,-0.21787602759500588
2015-02-12,0.6117351378738121,0.9745252674594385,1.593050990738515
2015-02-13,0.6291263694635114,-0.011748568313939469,-0.018674417230290445
2015-02-17,0.6172915663874298,-0.10823864553878217,-0.1753444424524156
2015-02-18,0.6060566846702797,-0.4604198586906406,-0.7596976823069419
2015-02-19,0.6013160124750245,0.44565195966883153,0.7411277105935068
2015-02-20,0.5963051816849039,-0.16993463619618296,-0.2849793049190353
2015-02-23,0.5860619231525155,-0.22311203654730927,-0.38069703513095676
2015-02-24,0.5767234589917544,-0.33854414323625687,-0.5870129573506687
2015-02-25,0.5697343565282618,0.4998274501668698,0.8772991209668708
2015-02-26,0.5674066396553694,-1.3320015114425536,-2.347525422422943
2015-02-27,0.6135005954863125,-0.12809335055772436,-0.20879091479314169
2015-03-02,0.6024913413389782,-0.05675484353212097,-0.09420026419962961
2015-03-03,0.5913010176842977,0.20219254976126483,0.3419452084711576
2015-03-04,0.5815544764811069,-1.2688072063091511,-2.1817512505217063
2015-03-05,0.6211783047045042,-0.5740353564073605,-0.9241072201973156
2015-03-06,0.6195233573258874,-1.37569607884072,-2.2205717711415742
2015-03-09,0.6635178867350247,-0.07716403924813486,-0.11629534152852501
2015-03-10,0.6511464867418022,-1.2840800723831165,-1.9720294872638853
2015-03-11,0.6853951907386542,-1.2252635547897677,-1.7876745727808425
2015-03-12,0.7129117183616827,0.3738626564793711,0.5244164836265165
2015-03-13,0.7030889316226253,-0.8551917458268482,-1.2163350998190117
2015-03-16,0.7092795766235113,0.4892176273200293,0.6897387764200466
2015-03-17,0.7022042013899967,0.2890677603208891,0.4116576912366606
2015-03-18,0.69113707357546,0.3634625561166222,0.5258906952224702
2015-03-19,0.68166330309472,-0.20114112005998946,-0.29507400375936044
2015-03-20,0.6698806472208829,1.602976008495697,2.392927777725664
2015-03-23,0.7266105379133332,1.2580998441884352,1.7314638015042052
2015-03-24,0.7531413411084402,-0.17740233261873797,-0.23554985357415786
2015-03-25,0.7395735531997906,0.718308445599131,0.9712467982276335
2015-03-26,0.738656392310949,-0.6059529369594668,-0.8203448088544821
2015-03-27,0.7339953037987427,-0.250981641947516,-0.34193902964852446
2015-03-30,0.7216527732353223,-0.6667532125409243,-0.9239252411540365
2015-03-31,0.7195674748577862,-0.7085404314420516,-0.9846754560190287
2015-04-01,0.7190528321205802,0.2568392805366765,0.35719111178412866
2015-04-02,0.7071258402383332,0.985366034026168,1.3934804499494111
2015-04-03,0.7193774764714995,1.066896421070591,1.4830828820269013
2015-04-06,0.7352241272802315,0.16943272943625723,0.23045044789679184
2015-04-07,0.7219670583109958,-1.4399386685614572,-1.9944658859229927
2015-04-08,0.7609825482468032,-0.2895852018328456,-0.3805411865226202
2015-04-09,0.7485569559384118,-1.3623817295902698,-1.820010780452037
2015-04-10,0.7800962049900317,-0.6806663044952566,-0.8725414892948419
2015-04-13,0.7764205821394354,-0.14530450697255617,-0.1871466448920867
2015-04-14,0.7621042383868732,0.8526859210232661,1.1188573400774215
2015-04-15,0.7655197261952964,-0.7089103244539714,-0.9260510215423462
2015-04-16,0.7633106861224331,1.3742534592349014,1.8003854580053325
2015-04-17,0.7944820949061644,0.3589088516488304,0.45175197018281554
2015-04-20,0.7823661602915936,-0.15204246797851168,-0.19433671303197003
2015-04-21,0.7679745280034899,-0.04068479122055517,-0.05297674563025388
2015-04-22,0.753352049070626,-0.2641493677537009,-0.3506320425882815
2015-04-23,0.7407467539299301,0.6931332199143615,0.9357222508732418
2015-04-24,0.7388871805936786,0.6792467954280967,0.9192835026347835
2015-04-27,0.7366122351721874,0.15278625601937543,0.20741748334340487
2015-04-28,0.7231870377128871,0.8013596959987193,1.1080946618361094
2015-04-29,0.7261501606878935,1.7663108303266395,2.43243192104149
2015-04-30,0.7899544658702355,-0.10166841518102597,-0.12870161455322016
2015-05-01,0.7750961202806719,0.2920582621830774,0.37680263717139945
2015-05-04,0.7623824017078195,-0.4329139112430831,-0.5678435261271888
2015-05-05,0.7525008310897352,0.2656498718029613,0.35302269556069465
2015-05-06,0.7399348307633281,1.524528171375285,2.0603546528584933
2015-05-07,0.7833975226244994,-0.5422135556591203,-0.6921308020513308
2015-05-08,0.7755393927594624,-0.3671545157744252,-0.4734182675983038
2015-05-11,0.7640273688627743,-0.878824236213152,-1.150252297272084
2015-05-12,0.7684612956892879,0.8814907385825986,1.1470854075896257
2015-05-13,0.7728121649641014,1.173316384211309,1.5182426434317473
2015-05-14,0.7912623248828844,-0.02939884750490467,-0.037154362820517234
2015-05-15,0.776149127521806,0.5321908092631926,0.6856811280100816
2015-05-18,0.7682412943625798,-0.6438565101087487,-0.8380915147798259
2015-05-19,0.7637838234020207,-1.7983110246404856,-2.354476449410133
2015-05-20,0.8259422052956826,-0.6419940925783998,-0.7772869438831613
2015-05-21,0.8195616929374642,0.4291101633470427,0.5235849442999595
2015-05-22,0.8081264188260265,-0.8336115356027711,-1.031536052012465
2015-05-26,0.8088699712308289,-1.427444048904002,-1.7647385855255704
2015-05-27,0.8400065441545225,0.11605530978455163,0.13816000671918907
2015-05-28,0.8241955263997839,0.24429179337799853,0.29640029040815546
2015-05-29,0.8097758646224186,0.7361115193333289,0.909031191830547
2015-06-01,0.8069169774952699,-0.7337115788611047,-0.9092776572115261
2015-06-02,0.8040778182097152,1.97472406754056,2.4558867597383753
2015-06-03,0.8762276711048911,1.3888059500950414,1.5849829854651907
2015-06-04,0.900349859214202,-0.11835404906527607,-0.13145339875831366
2015-06-05,0.8833171897082294,-1.4509671296483604,-1.6426343181746896
2015-06-08,0.9106132161033494,1.115909235780688,1.2254481002986437
2015-06-09,0.9187664721227281,0.4676760375199463,0.5090260166323032
2015-06-10,0.9055929237630592,0.20940243322630783,0.23123240887988233
2015-06-11,0.8890808311581276,-0.624127919220612,-0.7019923243734939
2015-06-12,0.8802868585851784,0.3788830661898007,0.4304086361106789
2015-06-15,0.8664622918857999,-0.10067703935632256,-0.11619321498366121
2015-06-16,0.8500366025817214,-0.24306332636111116,-0.28594454123843843
2015-06-17,0.8350415658942919,0.059157487318389934,0.07084376363353234
2015-06-18,0.8191048835622549,1.418733252504481,1.7320532217247515
2015-06-19,0.8489392909819015,-0.6011072572028597,-0.7080686022997076
2015-06-22,0.8407138050255663,0.384419688786816,0.4572539269473822
2015-06-23,0.8279255472062969,-1.660332948571695,-2.0054133541043933
2015-06-24,0.8731922195754052,-0.10151469574227427,-0.11625698610969804
2015-06-25,0.8566332720565969,0.16668253246054693,0.19457863463600603
2015-06-26,0.8408000638212426,-0.35212873690597307,-0.4188019864147358
2015-06-29,0.8274727527100704,0.22068124806155262,0.26669306915399404
2015-06-30,0.8127292344116355,-0.22704752406865117,-0.2793642881974329
2015-07-01,0.7983697967165796,-0.6237736447725141,-0.7813091719374663
2015-07-02,0.7923235073463358,0.059898888044837534,0.07559902929732827
2015-07-06,0.7772543498662519,-0.12053815346555227,-0.1550819927688976
2015-07-07,0.7627593094486627,-1.1200702803662868,-1.468445244117565
2015-07-08,0.7789068724665912,1.0955125408070832,1.4064743546784815
2015-07-09,0.7928350306066241,-0.41961630234991937,-0.5292605474670528
2015-07-10,0.7818891602372162,1.1331891092122726,1.4492963540618418
2015-07-13,0.7976211035526131,-1.1669879662454405,-1.4630856192842234
2015-07-14,0.814239940095261,-0.03960089515573947,-0.04863541224851536
2015-07-15,0.7986791393463742,-0.4491783865550031,-0.5624015507937308
2015-07-16,0.7881938452698263,-0.6071281190040118,-0.7702776704583003
2015-07-17,0.7819810750817224,-0.45407404439622057,-0.5806713984079048
2015-07-20,0.7720416290573767,0.02421633073335543,0.03136661265652518
2015-07-21,0.7573103391908959,0.7129525121044529,0.9414271471140424
2015-07-22,0.7555416342013542,-0.3885155148703592,-0.5142211855486161
2015-07-23,0.7449260480076355,0.8475064581434227,1.1377054949416077
2015-07-24,0.7488731475552283,0.005781451890478431,0.007720201891805792
2015-07-27,0.7345969376249678,1.2372348987417987,1.684236396005018
2015-07-28,0.7592703071658833,-0.5084976623728257,-0.6697188834775947
2015-07-29,0.7512428663428886,-0.2568879623012889,-0.34195061784991104
2015-07-30,0.7385894717137567,-1.0151936884547001,-1.3745033301099403
2015-07-31,0.7506337734068225,1.0448938916414872,1.392015558931138
2015-08-03,0.7635288985654435,-0.5944932018720832,-0.7786125750957782
2015-08-04,0.7577226553459914,-0.07635407634105416,-0.10076784137619504
2015-08-05,0.7434130424292756,-0.7732885258603316,-1.0401869239923889
2015-08-06,0.7444129904023509,0.5014226684765453,0.6735812982058914
2015-08-07,0.736632697184599,0.3348493905166952,0.45456764517307663
2015-08-10,0.7254975929586286,0.33377008411493553,0.46005677669280526
2015-08-11,0.7146135836341433,0.44143289422892573,0.6177225067343859
2015-08-12,0.7062067586052092,1.4086821583753333,1.9947163365549563
2015-08-13,0.7444019415091614,-0.4776139930292064,-0.641607667036597
2015-08-14,0.7360303619170381,-0.29978183070611747,-0.4072954679822128
2015-08-17,0.7243358608888426,-0.2826629521721718,-0.3902374125523927
2015-08-18,0.7126544114056891,-0.4465851930457006,-0.6266504295747288
2015-08-19,0.7044228705073785,0.304572927747178,0.43237228729924904
2015-08-20,0.6935516144422379,1.2546184899836457,1.8089763816534752
2015-08-21,0.7223388787676552,1.3890274828580542,1.9229582176551285
2015-08-24,0.7577779251339251,1.9591048053029123,2.585328419215527
2015-08-25,0.834253898103754,-1.4731493751960032,-1.7658285787389767
2015-08-26,0.8664014251103931,-0.16965718959886886,-0.19581822545738758
2015-08-27,0.8503868773763235,-1.3288090404056094,-1.562593539196359
2015-08-28,0.8727287113231722,-0.5921409934294869,-0.6784937698815051
2015-08-31,0.8635756844675375,0.20250869051423112,0.23450022291803374
2015-09-01,0.84788951949996,0.6202911115296539,0.7315706790378402
2015-09-02,0.8402163588551066,-0.18084379667714756,-0.2152347960989101
2015-09-03,0.8248369761174968,-1.2293546296529831,-1.4904213380922235
2015-09-04,0.8432143262814339,0.12278790059338773,0.14561885011475204
2015-09-08,0.8273739141332173,0.5887688871880606,0.7116116149309267
2015-09-09,0.8194558291193045,-0.14636427934275625,-0.17861155432875334
2015-09-10,0.8042511575764028,0.8708156059210344,1.082765747636873
2015-09-11,0.8066198434877165,0.6783503588589826,0.840979011780675
2015-09-14,0.8019716463820479,-0.2680098430098999,-0.33418867639395794
2015-09-15,0.7883261732410727,-0.4107565722659055,-0.5210490101795654
2015-09-16,0.7773184491063493,0.3957837189586832,0.5091654770495918
2015-09-17,0.7662958237539177,0.07652782908952613,0.09986721409315899
2015-09-18,0.7518118183292533,0.4116046819928628,0.547483654762929
2015-09-21,0.7417560331148522,-1.3593669538473807,-1.8326334982932304
2015-09-22,0.7736293913094098,-0.6299372132387138,-0.8142622556939193
2015-09-23,0.7685618976148778,0.24801007254995014,0.3226936871572921
2015-09-24,0.7554096966697394,0.8267748193350298,1.0944720765167657
2015-09-25,0.7580437663271524,-0.5288838745525627,-0.6976956978554056
2015-09-28,0.7505782351827357,0.3981486397721982,0.5304558820244302
2015-09-29,0.7402793912649286,0.09474151469176884,0.12798075403650278
2015-09-30,0.7264073550632936,-0.7439542984863349,-1.0241557898618914
2015-10-01,0.7269558850106108,0.3456440453711737,0.4754677037467392
2015-10-02,0.7162469915033847,0.682060946972193,0.9522705924957032
2015-10-05,0.7148976673503106,-0.6704980431912306,-0.9378937347443834
2015-10-06,0.7131887677978012,0.5933376690378152,0.8319503837251045
2015-10-07,0.7089766487510976,-0.14522901429285867,-0.20484315604567202
2015-10-08,0.6960752264813828,0.2987114026000454,0.42913666689448654
2015-10-09,0.6853071560061945,0.7211742136992543,1.052337200011283
2015-10-13,0.6866252492433482,0.17285117639648465,0.2517401982915197
2015-10-14,0.6744402999569437,0.4878368137052196,0.7233209725699415
2015-10-15,0.668362984299255,-0.16048417381075086,-0.2401152930080508
2015-10-16,0.6564554278683671,-0.5034829730157341,-0.7669720618361509
2015-10-19,0.6513712887241156,-0.3469525999063627,-0.5326495132844462
2015-10-20,0.6425875071758382,0.3497122993152567,0.5442251761977706
2015-10-21,0.6340876483081131,-0.11754484985746276,-0.1853763437453774
2015-10-22,0.6225619157033145,-1.8177069213762267,-2.9197207145617714
2015-10-23,0.7047273924641991,-1.113565855387965,-1.580137039223341
2015-10-26,0.724090362339954,0.3229974699196343,0.44607342773606734
2015-10-27,0.713055140909346,0.014829997342981533,0.020797826832955883
2015-10-28,0.6995102569243395,0.13237519336526893,0.1892398175079038
2015-10-29,0.6867117894403374,-0.9293563264610258,-1.3533426114883524
2015-10-30,0.6972440999012111,0.7238031688354689,1.0380914932632932
2015-11-02,0.6981813750390541,-0.13922491754563238,-0.19941081576093972
2015-11-03,0.6854615598831157,-0.7224212926860704,-1.053919482821556
2015-11-04,0.6868223452252571,-0.7737886904922595,-1.1266213102581573
2015-11-05,0.690211737305646,0.07941238020556274,0.1150550996358913
2015-11-06,0.6772994178430247,-1.1323293755515391,-1.671829837323107
2015-11-09,0.6996079537733647,0.20101230458549033,0.2873213540545416
2015-11-10,0.6874297965267133,-0.7493612779095524,-1.0900913543401118
2015-11-12,0.6897853935031246,0.7702113885697258,1.1165956771832353
2015-11-13,0.6928967995105113,-0.4223252978121202,-0.60950678096719
2015-11-16,0.6846417795965332,-0.12487652283351416,-0.18239687754245038
2015-11-17,0.6721025705831633,-0.6876896057054607,-1.0231914529188202
2015-11-18,0.6726549489366733,0.043389575688406436,0.06450495273541995
2015-11-19,0.6599795573533865,1.0158910505408703,1.539276541556439
2015-11-20,0.6766404139294031,-0.7977359050026412,-1.1789657971654537
2015-11-23,0.6815105081968638,-0.5397941653179417,-0.7920555278687128
2015-11-24,0.676696672981085,0.4762819904976169,0.7038337995655106
2015-11-25,0.670240771890397,-0.3327556402874483,-0.4964717967677787
2015-11-27,0.6607006968534127,-0.18279111011783206,-0.27666250541035414
2015-11-30,0.6491784674905066,-0.3156102606177146,-0.48616871387886873
2015-12-01,0.6398450410944524,0.5534176047956276,0.8649244258406833
2015-12-02,0.6368384775330455,-0.4377619544498667,-0.6873987202306747
2015-12-03,0.6305470412406433,3.07004914106046,4.868866143626546
2015-12-04,0.8573468786846432,-0.15946232021844628,-0.18599510207944794
2015-12-07,0.841446509479591,-0.3993010390594865,-0.47454120322685994
2015-12-08,0.8289035977089342,0.3373345277628757,0.4069647287033844
2015-12-09,0.8156221933825337,0.9938956214350564,1.2185735374771869
2015-12-10,0.8227492955371055,-0.3225062768332535,-0.3919860868707467
2015-12-11,0.8093854270964949,0.4978097793738636,0.6150466300828453
2015-12-14,0.7996981134481282,0.21461613985480735,0.2683714469819469
2015-12-15,0.785490481323615,-1.033615214104332,-1.315885091774259
2015-12-16,0.7959648938820043,0.24378961990317374,0.3062818747120695
2015-12-17,0.7821573148715788,-1.2177285903814625,-1.5568844875936492
2015-12-18,0.8025153516373846,0.4029922646616163,0.502161440076361
2015-12-21,0.7910005533269499,0.6765240777583419,0.8552763647419466
2015-12-22,0.7868187231110049,0.5355114329843249,0.6806033171998814
2015-12-23,0.7786875423004904,-0.936887863404504,-1.203162773911394
2015-12-24,0.7849900155117273,0.7387210591586794,0.9410579046373149
2015-12-28,0.7831155115832827,0.2610464277683995,0.33334345177331826
2015-12-29,0.7698021194604833,-0.6061205441212127,-0.7873718827196956
2015-12-30,0.7641399658900527,-0.03086872260809177,-0.04039668645277124
2015-12-31,0.7495777227772566,-0.4811057347438014,-0.6418356897817867
2016-01-04,0.7411459551567313,-0.5112541381010732,-0.6898157300109092
2016-01-05,0.7337134354598146,-0.551167913153777,-0.7512032443679634
2016-01-06,0.7275885856022328,0.18248459017274232,0.25080738453544854
2016-01-07,0.7146142506158747,0.9122717957466264,1.2765933438360695
2016-01-08,0.7228774087392217,0.23571946996260773,0.32608498635159816
2016-01-11,0.7105900635043894,-0.05854791668369226,-0.08239337937678692
2016-01-12,0.6971812629692841,-0.3718381541006019,-0.5333450192234785
2016-01-13,0.6877206268278708,0.23620691907001354,0.3434634789994944
2016-01-14,0.6762286580975265,0.005781451890478431,0.00854955172521633
2016-01-15,0.6634280444274543,0.9404533346790628,1.4175664453417618
2016-01-19,0.675804901018169,-0.5246267417764756,-0.7762991079024019
2016-01-20,0.6707250658263062,0.02411829983770123,0.035958548541776145
2016-01-21,0.6580522350867696,-0.6841619501006939,-1.0396772681890238
2016-01-22,0.6590312451626289,-0.16976254847125627,-0.25759408179404913
2016-01-25,0.6474129580768467,0.17209397290108902,0.2658179308185268
2016-01-26,0.6360703862298431,0.13494467678545763,0.21215368567197462
2016-01-27,0.6246342144423499,0.19921401807504693,0.31892908436483547
2016-01-28,0.6140962446056795,0.784922842433786,1.278175610628912
2016-01-29,0.6213799487957424,-1.0959557297323865,-1.7637449226618749
2016-02-01,0.6454667638027187,0.5214363698150581,0.8078438721508372
2016-02-02,0.6412665774625008,0.18930141530818365,0.29519925404073216
2016-02-03,0.6302424768865303,1.3082271142207929,2.0757520513113996
2016-02-04,0.6681038290231145,1.3361381512816135,1.9998959641277358
2016-02-05,0.7045317545361399,-0.6032665570562903,-0.8562659570305357
2016-02-08,0.7009254486091735,0.355541908892541,0.5072463977417752
2016-02-09,0.6910482013493735,1.162892715609028,1.6827953727949925
2016-02-10,0.7142506670049333,-0.6868773870609709,-0.9616755276424916
2016-02-11,0.7131483289892959,1.245613132505978,1.7466396286328174
2016-02-12,0.7398821048589856,-1.1182733978738026,-1.511421063612472
2016-02-16,0.7573027795744424,-0.8433856619249587,-1.1136703636541379
2016-02-17,0.7605389490020359,0.005781451890478431,0.007601782785831992
2016-02-18,0.7460266243748863,-0.4260292226701671,-0.571064367879829
2016-02-19,0.7364276177278962,0.3208273940936675,0.43565366964850916
2016-02-22,0.7250605407545985,-0.978647360613404,-1.3497457186056325
2016-02-23,0.7360004917609425,-0.012372310526622469,-0.01681019328807877
2016-02-24,0.7219881703511611,0.05115968019560013,0.07085944381985795
2016-02-25,0.7083251221650925,0.051139097699158934,0.0721972101495501
2016-02-26,0.6949407747393362,-0.8504037582765539,-1.223706809541475
2016-02-29,0.7013018961931781,-0.5813761982815476,-0.828995617204782
2016-03-01,0.6971107074598825,-0.18763329871160606,-0.26915853781001353
2016-03-02,0.6848453860579864,-0.012658526033792968,-0.01848377209147345
2016-03-03,0.6718727438290779,0.9510461418499694,1.4155152900381864
2016-03-04,0.6843233285863433,0.570497407506062,0.8336664609762467
2016-03-07,0.6803563971184746,-0.048729315335559964,-0.07162321915681853
2016-03-08,0.6675372106388335,0.22364646181269562,0.3350322023227227
2016-03-09,0.6563386067970688,-0.048640318160191064,-0.074108573922774
2016-03-10,0.6440115367021285,1.2679691424103026,1.968860913429211
2016-03-11,0.6777526334560405,0.16691298796161014,0.24627420053017945
2016-03-14,0.665702588848192,-0.6493113023065412,-0.9753774631250702
2016-03-15,0.6650700618749903,0.05078797859643214,0.0763648546338844
2016-03-16,0.6525699453116105,-0.3277475001938509,-0.5022411812688482
2016-03-17,0.6433789935688692,2.158515202702612,3.3549668613349874
2016-03-18,0.7567152023846613,-0.20653285291730816,-0.27293339986623033
2016-03-21,0.7433525652521542,-0.2780073160793826,-0.37399119754847304
2016-03-22,0.7311654264850843,-0.278814969300338,-0.38132953118513707
2016-03-23,0.7192698037810291,-0.4763192943774316,-0.6622261797638871
2016-03-24,0.7115765966717336,-0.09270984854570206,-0.13028793945632142
2016-03-25,0.698285934936556,0.01473921603852853,0.02110770860631424
2016-03-28,0.6850412486413254,0.4169735928897529,0.6086839204453107
2016-03-29,0.6768776700236129,-0.04775651673016237,-0.07055413237150575
2016-03-30,0.6641270677592725,1.12410321609576,1.6926026217970924
2016-03-31,0.6868592283953082,0.5339516938080546,0.7773815532121661
2016-04-01,0.681702306838505,-0.03812634244830156,-0.05592814057666623
2016-04-04,0.6688298394885085,0.014564553209203232,0.021776171380663217
2016-04-05,0.6561851845974386,-0.09966671253775317,-0.15188808720041044
2016-04-06,0.6440808771758331,0.4969243441016269,0.7715247598726135
2016-04-07,0.6391965520552053,-0.3799132758924355,-0.5943606464567156
2016-04-08,0.6314376221220259,0.18128167243617513,0.2870935561725878
2016-04-11,0.6205417721711763,0.058371513581128236,0.09406540574520174
2016-04-12,0.6089833916985548,-0.14329561347012637,-0.2353029908918392
2016-04-13,0.5981996091934906,-0.9996953555959378,-1.6711735351077126
2016-04-14,0.617994877303081,-0.16278532714517557,-0.2634088616649509
2016-04-15,0.6072003201447452,0.2983737606444589,0.4913926273512705
2016-04-18,0.59859725606505,0.24454002134065322,0.4085217880017794
2016-04-19,0.589284757237771,0.472804374145065,0.8023359985778366
2016-04-20,0.5854444057966374,-0.3906075278194301,-0.6671983265224218
2016-04-21,0.5794452510972481,-0.2505043142996369,-0.4323174861219025
2016-04-22,0.5706866586877285,-0.5443530322979079,-0.9538562431959181
2016-04-25,0.5698524158905115,0.3167131642157962,0.555781032744885
2016-04-26,0.5625753896090914,0.3953003579853477,0.7026620170143317
2016-04-27,0.557371102428074,0.04111714130409813,0.07376977587280657
2016-04-28,0.547068160808289,0.03227502735342813,0.05899635487055585
2016-04-29,0.5369574363367884,1.0248537868613792,1.9086313318483856
2016-05-02,0.5630347107125686,0.6591792550027367,1.1707613091357882
2016-05-03,0.5670622553056023,-0.06371125417231237,-0.1123531915168238
2016-05-04,0.5566371973421395,-0.18557287282918597,-0.333382091091413
2016-05-05,0.5474685142322591,-0.7106916872774438,-1.2981416625832451
2016-05-06,0.5546022592672802,0.15474095369490254,0.27901248346759444
2016-05-09,0.5451204660429015,-0.16071729401748516,-0.29482894888198263
2016-05-10,0.5359154268664273,-0.13464335615952627,-0.2512399334103981
2016-05-11,0.5266439790331419,0.5138859177878571,0.97577478951016
2016-05-12,0.5263825795149708,-0.5550331970774345,-1.0544292662360968
2016-05-13,0.5276912017471497,-0.7528002928635082,-1.426592466145044
2016-05-16,0.5380064724646013,0.3063740219623946,0.5694615913427562
2016-05-17,0.5313594190824588,0.08519906030023723,0.16034167691495396
2016-05-18,0.5217991657401254,-0.5337325264690693,-1.0228696431739548
2016-05-19,0.5224690941400952,-0.5455761031480515,-1.0442265566846338
2016-05-20,0.5235686054262715,-0.056660011268494966,-0.10821888608535712
2016-05-23,0.5140274604120196,-0.12815311878061916,-0.24931181434917465
2016-05-24,0.5051767927902097,-0.4150456006443009,-0.8215848522096728
2016-05-25,0.5023532813209748,0.08650256484345173,0.17219468461714213
2016-05-26,0.49342263431403643,0.2743822042997315,0.5560794848440257
2016-05-27,0.4872918750331338,-0.3884136473411682,-0.7970862377189394
2016-05-31,0.4842517788030249,-0.039111927090239466,-0.08076775099704632
2016-06-01,0.4754782360056916,0.2748399101695053,0.5780283709267724
2016-06-02,0.4698438192990894,-0.06589671621738996,-0.1402523849642086
2016-06-03,0.46149021109680577,1.5444785947777224,3.3467201635913804
2016-06-06,0.542671110637096,0.21738442275242953,0.4005822651904579
2016-06-07,0.5342709951908984,-0.02945463022179747,-0.055130505842401464
2016-06-08,0.5244209888000403,0.4453425991942692,0.8492081909484303
2016-06-09,0.521896173249178,-0.6189730990193336,-1.1860081195188348
2016-06-10,0.5260644088975228,-0.41881007496634487,-0.7961193874416411
2016-06-13,0.5226641660928787,0.014645521390591432,0.02802090202600361
2016-06-14,0.5130329772566823,-0.6701371655786802,-1.3062262959431457
2016-06-15,0.5199935086413008,0.2998337911941875,0.5766106426551899
2016-06-16,0.5136913279669908,-0.7175328593888642,-1.3968171552138253
2016-06-17,0.5229733370103875,0.880240490765624,1.6831460200200232
2016-06-20,0.5408009017006532,0.555087342714885,1.0264171915566438
2016-06-21,0.541524037856989,-0.4902337369000374,-0.9052852738358093
2016-06-22,0.5398764983836184,0.21866072334263184,0.40501989621200135
2016-06-23,0.5315625653781805,0.7736920174263924,1.4555050859835263
2016-06-24,0.5427559905092737,-2.1899599030301196,-4.034888497453998
2016-06-27,0.6804572951173127,-0.9152182862893876,-1.3450047385142685
2016-06-28,0.6906203849148179,0.277545365867309,0.4018783284271892
2016-06-29,0.6796471578031146,0.574092935931148,0.8446926163670585
2016-06-30,0.6759502696087875,-0.7617513241572388,-1.126933974888581
2016-07-01,0.6793099129468472,1.0248640865736245,1.508684132295027
2016-07-05,0.6952753785526654,-0.5791470999789631,-0.8329751316443231
2016-07-06,0.6912147107613856,-0.02129802654374057,-0.030812461326641047
2016-07-07,0.6781204523085578,-0.10260985128778817,-0.1513150811754292
2016-07-08,0.6655760383501877,-0.23852939667987677,-0.3583803847132735
2016-07-11,0.6546180328004904,0.06917863736757864,0.10567786694116688
2016-07-12,0.6423966902722632,0.26799960475995743,0.4171870883182364
2016-07-13,0.6324119890609075,0.3483401570172013,0.5508120703632845
2016-07-14,0.6241494930823485,-0.02122003335524907,-0.03399831865672822
2016-07-15,0.6124262817166354,-0.44531999874575107,-0.7271405751848464
2016-07-18,0.6070658069037063,0.15938437343971493,0.2625487576917616
2016-07-19,0.5964760518769614,-0.5555599949520825,-0.9314036887212382
2016-07-20,0.5950808477492711,-0.057794228013022766,-0.09711995980313175
2016-07-21,0.5840481146109272,0.08751419040037954,0.14984072067192356
2016-07-22,0.5733855538492941,-0.4309004647435618,-0.7515021295022329
2016-07-25,0.5688266878196023,0.11513083402760733,0.20240054922338652
2016-07-26,0.5586724129663649,0.042204690319003334,0.07554461136699134
2016-07-27,0.5483454612706028,0.042191428626216936,0.07694315282277116
2016-07-28,0.538233774488347,0.9658467918920174,1.7944745158554305
2016-07-29,0.5603004071887142,0.6705938905878617,1.1968470520172219
2016-08-01,0.5649557135460492,0.07738904535486514,0.13698249880352295
2016-08-02,0.5546397808413883,0.4432626192562173,0.7991900952069974
2016-08-03,0.5510400465129498,-0.4854006028303934,-0.8808808105727869
2016-08-04,0.5488920892969226,-0.31703088008885577,-0.5775832559273018
2016-08-05,0.5421827579985465,-0.48039939232733847,-0.8860469744569529
2016-08-08,0.5401813834670433,-0.01227071893210327,-0.02271592340584968
2016-08-09,0.530182803188838,0.2942258559531287,0.5549517151131225
2016-08-10,0.5234866597338668,0.5533345456077516,1.057017471828335
2016-08-11,0.5248482137534642,-0.02107740497898017,-0.04015904870523349
2016-08-12,0.5151797586240978,0.041591658181837035,0.0807323220402075
2016-08-15,0.5057610067025357,0.24716550365308193,0.48870019708429757
2016-08-16,0.4987697087667261,0.6998579168498988,1.4031684453740982
2016-08-17,0.507981568335642,-0.11844216656862727,-0.2331623309812064
2016-08-18,0.4991749761895327,0.6341855200772705,1.2704673718188857
2016-08-19,0.5051330772013496,-0.06482755369094387,-0.12833757403121543
2016-08-22,0.49601903884110937,-0.10022562517445677,-0.20206003666436323
2016-08-23,0.4873232078724611,-0.047264257071525165,-0.09698749476321851
2016-08-24,0.47851210449322223,-0.4551305500351298,-0.9511369634361598
2016-08-25,0.47796843014545,0.16556843662002393,0.34640036073018465
2016-08-26,0.47035768914303205,-0.3229470214713185,-0.6865987926331376
2016-08-29,0.46601867904935174,-0.4848747802406801,-1.040462114586895
2016-08-30,0.46707363357797943,-0.2808030179421084,-0.6011964661568237
2016-08-31,0.46180477428548194,-0.030099423987833673,-0.06517781032992652
2016-09-01,0.4534829132576803,0.4355045840728003,0.9603550020093827
2016-09-02,0.4531903112041735,-0.3163376526926469,-0.6980238651883467
2016-09-06,0.4491967975374862,0.7112990021333572,1.5834908130082965
2016-09-07,0.4620438895306626,0.014680228314588033,0.031772367619664864
2016-09-08,0.45368849738486194,0.16582416409862052,0.36550224450136903
2016-09-09,0.4466536649910234,-0.368050759170232,-0.8240182226594489
2016-09-12,0.4443507458996703,0.14835855677757534,0.3338771413046601
2016-09-13,0.43730441959300204,0.11258103484363144,0.25744316727557953
2016-09-14,0.43001815826394674,0.2634105198963031,0.6125567370450918
2016-09-15,0.4253959489993258,-0.21627308710267756,-0.5084041999257974
2016-09-16,0.4199007056835252,-0.7618738397940208,-1.8144142876678973
2016-09-19,0.4379489202197658,0.17588758539284494,0.4016166664016053
2016-09-20,0.431439827971678,-0.05685556863535407,-0.13178099227103893
2016-09-21,0.4238705049624015,-0.05689482719043307,-0.1342269078040233
2016-09-22,0.4164664054868127,0.5773646817185208,1.386341549070764
2016-09-23,0.42403178950248666,-0.047665903737794765,-0.11241115623364185
2016-09-26,0.41658087990806997,0.4236898536470765,1.0170650504664913
2016-09-27,0.4173065316562328,-0.5458704498074219,-1.308080292059979
2016-09-28,0.42326582672492313,-0.06562162147521666,-0.15503642706753076
2016-09-29,0.41592297827795066,0.3978689262141224,0.9565927996126168
2016-09-30,0.41572283471605487,-0.047594583537428965,-0.11448633455493683
2016-10-03,0.4084525697655938,-0.24368410870330456,-0.5966031964082196
2016-10-04,0.4039920682954201,0.02362107373780723,0.05846915222240024
2016-10-05,0.39689812120429385,-0.13702471304300387,-0.34523900649172806
2016-10-06,0.3908308104531151,-0.3342027710965713,-0.855108558890505
2016-10-07,0.38939469174973657,-0.01214451391892907,-0.03118818560252571
2016-10-11,0.38259931292282773,-0.8403843673851333,-2.1965130072113936
2016-10-12,0.4095508040641364,-0.42908062132918107,-1.0476859453607281
2016-10-13,0.4107735044108741,0.22344886959245203,0.5439709893483013
2016-10-14,0.4058123279484902,-0.4755344661831128,-1.171808822534027
2016-10-17,0.4091160902765064,0.14223814807019575,0.3476718502419747
2016-10-18,0.4028245932953518,-0.02149499506685007,-0.05336068210485326
2016-10-19,0.3957515149566762,-0.27651168280358057,-0.698700250923489
2016-10-20,0.3924681186515532,-0.286456199014449,-0.7298839966891038
2016-10-21,0.3895551048478943,-0.6180737824571393,-1.5866145116965478
2016-10-24,0.40096778065356176,0.20804317387383223,0.5188525959236177
2016-10-25,0.39596126286728345,0.02414861146089513,0.06098730791498955
2016-10-26,0.3890435266639242,0.24424804201275732,0.6278167486995647
2016-10-27,0.3851542154077475,-0.10420939329556106,-0.2705653712896241
2016-10-28,0.37898022436759504,0.28053205974806683,0.7402287552502012
2016-10-31,0.37633424096912704,0.2615360670021977,0.6949568721907851
2016-11-01,0.3732584074947784,0.73292517568331,1.9635865153112808
2016-11-02,0.3932266574047998,0.7006987378164095,1.7819207437279319
2016-11-03,0.40940196977870313,-0.21931205691646888,-0.5356888171178442
2016-11-04,0.4043934662964755,0.24886057225669933,0.6153921687603395
2016-11-07,0.40016733587611775,-0.7433533300490807,-1.8576062147141492
2016-11-08,0.4185743955836998,-0.03046356481656307,-0.07277933179377058
2016-11-09,0.41118117976586,-0.7401512345186507,-1.800061070256467
2016-11-10,0.4285034309375812,-0.6354225403509327,-1.4828878708406252
2016-11-14,0.43841727044913376,-1.4661266306820189,-3.344135209774138
2016-11-15,0.5154804319801153,0.03375478416295423,0.06548218335522836
2016-11-16,0.5060335511561331,-0.24626068853591168,-0.4866489345879947
2016-11-17,0.4990185968340512,-0.39693508395314,-0.7954314457846565
2016-11-18,0.4958486421481132,-0.5211298161107099,-1.0509856674268052
2016-11-21,0.49708808690822714,-0.02252444064176717,-0.045312775009081346
2016-11-22,0.48800386388490746,0.20375464876855173,0.41752671207661984
2016-11-23,0.4807078901811908,-0.5419581364459558,-1.1274167691353647
2016-11-25,0.4834396827014482,0.3366727961051856,0.6964111721732623
2016-11-28,0.4790654126050797,-0.17370940920272027,-0.362600606581295
2016-11-29,0.47153851760042215,0.4774359438325737,1.0125067751880854
2016-11-30,0.4720846686426477,-0.4469640866058486,-0.9467879732061061
2016-12-01,0.47149380567643023,0.5337856957263108,1.1321160305818088
2016-12-02,0.47429231046401543,0.3062511615168632,0.6457013001481046
2016-12-05,0.46941764592225327,0.5387669578502908,1.1477347784653231
2016-12-06,0.47252031193798444,-0.05018869882437277,-0.10621490242087148
2016-12-07,0.46403567648979893,0.3876212639095699,0.8353264275749952
2016-12-08,0.46175075612691857,-1.238213452166563,-2.681562370471188
2016-12-09,0.5127079105956548,-0.7879485018523518,-1.5368370285859787
2016-12-12,0.5258262776532135,0.6205277960790889,1.180100391423062
2016-12-13,0.5298803268463929,0.2788384456167018,0.5262290964380988
2016-12-14,0.5228771713890875,0.20304796647377232,0.38832823000160904
2016-12-15,0.5147327726166158,-2.6666233162366497,-5.180597502430274
2016-12-16,0.7218491088537277,0.7834724724063508,1.0853687603084792
2016-12-19,0.7241383873123977,-0.10905109661337166,-0.15059427662454022
2016-12-20,0.7106754411154698,-0.5126031206841704,-0.7212900446926843
2016-12-21,0.7041813027178637,0.3420777092633948,0.48578073280717476
2016-12-22,0.6939692246541805,0.2644394492405605,0.38105356814970615
2016-12-23,0.6827232544076489,-0.022925308748746268,-0.03357921178272586
2016-12-27,0.6698040378313397,0.09187702328699983,0.1371700051024998
2016-12-28,0.6573734916757055,-0.6561867158639663,-0.9981946704167916
2016-12-29,0.6573146995154954,0.9351294580851338,1.4226510661855194
2016-12-30,0.6697605469348354,0.6332195783577073,0.9454417422101702
2017-01-03,0.6683974183297301,-1.2914515429895117,-1.9321611777267818
2017-01-04,0.7016790132965447,0.5801655698156877,0.8268247429690436
2017-01-05,0.6974376477221754,1.1636191944009546,1.668420393136682
2017-01-06,0.7202385023940058,-0.3534211273550171,-0.49070013083204816
2017-01-09,0.7098380217747756,0.15718193501197952,0.22143352453702705
2017-01-10,0.6970153373973863,-0.03204718483830347,-0.045977732653582265
2017-01-11,0.6838186339375535,-0.6680691499281608,-0.9769683316193005
2017-01-12,0.6831823438205843,1.5648435973458934,2.2905211346574976
2017-01-13,0.7353539044161327,-0.37935828490251017,-0.5158853208289126
2017-01-17,0.7250695197863735,0.6624442242793124,0.9136285641609755
2017-01-18,0.7227129056074517,-0.11584460978855107,-0.16029132576673974
2017-01-19,0.7093197529084668,-0.4822075044817265,-0.6798168280306615
2017-01-23,0.702061955821225,1.0352711245767041,1.4746150478496067
2017-01-24,0.7172271651094984,0.08954524291124803,0.12484920715123395
2017-01-25,0.703804637194713,-0.05005327876162797,-0.07111814289990298
2017-01-26,0.6905096308928963,-0.6760499851838631,-0.9790594583158304
2017-01-27,0.689910668765286,0.19304742421966165,0.27981510209887506
2017-01-30,0.6778586682970845,-0.07844484104905487,-0.11572447874145193
2017-01-31,0.6651967966811855,1.0581776607797362,1.5907738372451874
2017-02-01,0.6839334704263821,-0.3282945826495318,-0.48000952847776895
2017-02-02,0.6739701034126669,0.41394528385532403,0.6141893857892216
2017-02-03,0.6660399389852893,-0.08683687463399536,-0.1303778790897903
2017-02-06,0.6536617815081428,-0.5610555441559619,-0.8583269819775637
2017-02-07,0.6504289011494822,-0.3770209389131697,-0.5796497330405717
2017-02-08,0.6423031168706409,0.17402151400569835,0.270933628430058
2017-02-09,0.6310917232307515,-0.4622527264610728,-0.7324652018801003
2017-02-10,0.6256281467700201,-0.06930772002517056,-0.11078101326321556
2017-02-13,0.6140070948842262,-0.43650976928680907,-0.7109197481978852
2017-02-14,0.6083599303429484,-0.23973330788405156,-0.39406492098996004
2017-02-15,0.5987436638106041,0.19469243656878582,0.3251682620400495
2017-02-16,0.5887330950808337,0.5985291063904368,1.016639138162019
2017-02-17,0.5891985439105698,-0.4266719813090639,-0.7241565440355626
2017-02-21,0.5840347361618887,-0.5895427726843349,-1.009431008433922
2017-02-22,0.5843460300589859,0.043685365923369836,0.07475941253328972
2017-02-23,0.5734898430397949,0.2990506654416459,0.5214576492872508
2017-02-24,0.5657574582184227,-0.050913248673764164,-0.08999129915863702
2017-02-27,0.555310343032344,0.4207980822829493,0.757771015006
2017-02-28,0.5510308049217594,-0.050710405369343466,-0.09202825852275866
2017-03-01,0.5408904331984711,-0.5040865207689215,-0.9319568064609399
2017-03-02,0.5397428403122987,-0.4686477518724798,-0.8682797007577112
2017-03-03,0.5374402502915079,0.36655275366619483,0.6820344279524587
2017-03-06,0.532232265406918,0.327477253968725,0.6152901190955651
2017-03-07,0.5262162748750844,-0.032011443495100364,-0.060833244852982526
2017-03-08,0.5165402471730489,-0.3255170668558114,-0.6301872286570501
2017-03-09,0.5109197562541653,0.37487286602234693,0.7337216097704791
2017-03-10,0.5067356317011632,0.7680304726454752,1.515643314971001
2017-03-13,0.519118005056963,0.033901618922094534,0.0653061897137906
2017-03-14,0.5095951887140406,-0.22879524493143308,-0.44897449975694637
2017-03-15,0.5021811805566574,-0.13522914726815496,-0.26928358230839367
2017-03-16,0.49366341534490404,1.0166474165426211,2.0593938804080265
2017-03-17,0.5229713933181156,0.043025400179469535,0.0822710395428796
2017-03-20,0.5133933697515679,0.11743014231234253,0.2287332662070942
2017-03-21,0.5044591633017407,0.5251667782535446,1.041049140263942
2017-03-22,0.5055020565810215,-0.08676830020380256,-0.17164776893424052
2017-03-23,0.49650538080041,-0.11466142179773346,-0.23093691676188732
2017-03-24,0.4879177893177418,0.18176445474868955,0.3725309032139447
2017-03-27,0.4802941598329574,0.7066327160764349,1.4712498613811924
2017-03-28,0.4909346309742234,-0.270283874814356,-0.5505496205839007
2017-03-29,0.48478468349400755,-0.8827841871162285,-1.8209820094845068
2017-03-30,0.505614870206094,-0.2735223326979865,-0.5409697159153881
2017-03-31,0.4991413811822791,-0.25560779327701927,-0.5120949753185763
2017-04-03,0.4924801860020437,-0.39697280395732737,-0.8060685794893686
2017-04-04,0.48952683574689343,0.09021318447319474,0.18428649439729358
2017-04-05,0.4808984752664165,-0.02235453891646117,-0.04648494446582892
2017-04-06,0.4721552672029655,-0.08806239884047086,-0.18651152482561514
2017-04-07,0.4638894154706294,-0.3233672912217291,-0.6970783993716767
2017-04-10,0.4597562697028319,-0.08846037960634577,-0.1924071196756556
2017-04-11,0.4517643568305299,0.08118202096696593,0.17969992483807148
2017-04-12,0.44389600501983656,-0.02248709953451137,-0.05065848595214656
2017-04-13,0.43593943677980085,0.18468079813080474,0.42363865837650655
2017-04-14,0.42961741397900927,-0.04126630244712277,-0.0960536074758343
2017-04-17,0.4220200387977575,0.3346518446122807,0.7929761950774432
2017-04-18,0.4195292240391684,0.4363727752395678,1.040148695812492
2017-04-19,0.42062052724089316,0.015121572384811932,0.03595062866761058
2017-04-20,0.41315140707439113,0.4809745193822756,1.164160429195083
2017-04-21,0.416349535627508,-0.5909012805606372,-1.419243279976404
2017-04-24,0.4246180630201486,1.4171326411233882,3.3374290086574665
2017-04-25,0.49899356568342484,0.8778666594688733,1.759274507410815
2017-04-26,0.5184178324891344,-0.6268709126905572,-1.209200134340857
2017-04-27,0.5231001978001704,-0.06782915135974196,-0.129667607936278
2017-04-28,0.5136195248944377,0.2907212099147659,0.5660244516103953
2017-05-01,0.507292681429365,0.16169472234278803,0.31874049885204636
2017-05-02,0.49895525796724044,-0.01254867372219937,-0.025149897755007262
2017-05-03,0.48981841759931805,0.09739849906843663,0.1988461347488789
2017-05-04,0.4812360877812811,0.4352607980217607,0.9044641685716308
2017-05-05,0.4799011704164517,0.2698621043832227,0.5623284980718845
2017-05-08,0.4740389905578558,-0.6145452955660118,-1.2964024221779862
2017-05-09,0.48034603413582294,-0.4803911334781732,-1.0000938892780313
2017-05-10,0.4806528054296538,-0.012611044023058869,-0.02623732532214371
2017-05-11,0.4719012968233516,-0.03101369156576687,-0.06572071696886295
2017-05-12,0.4633670872602482,0.5288383911380943,1.141294679052322
2017-05-15,0.4663208025338023,0.489690179797421,1.0501143786351343
2017-05-16,0.4675509601574629,0.8492856141622993,1.8164557161347181
2017-05-17,0.4875493142486268,0.5641905404906976,1.1571968701467346
2017-05-18,0.490916997564443,-0.030150995495768173,-0.06141770532565483
2017-05-19,0.48197827404643434,0.543417155528528,1.127472304853672
2017-05-22,0.4847148542940057,0.4160201437068171,0.8582780990129889
2017-05-23,0.48262039957029634,-0.33299037963909167,-0.6899633333683604
2017-05-24,0.4781744795592658,-0.19982359081641546,-0.4178884473311775
2017-05-25,0.47105575387078563,0.3898305105417344,0.8275676654799297
2017-05-26,0.46860094109824896,-0.42302034861310117,-0.9027304717350297
2017-05-30,0.4673096475645408,0.12209694838468714,0.26127632720834026
2017-05-31,0.4594405798560718,0.478595571485068,1.0416919890598189
2017-06-01,0.4605223894030505,-0.19020970216116137,-0.4130303032773707
2017-06-02,0.45368317292343996,0.5039144869108946,1.1107189267430275
2017-06-05,0.45602419916415515,-0.17183848823509976,-0.3768187928405155
2017-06-06,0.44901838117731047,0.14790263409978613,0.3293910456671965
2017-06-07,0.4418571120503348,-0.2608616711620285,-0.5903756306004917
2017-06-08,0.43684328459722727,-0.16346100600060975,-0.37418683487677284
2017-06-09,0.4301780555441898,-0.23521478203475926,-0.5467847069446734
2017-06-12,0.4249334343696748,0.13081495929329964,0.3078481209353274
2017-06-13,0.41812675426156753,-0.08351224097895427,-0.19972948424800274
2017-06-14,0.41101823293663137,0.7445147299887507,1.8113910048937807
2017-06-15,0.4286357048057099,-1.1088584713077791,-2.5869484480076097
2017-06-16,0.47242384492947903,0.3816880969904456,0.8079357151149346
2017-06-19,0.4696728260763525,-0.298414899709803,-0.6353676072826302
2017-06-20,0.4647417961823554,-0.3173206062541748,-0.6827890429929494
2017-06-21,0.4604256347082071,0.17643762121033382,0.3832054688313575
2017-06-22,0.45338069210863524,0.05064260736897133,0.11169996484287156
2017-06-23,0.4453080498631631,0.4354276552410116,0.9778122254354316
2017-06-26,0.4453285003425893,0.005781451890478431,0.012982443041554236
2017-06-27,0.4373211253280076,0.9303968583992615,2.1274912290171852
2017-06-28,0.46562900351976233,0.5705552792551667,1.2253430841769954
2017-06-29,0.47030714373192795,0.49735547548273,1.0575120580482176
2017-06-30,0.47167262775451935,-0.07305872564166607,-0.15489286709189592
2017-07-03,0.46331980246348264,-0.380556722906439,-0.8213694318330658
2017-07-05,0.46083934088913864,-0.2673103797289418,-0.580051128476132
2017-07-06,0.455442133562481,0.6476829744757762,1.422097181500495
2017-07-07,0.46441694760228674,-0.10822864596657217,-0.2330419820494063
2017-07-10,0.4564821654691815,0.005781451890478431,0.012665230600052335
2017-07-11,0.44823734595322595,0.3036875689962256,0.6775150971644289
2017-07-12,0.4440649311669918,-0.16058608352719267,-0.3616274834069341
2017-07-13,0.4371868154025461,-0.22232884179347906,-0.508544251474662
2017-07-14,0.4314980516476077,0.5925502239070403,1.3732396279530814
2017-07-17,0.4389955714809922,0.16283584243155794,0.37092821205967097
2017-07-18,0.4322698379836134,0.9429629034438208,2.1814219281234397
2017-07-19,0.46202669767773824,-0.5137902053427512,-1.1120357501529443
2017-07-20,0.46440990893621586,1.0078630922993876,2.1702015243559587
2017-07-21,0.49588140586019325,0.18612415180555103,0.37534005027408934
2017-07-24,0.4881311841099078,-0.10582091192719907,-0.21678785410966983
2017-07-25,0.47965231800736724,0.1259634562264738,0.2626140883666887
2017-07-26,0.47154486477688423,-0.20033335828353688,-0.42484474595715604
2017-07-27,0.46459656303094937,0.21189626206448803,0.4560865897976357
2017-07-28,0.4580138992480593,0.8430353816459751,1.8406327472376314
2017-07-31,0.4783570127073557,0.6164703727084264,1.2887244387186694
2017-08-01,0.4845340751187782,-0.22279007619512778,-0.45980270044065163
2017-08-02,0.4776404592723673,0.5298739448261414,1.1093573304768738
2017-08-03,0.4800047741195508,0.16584214062649993,0.3455010232568958
2017-08-04,0.47235005300011795,-1.0604891225135284,-2.2451339123979386
2017-08-07,0.5070653120928649,0.2946271203894399,0.5810437301920612
2017-08-08,0.5010009417529677,-0.5386227507897445,-1.0750932900547865
2017-08-09,0.5027182061640861,0.21028050066324314,0.4182870206109226
2017-08-10,0.49516807585343847,0.031314453433501234,0.06324004910762825
2017-08-11,0.48614244536448625,0.5150771796811099,1.059519045482502
2017-08-14,0.48754669034188725,-0.20610996950837487,-0.42274919221345203
2017-08-15,0.4802994093637236,-0.4193531056136281,-0.8731076854105774
2017-08-16,0.47846777674576807,-0.2758007129146773,-0.5764248426309864
2017-08-17,0.4727724993504384,0.2873636166956385,0.6078264219904059
2017-08-18,0.4674938873010963,0.10797870145979734,0.23097350445194606
2017-08-21,0.4594885871441628,0.5660070067574535,1.2318195110684458
2017-08-22,0.46425867291661427,-0.435345832837455,-0.9377225633771793
2017-08-23,0.46355225689892693,0.3452827116117557,0.7448625402487066
2017-08-24,0.46002500899766535,-0.002692047246057069,-0.005851958466177067
2017-08-25,0.4517038689649368,0.6224676723776817,1.3780437032873862
2017-08-28,0.45959426988697955,0.8360793405127719,1.8191683301847412
2017-08-29,0.4793564299368587,0.4391515776023135,0.9161274370725746
2017-08-30,0.4782227443922421,-0.8125263876387945,-1.6990542527863415
2017-08-31,0.49509729206462355,-0.2712851793225348,-0.547943169293531
2017-09-01,0.4888570339863633,-0.12883071718287006,-0.26353454737538623
2017-09-05,0.4805722570229186,0.2832207824000156,0.5893406834479601
2017-09-06,0.4749827246558465,0.2740804306430585,0.5770324191088133
2017-09-07,0.4693452901318987,0.7149746958897717,1.523344776057824
2017-09-08,0.4811105057039662,0.11380423027039033,0.23654488713330157
2017-09-11,0.47285518951728456,-0.6357537623475573,-1.3444999154954145
2017-09-12,0.480256305860366,0.039209498332467334,0.08164285997707951
2017-09-13,0.4715677920790445,-0.580828794750284,-1.2316973391875015
2017-09-14,0.47642426633228196,-0.09512673023401616,-0.19966810457901835
2017-09-15,0.4681170917567938,0.6180710561106112,1.3203343073653988
2017-09-18,0.47490270473354185,-0.16997287213075066,-0.3579109372015873
2017-09-19,0.46742279126217373,0.3569817459749903,0.7637234483390052
2017-09-20,0.4641047193904083,0.15591910625028843,0.33595673505558155
2017-09-21,0.4566926588153283,-0.428566040188225,-0.9384123697103771
2017-09-22,0.45603188788508675,0.19812941000238443,0.4344639383031699
2017-09-25,0.44943052720356613,-0.9765529661009908,-2.172867455571545
2017-09-26,0.48002101888365684,-0.6714984821187656,-1.3988939144381871
2017-09-27,0.48883020737938165,-0.20681270105725927,-0.42307676149144297
2017-09-28,0.481562853685578,0.2523487663676162,0.5240204148561255
2017-09-29,0.4752963188275244,0.3194872498767171,0.6721854077574977
2017-10-02,0.4707215444591416,-0.5715187336601876,-1.2141333669289809
2017-10-03,0.4751975610442537,0.12491012493071943,0.2628593561301695
2017-10-04,0.46717944888471186,0.014285214810684833,0.03057757537234919
2017-10-05,0.45871466721651954,-0.45445970825468057,-0.9907241706752957
2017-10-06,0.45891022578940943,0.22764347650801844,0.49605230765217767
2017-10-10,0.4527565353779073,0.617612048439297,1.3641151483849656
2017-10-11,0.4603442945035586,0.3694028410834133,0.8024490484492313
2017-10-12,0.4576230553355497,-0.05332269978577737,-0.1165210082054952
2017-10-13,0.44947084311548613,-0.019559596519826368,-0.043516941798159674
2017-10-16,0.44138996192522,-0.22257742435808126,-0.5042648078974441
2017-10-17,0.43559584675087965,-0.4695207499907484,-1.0778816039980992
2017-10-18,0.4373192738596419,0.18428462309276294,0.42139606943532354
2017-10-19,0.4309567367105371,0.573170872600758,1.3299963169754152
2017-10-20,0.43752035190942945,-0.604079831849413,-1.3806896735502325
2017-10-23,0.4452668298405936,-0.06221107155164027,-0.13971638438441944
2017-10-24,0.43742472109791125,0.039783492340495635,0.09094934607408865
2017-10-25,0.4296535596220888,0.3112806711617336,0.7244922430888908
2017-10-26,0.4262496035010525,-0.862235231236174,-2.0228411338194827
2017-10-27,0.45061572511123377,-1.0251555139956428,-2.275010517537054
2017-10-30,0.48485221109426413,0.4022311653214496,0.829595402717981
2017-10-31,0.48231600678136205,0.19483366940760125,0.40395439228273633
2017-11-01,0.4750189146253076,-0.2521057365084658,-0.5307277852447738
2017-11-02,0.46891989570363374,0.46950061690486233,1.0012384230367475
2017-11-03,0.469272030275449,-0.475153861913948,-1.0125339488804532
2017-11-06,0.4698226809761412,-0.13205454512165976,-0.28107315902095803
2017-11-07,0.4619995750499807,-0.19269123698227678,-0.41708098316201003
2017-11-08,0.4551632952559241,0.12663782019213532,0.2782250271760838
2017-11-09,0.4476151698915777,0.4963371066626996,1.108847822970172
2017-11-13,0.4499095411789935,0.07443919574783353,0.16545369443102872
2017-11-14,0.44203744937787437,0.9280766317749596,2.0995429981806724
2017-11-15,0.46971810405468595,0.2604721405468741,0.5545286381309016
2017-11-16,0.4639323463494318,-0.18092826881811966,-0.38998847621167004
2017-11-17,0.4568690314669349,0.23487662654605462,0.5141005635507895
2017-11-20,0.45090686792321377,-0.4869977950802629,-1.0800407572483353
2017-11-21,0.45267855520438316,0.005781451890478431,0.012771649604360254
2017-11-22,0.44451460820360017,0.413771818082041,0.9308396404658132
2017-11-24,0.4437922682240564,1.244996467031931,2.805358624236717
2017-11-27,0.49786524659443415,-0.20388860437363887,-0.4095256814334914
2017-11-28,0.49033223841209617,-0.2716578786190731,-0.5540281819910854
2017-11-29,0.4842271397424528,-0.16273897895877495,-0.3360798385760273
2017-11-30,0.4764339603248005,0.3425387999442792,0.7189638616667028
2017-12-01,0.4724296183645416,0.10658791203996043,0.22561648951847432
2017-12-04,0.46430294976614517,-0.516149188280633,-1.1116646761357023
2017-12-05,0.4666838912785214,-0.23082504686408287,-0.49460684454249626
2017-12-06,0.4603891525601044,-0.2653132583598993,-0.5762804290339189
2017-12-07,0.45496065410273007,0.022746419273600632,0.04999645368995907
2017-12-08,0.44676841776965454,-0.24049271614754247,-0.5382939048111858
2017-12-11,0.4411856629451171,0.3537850284982371,0.8018960229499741
2017-12-12,0.4386307914374293,-0.6487879783728984,-1.479120916811988
2017-12-13,0.4486548441293769,0.3208496224325868,0.7151368733245297
2017-12-14,0.44492038699345654,0.14172030035196054,0.3185295717951554
2017-12-15,0.4377785162440435,0.005781451890478431,0.0132063399092328
2017-12-18,0.429932393926599,0.22628870772187593,0.5263355609359119
2017-12-19,0.4245131137000737,0.15815598403895223,0.3725585357315777
2017-12-20,0.41806954324191326,0.5036097592877379,1.2046076243260977
2017-12-21,0.4220294316246981,-0.06999845322208337,-0.16586154418806393
2017-12-22,0.4147404898666389,-0.272570547662078,-0.6572074690602885
2017-12-26,0.41078176443061326,0.24200867724078223,0.5891417248675381
2017-12-27,0.40621798912259266,0.3002829058562908,0.7392161693894563
2017-12-28,0.40325022967127017,0.4249989686706046,1.053933605982231
2017-12-29,0.4045773222069572,0.5897490745413447,1.457691872901529
2018-01-02,0.4134751737909817,0.23841698385985693,0.5766174101189943
2018-01-03,0.4087568986309586,-0.16033154311717027,-0.392241803512468
2018-01-04,0.40272811291925537,0.2880095797917453,0.715146448813941
2018-01-05,0.3995342931665467,-0.20166167938060248,-0.5047418527764258
2018-01-08,0.3944423391510948,-0.543945069927802,-1.3790230305865792
2018-01-09,0.40154455118372684,-0.4210867418067018,-1.0486675527419458
2018-01-10,0.40279002592684665,0.3072892179882757,0.762901755775066
2018-01-11,0.4001306741587635,0.6476375295227512,1.6185650622370984
2018-01-12,0.4125530765958137,0.7920466239828249,1.9198659976515178
2018-01-16,0.4332126790152176,0.9412112646111922,2.1726309274944606
2018-01-17,0.4627413537556723,-0.11680263570282977,-0.2524145178615301
2018-01-18,0.4549230871698588,0.07934993520207233,0.1744249466337696
2018-01-19,0.446973340126651,0.005781451890478431,0.012934668293281748
2018-01-22,0.43893089202134117,-0.05961008223629266,-0.13580744331249844
2018-01-23,0.4312127051925574,0.3893458018526545,0.9029089290836009
2018-01-24,0.43014297090489084,0.9219916961252964,2.143454057114323
2018-01-25,0.45852374939143853,0.7936302090984595,1.7308377377437496
2018-01-26,0.4756598497544736,-0.5241274557114863,-1.1018955162644708
2018-01-29,0.4778740249667625,-0.5593286335786053,-1.1704520529599995
2018-01-30,0.4814750098646235,0.3129516877535628,0.6499853187428264
2018-01-31,0.47655614502736054,0.3120110408654574,0.6547204230207626
2018-02-01,0.47175714056189916,0.4393429499955201,0.9312905141663118
2018-02-02,0.47091065242160557,-0.2830505845920392,-0.6010706768608506
2018-02-05,0.4655856321261337,-0.21944386854202358,-0.4713286953034091
2018-02-06,0.45911067882836687,-0.2926178985241806,-0.6373580751180312
2018-02-07,0.45434435927288946,-0.805187229140265,-1.7721959406051553
2018-02-08,0.47252110986111767,-0.3449673068993432,-0.7300569216912557
2018-02-09,0.4687041370482334,-0.09232189149103827,-0.1969726405071983
2018-02-12,0.4605447590978699,0.3405712962986114,0.7394966277886509
2018-02-13,0.4569805232885666,0.7853225493079908,1.7185033262612117
2018-02-14,0.47371318117405486,0.2723513419616634,0.5749287813496459
2018-02-15,0.46807281476960017,0.6971581105254223,1.4894223473939305
2018-02-16,0.4789368887940315,-0.31519459001184197,-0.6581129943978746
2018-02-20,0.4741473032534909,-0.7525924934010458,-1.5872546110394963
2018-02-21,0.4877346046552834,-0.2699465631989526,-0.5534701877258493
2018-02-22,0.4816632848789736,0.10318405699376254,0.21422445976900514
2018-02-23,0.4733047460634834,-0.22163904898686126,-0.46827979400217823
2018-02-26,0.466673430540214,-0.01048267760783897,-0.022462555015622773
2018-02-27,0.45821553193491604,-0.4588617317188631,-1.0014102529026423
2018-02-28,0.4585946021281626,-0.22325750304117817,-0.48682976643232445
2018-03-01,0.4523673834966208,0.04671975843513233,0.10327835325793627
2018-03-02,0.44430047082055946,0.8048073091591819,1.811403232755567
2018-03-05,0.4632265057075013,0.13563052061394643,0.29279525014829066
2018-03-06,0.4555923671838819,0.6927916302781648,1.5206392384500744
2018-03-07,0.4669846678311705,-0.13930965852153687,-0.29831741407814627
2018-03-08,0.45930601402665056,-0.6659866848086567,-1.4499846822602542
2018-03-09,0.4690188803273603,0.10318405699376254,0.2199997938712901
2018-03-12,0.46093871768918376,-0.05914307562950527,-0.12831006240049925
2018-03-13,0.4527422992490807,0.653137653378089,1.4426256492079146
2018-03-14,0.4621599354988249,-0.2850103523741358,-0.6166920377174505
2018-03-15,0.45712623084404086,-0.3264313075645608,-0.7140944569333418
2018-03-16,0.4532810588261756,-0.3275386404629989,-0.7225950303575415
2018-03-19,0.4495846765178683,0.4040102686324264,0.8986299794770015
2018-03-20,0.44834126853916156,-0.46576413731001687,-1.0388607295233485
2018-03-21,0.4493822694900468,-0.01866942235010027,-0.04154463497477569
2018-03-22,0.44130183661282235,0.3475508463261945,0.7875581234689476
2018-03-23,0.43855681849412015,0.4111326352087199,0.9374672057783365
2018-03-26,0.437965581879931,0.650944980039338,1.4862925466544894
2018-03-27,0.44814677665985125,-0.23566735756126797,-0.5258709196075336
2018-03-28,0.44243011813340316,-0.4707753241733727,-1.0640670806037278
2018-03-29,0.44391364198998784,-0.4323886746662411,-0.9740378167427288
2018-03-30,0.44387749446926283,0.19264424339682823,0.43400317834804814
2018-04-02,0.4374878332989692,-0.2542967181152694,-0.5812658061772631
2018-04-03,0.4324501189114283,-0.21418686361615086,-0.4952868648881543
2018-04-04,0.4267304411253254,0.2582965536893113,0.6052920738632116
2018-04-05,0.4220839877360499,-0.499888005025247,-1.1843330226918056
2018-04-06,0.4256885117585957,0.3649068786728946,0.8572157072442448
2018-04-09,0.42401012944793864,0.3798568657373183,0.8958674318273766
2018-04-10,0.4228831294147771,0.15177872009779994,0.35891410543580843
2018-04-11,0.4163901916223808,0.3779200578829042,0.9076103748035337
2018-04-12,0.41547655120953836,-0.5123544223092734,-1.2331728970448597
2018-04-13,0.41995673531476535,0.02201390059100013,0.0524194488141744
2018-04-16,0.41251351861170493,0.41882111583646603,1.015290643676331
2018-04-17,0.41321963579067544,-0.22077419157911626,-0.5342780750403492
2018-04-18,0.4081376874386251,0.2888958978212071,0.7078393069609644
2018-04-19,0.40479927469334237,-0.35026359165715687,-0.8652772214636519
2018-04-20,0.4033859432492313,-0.4329226394861509,-1.0732219273656503
2018-04-23,0.4050211109526383,-0.53303934719713,-1.3160779346621803
2018-04-24,0.4110074891484077,0.08760782091069544,0.21315383107061042
2018-04-25,0.40409050066668184,-0.3875971901246439,-0.9591841171350806
2018-04-26,0.4039787419094866,-0.5293974632812332,-1.310458715671349
2018-04-27,0.40984397783845666,-0.035505035628809564,-0.08663061445007779
2018-04-30,0.4026555458862327,-0.2754196266333056,-0.6840080298089906
2018-05-01,0.3991319968958721,-0.6089916067329416,-1.5257899929576906
2018-05-02,0.4094114984754413,-0.2612414036974025,-0.6380900504021217
2018-05-03,0.4053328039405351,0.02249128566652053,0.05548844171472522
2018-05-04,0.3982072617020625,-0.19492107408626666,-0.48949653316997027
2018-05-07,0.39302344033864994,-0.15339421946774667,-0.3902928012018165
2018-05-08,0.3872787866922166,-0.5322610398661138,-1.3743614629972478
2018-05-09,0.3941904672889421,-0.08698684487425416,-0.22067211688935315
2018-05-10,0.38764823550482613,0.3763393965439889,0.9708270593670832
2018-05-11,0.38777073737693696,0.4670562245794878,1.2044648539982028
2018-05-14,0.39155729042392573,0.21475047514880244,0.5484522454333551
2018-05-15,0.38694131410198673,-0.933822776279156,-2.413344717263835
2018-05-16,0.42087927557877924,-0.6368725441277716,-1.5131953058319765
2018-05-17,0.4313408305365471,0.09057752243400113,0.20999060608598374
2018-05-18,0.4239928562365597,-0.18935711594972618,-0.44660449619480747
2018-05-21,0.41804682756725775,-0.05368420844402447,-0.1284167344515668
2018-05-22,0.4107539426044608,0.13316459509720024,0.32419553724267547
2018-05-23,0.40430781373211816,-0.7609628054117403,-1.8821372715688613
2018-05-24,0.42355151284167186,0.3131849900091469,0.7394259742054536
2018-05-25,0.420392123805093,-0.5327964689017327,-1.2673797598281216
2018-05-29,0.4255714273547019,-0.9848800505997852,-2.3142532305838177
2018-05-30,0.45931095041126146,0.9792976478663836,2.1321016775009007
2018-05-31,0.48913194601786303,0.05720855510671054,0.11695935130072507
2018-06-01,0.4803228771272147,0.08287255168684654,0.17253509177514678
2018-06-04,0.47184412064556747,0.15123602298991454,0.3205211559762502
2018-06-05,0.4641940684222458,-0.19962772680333338,-0.43005230006891343
2018-06-06,0.45741528715609125,0.9098387820799284,1.9890869580173198
2018-06-07,0.48236446271230027,0.3194340635397057,0.6622255332483475
2018-06-08,0.4775802520547328,-0.3503322023906667,-0.7335567182340635
2018-06-11,0.4737537119069586,0.2518049057821925,0.5315101485297596
2018-06-12,0.4676820928382716,-0.07898586690913627,-0.16888794358104758
2018-06-13,0.45945218689115797,-0.06208417677470217,-0.13512652359930896
2018-06-14,0.4513025429166832,-1.275301915285456,-2.8258247938144114
2018-06-15,0.5071343948095216,-0.14905728872247007,-0.2939206850256244
2018-06-18,0.4986534353062599,-0.08034377951188157,-0.16112148001655002
2018-06-19,0.48976329558389464,-0.24440200259204595,-0.499020659154685
2018-06-20,0.4831296792025783,0.13526483136946543,0.2799762407325597
2018-06-21,0.47503999089496096,0.07477076128424304,0.15739887739425304
2018-06-22,0.46662461267482563,0.2640682937159022,0.5659116269118066
2018-06-25,0.4609988193140547,0.5545737741810495,1.2029830683866611
2018-06-26,0.4651809220187545,-0.15682716796129917,-0.33713155578417386
2018-06-27,0.45775535874767914,-0.7421909128952159,-1.6213702334926055
2018-06-28,0.47182925498238154,-0.04600965846012806,-0.09751336521480869
2018-06-29,0.4633431635671603,0.8226740808884678,1.7755179002856345
2018-07-02,0.4819510279815971,-0.6213414315515359,-1.2892210940055537
2018-07-03,0.4881758303456264,0.4271605850873293,0.8750137932574447
2018-07-05,0.48632254876990094,0.3826555596348438,0.7868349115267813
2018-07-06,0.48314265526045885,0.3556857986477503,0.7361920848325896
2018-07-09,0.4792908927569626,0.05688442549219674,0.11868455326782418
2018-07-10,0.47069030701444975,-0.13055122089593796,-0.2773611840957884
2018-07-11,0.46283161170725834,-0.04539125711535607,-0.09807294049756071
2018-07-12,0.45453535831640673,-0.2504756286333051,-0.5510586229442385
2018-07-13,0.4489497235986535,-0.20826888883747247,-0.4639024770258197
2018-07-16,0.44269862793803677,0.3736648286810842,0.8440614113070731
2018-07-17,0.44070707062517006,-0.3878187824418843,-0.8799921950236458
2018-07-18,0.43924332375812786,-0.15724574110932077,-0.35799233045579343
2018-07-19,0.4324343320184582,-0.3469222558241909,-0.8022541924570936
2018-07-20,0.4299645389743123,0.8980317089386481,2.088618077855718
2018-07-23,0.45658146296247304,-0.045478694469038364,-0.09960696646323618
2018-07-24,0.4484193469029296,-0.14815683216448727,-0.33039794823250374
2018-07-25,0.4412752555182062,-0.054147491301207266,-0.12270683802022804
2018-07-26,0.4334793747454322,-0.19138118537905377,-0.44150009557304887
2018-07-27,0.42732860284880114,0.05725267203685013,0.1339780947382721
2018-07-30,0.4198508568243925,0.5019754719155356,1.1956042574553865
2018-07-31,0.4236530579127953,-0.09667757346627727,-0.22819987171242695
2018-08-01,0.41652791201707473,-0.3365088018678532,-0.8078901609216976
2018-08-02,0.4142767357616758,-0.4581767650157671,-1.1059678844224214
2018-08-03,0.41646316772770087,-0.12347876689125126,-0.29649384737904666
2018-08-06,0.40976923441453095,-0.2791805301561667,-0.681311593719459
2018-08-07,0.4061264306894628,0.2907434339371134,0.7158938989603094
2018-08-08,0.4029001550409481,0.014403999858739632,0.0357507925438145
2018-08-09,0.3958134145204371,-0.27050951993174077,-0.6834268622742029
2018-08-10,0.39237175749945147,-1.4486312962480314,-3.6919866645857065
2018-08-13,0.4764966661370576,-0.02054011000748957,-0.04310651357544124
2018-08-14,0.467843417965965,-0.3898756343554727,-0.8333464133160801
2018-08-15,0.4654991968941932,-0.16174492860274506,-0.34746553738847646
2018-08-16,0.45813011928015185,0.4987401966425931,1.0886431073910854
2018-08-17,0.4600664153279276,0.19878089770980192,0.4320700035626688
2018-08-20,0.4533757976835988,0.2508796138044944,0.5533590789060555
2018-08-21,0.4478299091441975,0.8415864219001286,1.8792546114403108
2018-08-22,0.4689010502066686,0.5332590033178926,1.1372527382543889
2018-08-23,0.4717932676839206,-0.23599398753256937,-0.5002063481979871
2018-08-24,0.46546400340405075,0.5059549679060317,1.086990538915707
2018-08-27,0.46737768104073174,0.4435316037353013,0.9489789986284085
2018-08-28,0.4668428651609657,0.3819145675902934,0.8180794783242766
2018-08-29,0.4642855293788652,-0.17356015644972805,-0.3738220243088815
2018-08-30,0.4571069432851225,-0.4482780131631404,-0.9806851979571113
2018-08-31,0.4571377745914672,-0.4244747836614416,-0.9285489129415837
2018-09-04,0.4563173954547881,-0.2532636804477632,-0.5550164928412346
2018-09-05,0.450741984427975,0.4715806206643349,1.046231850939747
2018-09-06,0.45190997419664014,0.040198936312149935,0.08895341684726375
2018-09-07,0.44382902141238084,-0.44257246351883717,-0.9971688244055222
2018-09-10,0.44417121962280587,0.281929366417371,0.6347312792053207
2018-09-11,0.439579365848446,-0.10631168336448836,-0.24184866630237029
2018-09-12,0.43218229320587415,0.3072848891455796,0.7110075863270074
2018-09-13,0.4285917189579399,0.4006656460230367,0.9348422479958282
2018-09-14,0.42800865887494793,-0.13139278086760967,-0.3069862680184677
2018-09-17,0.4211371867025633,0.2713858577021216,0.6444120022433293
2018-09-18,0.41696078149883015,0.05710737260660993,0.13696101681632655
2018-09-19,0.4097089463623932,-0.06265896484553056,-0.15293531030222574
2018-09-20,0.4026471895102329,0.5094318400243332,1.2652064966453378
2018-09-21,0.40763293790583555,-0.03680254568700267,-0.09028354253233621
2018-09-24,0.4004970410804518,0.2949956718579521,0.7365739109135975
2018-09-25,0.3975645711210866,-0.01970383049695587,-0.049561334002658546
2018-09-26,0.3906025115193887,-0.09622467732174726,-0.24634935640184913
2018-09-27,0.38422417958811844,-0.7454599162693748,-1.9401691925492421
2018-09-28,0.404107504384302,-0.40637781266461137,-1.0056180799803964
2018-10-01,0.4046842764513905,-0.4685822820744404,-1.1578959434336342
2018-10-02,0.407740060369616,-0.05475385501284537,-0.13428617968813525
2018-10-03,0.40067849316894966,-0.29744598426142627,-0.7423557523862543
2018-10-04,0.39780844927837566,-0.14183286745060197,-0.35653558316291856
2018-10-05,0.3917832549176217,-0.046369787883441566,-0.11835571658924399
2018-10-09,0.3850329165704508,-0.16825270272124088,-0.4369826461069728
2018-10-10,0.3797215018074403,0.5183135211727312,1.3649833330627983
2018-10-11,0.38635171463474977,0.21351977640397904,0.5526564741813996
2018-10-12,0.38185343776464664,-0.04611268523676017,-0.12076016784529116
2018-10-15,0.37532176033242265,0.3081183124315795,0.8209444402015992
2018-10-16,0.37360706348183603,-0.0028440710371997685,-0.007612465917251164
2018-10-17,0.36715111970181813,-0.4524392089406117,-1.2322969607393826
2018-10-18,0.3712876257299695,-0.3936286475498856,-1.0601717382204499
2018-10-19,0.3727336713354028,0.17094861248824603,0.45863474548941047
2018-10-22,0.36778449495737053,-0.39456721164552677,-1.072821766701341
2018-10-23,0.3694181328919576,0.11908603541577924,0.3223610992874784
2018-10-24,0.36378341393137154,-0.7900599080301419,-2.171786502006901
2018-10-25,0.38880316291405176,-0.12601138887014227,-0.3241007298543972
2018-10-26,0.38278950998672107,0.12879350500879522,0.3364603826611211
2018-10-29,0.3769546884748754,0.023342256220431932,0.06192324153036162
2018-10-30,0.37045215582010893,-0.22274989482444107,-0.6012919383106738
2018-10-31,0.3666034719090633,-0.2762067504766647,-0.7534209892730594
2018-11-01,0.36423723278713976,0.5689649186296498,1.562072373205605
2018-11-02,0.37450608789069423,-0.15229357883014447,-0.40665181089017133
2018-11-05,0.3692057916461873,0.14630492486530733,0.3962693115212896
2018-11-06,0.36394729157950356,0.16363468119545732,0.44961093263064345
2018-11-07,0.3591005064628743,0.4167828611962203,1.160630112448225
2018-11-08,0.3620454496018707,-0.3701752750871029,-1.0224552621616219
2018-11-09,0.36296979528436624,-0.7945394286532688,-2.188995996294381
2018-11-13,0.3884133411716038,-0.3214642299680061,-0.8276343675486185
2018-11-14,0.3866595147254009,0.21817091226087285,0.5642455544274247
2018-11-15,0.3822509191804895,0.11180726143410744,0.292497037479496
2018-11-16,0.3762261011272303,0.6922225878641727,1.8399111220358424
2018-11-19,0.3931879481626848,0.4084078163664297,1.038708887886481
2018-11-20,0.394289197509589,-0.4933657817470082,-1.2512789720418593
2018-11-21,0.39894978933591135,0.02333763171086053,0.05849766646000282
2018-11-23,0.3919650042553701,-0.531073522880385,-1.3549003536407143
2018-11-26,0.39855800819736603,0.041073493901400436,0.10305524680628379
2018-11-27,0.39163628137648865,-0.4805793246691157,-1.2271062399530959
2018-11-28,0.39584295116354606,0.05009394430698443,0.1265500475876547
2018-11-29,0.38902034491103016,0.8527955152888622,2.192161737669269
2018-11-30,0.4162679776902011,-0.5139290330124852,-1.2346110211604273
2018-12-03,0.42078105986403036,0.2967997797727011,0.7053544184441379
2018-12-04,0.41726231981231265,-0.09113058600147847,-0.21840118715361026
2018-12-06,0.41023369923599745,0.2610745171707497,0.6364043657480218
2018-12-07,0.40612695520163666,0.14635430933877552,0.36036590889691755
2018-12-10,0.39996254768994116,-0.18755721453864016,-0.4689369432760945
2018-12-11,0.3945993322103701,-0.470367935493081,-1.1920140180123693
2018-12-12,0.3982055617613267,0.4291371732876097,1.077677497495182
2018-12-13,0.39991152104736366,-0.02942981607897487,-0.07359081829375289
2018-12-14,0.3929210649423502,-0.5061801218041181,-1.2882488799076868
2018-12-17,0.39825191390167913,0.3503199790312631,0.8796441819931856
2018-12-18,0.3970749305466423,0.22601675211437114,0.5692042854561984
2018-12-19,0.3925445053323173,0.5148670769634376,1.3116145302494182
2018-12-20,0.3983112433701293,0.09329349037997614,0.23422258832217674
2018-12-21,0.3917298161889352,-0.2569847499271306,-0.6560255035659177
2018-12-26,0.3880697385258602,0.058389958145469635,0.15046253894280048
2018-12-27,0.3814631654860379,0.040838419821817636,0.10705730858648888
2018-12-28,0.3749172946232364,0.2945334572181222,0.7855958139090544
2018-12-31,0.3728063919157265,0.10184713326645674,0.2731904159236611
2019-01-02,0.3668964068678524,-0.8621501789875814,-2.349846340408855
2019-01-03,0.3972477761849977,0.3749152864037132,0.9437819640030299
2019-01-04,0.3969477301585386,0.10223461382476333,0.25755182876075755
2019-01-07,0.3904810566086111,0.5128198666043917,1.3133028041316839
2019-01-08,0.39625796213357634,-0.20371583143547006,-0.5140990236223912
2019-01-09,0.3912928519938176,0.7024056553323045,1.795089411302107
2019-01-10,0.4077271592829863,-0.054979801660706866,-0.1348445900866459
2019-01-11,0.4006670322185181,-0.3247111084505926,-0.8104263199611086
2019-01-15,0.39859347522582955,-0.7550109894834943,-1.89418802968546
2019-01-16,0.4179105067531936,0.14613235212250963,0.3496737932191099
2019-01-17,0.41146047287775156,-0.18725186241451527,-0.4550907675405054
2019-01-18,0.40579657975335715,-0.20522618750502056,-0.5057366122448762
2019-01-22,0.400606871861099,-0.02062583667459537,-0.05148647745050887
2019-01-23,0.39358031570209157,0.2783210728711047,0.7071519122459651
2019-01-24,0.39041216959447145,-0.5930227325717773,-1.5189657975768565
2019-01-25,0.4003544062079972,0.7537280950197437,1.882652178500459
2019-01-28,0.41943888027095394,0.277175796626822,0.6608252350086592
2019-01-29,0.4154551961279979,-0.11669253769909277,-0.28087875368187926
2019-01-30,0.40871016510664726,-0.046753353625645665,-0.1143924414344968
2019-01-31,0.4015894818796126,0.3205770948502976,0.7982706453113714
2019-02-01,0.39935984537053987,0.18024067269185423,0.4513239745588861
2019-02-04,0.39388456726619187,-0.3084646167650145,-0.7831345587006725
2019-02-05,0.39155207753816085,-0.2743798239872388,-0.700749248254206
2019-02-06,0.3883423702465033,-0.22242895172575478,-0.5727650876327667
2019-02-07,0.3839782992652438,-0.19653202697707617,-0.5118310783529882
2019-02-08,0.3792025133853633,-0.2675511698991151,-0.7055627546097436
2019-02-11,0.3761961160505674,-0.4277899922557893,-1.1371462224194966
2019-02-12,0.37882105859173304,0.3510214708074862,0.9266155163401111
2019-02-13,0.37838532761345406,-0.24196243699029665,-0.639460410678179
2019-02-14,0.37475488064151935,-0.029660689185814767,-0.07914690566548592
2019-02-15,0.36831789250311636,-0.13611286067189476,-0.36955267024053984
2019-02-19,0.36293345170165653,0.5368501456142596,1.4791972001951708
2019-02-21,0.3715054452447757,0.09401934696526133,0.2530766323043107
2019-02-22,0.3655476040397149,0.041054820862916036,0.11231046355991335
2019-02-25,0.3593568503871366,0.03222831588735593,0.08968332133542532
2019-02-26,0.35327065486979714,0.2610745171707497,0.7390212393015558
2019-02-27,0.35091387385696854,-0.02939266032584537,-0.08376032558298259
2019-02-28,0.3450076234932054,0.08490581313316674,0.24609836812733177
2019-03-01,0.33958375805994695,-0.02058637950816827,-0.06062239144115409
2019-03-04,0.3339085659351833,-0.417052159061628,-1.2490010787641312
2019-03-05,0.3380926594521093,-0.24169967141644005,-0.7148918045370243
2019-03-06,0.33569543329837687,0.18261615756467334,0.5439935711081247
2019-03-07,0.3319669377858616,-0.9350260554651284,-2.816624034012314
2019-03-08,0.37314919133414703,0.2640529585046642,0.7076337417765177
2019-03-11,0.37023919758006907,-0.14553817287102527,-0.39309228688448294
2019-03-12,0.36494337714356095,0.45018712507631603,1.233580750526189
2019-03-13,0.3690869308758081,0.3068531395067876,0.8313844621337699
2019-03-14,0.3675494040731688,-0.047283022689788366,-0.12864399225192497
2019-03-15,0.36134235601530273,0.20021368282918114,0.5540830724552595
2019-03-18,0.3572601802654051,0.10285598627530333,0.2879021843377356
2019-03-19,0.3517282049315147,0.08513603878187953,0.2420506447541119
2019-03-20,0.3461485077310992,0.05864954722707184,0.16943463836230938
2019-03-21,0.34049094410895364,0.08503122489309184,0.24973123768567163
2019-03-22,0.33517498649635663,-0.692008775107831,-2.064619386850794
2019-03-25,0.3556946674444017,0.3773646450773554,1.060922975845121
2019-03-26,0.3571654659844638,-0.3835306660835698,-1.0738178872541189
2019-03-27,0.3588177656604233,-0.2605302900578766,-0.72607968442799
2019-03-28,0.3562670472341123,-0.11874048895271666,-0.3332906870690435
2019-03-29,0.35094622114237056,-0.06544362234563127,-0.1864776378916539
2019-04-01,0.3452243725299904,-0.15466068966627178,-0.4480004946720153
2019-04-02,0.3407132320611188,-0.20854261657674655,-0.6120766584707727
2019-04-03,0.33740636911788696,0.5051582699391758,1.4971805993462965
2019-04-04,0.34583274851138934,-0.22576197687443106,-0.6528068201933052
2019-04-05,0.3427835181666103,0.01469688897569163,0.04287513312862432
2019-04-08,0.3370246021740224,0.4061556688245259,1.2051217216920198
2019-04-09,0.34055931565992065,0.14775130714682233,0.43384896654644856
2019-04-10,0.3360546443298512,-0.10067703935632256,-0.2995853235627477
2019-04-11,0.3310080729134679,-0.02972991211906757,-0.08981627504547166
2019-04-12,0.32555368210372315,0.3780233068704329,1.1611704233466253
2019-04-15,0.3284076252107206,0.005781451890478431,0.017604499550729985
2019-04-16,0.3229634464546326,-0.09157661217883607,-0.2835510123022546
2019-04-17,0.3181343225848664,0.04119535221633233,0.12949043624597575
2019-04-18,0.31302396410272265,-0.4911580746226739,-1.569074994084141
2019-04-19,0.3222378365711227,0.05025159092547543,0.1559456563518237
2019-04-22,0.31708112806588784,0.11242916907295683,0.3545754039628452
2019-04-23,0.3126500573451135,-0.3947353044186309,-1.2625467200311722
2019-04-24,0.31689064966280495,-0.18167675966588576,-0.5733105721459539
2019-04-25,0.31368011325813144,-0.459918834513714,-1.4662033551844609
2019-04-26,0.3211260510268228,0.13137579871286192,0.4091097508058867
2019-04-29,0.316865461169711,0.11330834397115913,0.35759133719680464
2019-04-30,0.31245171943076555,0.3187427660338542,1.0201344598600701
2019-05-01,0.31348687004204057,0.4067264359312363,1.2974273400244538
2019-05-02,0.318249038577778,-0.5470509859650725,-1.7189399484434793
2019-05-03,0.33041817669196566,0.02366254268466213,0.0716139254854665
2019-05-06,0.32495862355550187,0.10407033975683024,0.32025720264984864
2019-05-07,0.3202236823255747,-0.16405099116487926,-0.5123012450968162
2019-05-08,0.31655696760267626,0.2559602814491245,0.8085757308946391
2019-05-09,0.3152889922315225,0.20191238754480254,0.6404041768655677
2019-05-10,0.31258953044377424,0.12149644989289024,0.38867728461796297
2019-05-13,0.30840104115251615,-0.07431466773000106,-0.24096762920216475
2019-05-14,0.3037534005595074,-0.21704496946594998,-0.7145433403088087
2019-05-15,0.301804791908168,0.01470404837196923,0.048720393997068547
2019-05-16,0.2969838452305494,-0.2622433668294822,-0.8830223294667827
2019-05-17,0.2966266999796109,-0.10162994404328077,-0.342619002437294
2019-05-20,0.29257351289490063,0.041598071184535235,0.14217989445776744
2019-05-21,0.28806720111151807,-0.10170691388679996,-0.3530666229767222
2019-05-22,0.284235771584613,-0.01214451391892907,-0.04272690186468602
2019-05-23,0.27982400047127903,0.14909928365925523,0.5328323639435593
2019-05-24,0.27701123501965524,0.22930517140343543,0.8277829286857811
2019-05-28,0.2763409658585291,-0.17299753556806136,-0.6260292788316674
2019-05-29,0.27415542204156396,-0.3617177292505794,-1.3193892958853841
2019-05-30,0.27888457400901984,0.04169454259790703,0.1495046570648921
2019-05-31,0.27470869455382074,0.08653878052011424,0.31502017313529046
2019-06-03,0.2710314557965949,0.5157355876563148,1.9028624782334
2019-06-04,0.28494022788210516,0.2731374617809189,0.9585780983299077
2019-06-05,0.2854290477836632,0.05916698567908914,0.20729139566738805
2019-06-06,0.28121185932893444,0.4672661189666329,1.661615979076011
2019-06-07,0.29122727609350935,0.2710570517913057,0.9307406072234551
2019-06-10,0.29139116548583555,-0.10908491815044066,-0.37435904403128945
2019-06-11,0.2875747294939395,0.04997644089814753,0.17378592683054497
2019-06-12,0.28323884301646707,-0.047254879238679964,-0.16683756625828555
2019-06-13,0.2789905219167186,-0.3041590220382258,-1.0902127425282937
2019-06-14,0.2809172238697221,-0.5099586206750887,-1.8153341174679505
2019-06-17,0.2936213542831495,0.16612354931109893,0.5657747533951502
2019-06-18,0.29075736074858605,-0.3419519465180666,-1.1760732235210645
2019-06-19,0.29371809950572897,0.16642405671785784,0.566611512868691
2019-06-20,0.29085767714722294,0.6280609957173869,2.159341303545797
2019-06-21,0.31096534674783155,0.3949558330518834,1.2700959678705344
2019-06-24,0.31530378705207956,0.5779409283519493,1.8329653879370922
2019-06-25,0.3296690757607434,-0.055678666818376465,-0.16889259840308812
2019-06-26,0.3243729744813255,0.040906144910541536,0.12610836329984249
2019-06-27,0.31911668961752054,-0.15237691514326795,-0.47749591325323765
2019-06-28,0.3152618755393093,0.02336696147592533,0.07411921100815679
2019-07-01,0.31014900631914083,-0.5850231412595064,-1.8862647609372711
2019-07-02,0.3254089348887124,-0.04729710561895156,-0.1453466716736799
2019-07-03,0.32016164008460385,-0.22455174703670727,-0.7013699298184776
2019-07-05,0.3178818597173469,-0.5188740577602999,-1.6322858379577576
2019-07-08,0.32837342904750966,-0.06557067386235707,-0.19968325102476603
2019-07-09,0.32317681476183985,0.02362425682674853,0.07310009798864457
2019-07-10,0.31788261615755575,0.4508200146380425,1.41819650312239
2019-07-11,0.3245967392486705,0.01466205222491683,0.045170053953266516
2019-07-12,0.3192499303013796,-0.056399318489660566,-0.176661960227895
2019-07-15,0.3142019309650197,0.059081621936184436,0.18803710643892266
2019-07-16,0.30929151367870983,-0.42141748900976517,-1.3625252241725945
2019-07-17,0.31500176562869053,0.18400284998181543,0.5841327575246339
2019-07-18,0.3118972524503423,-0.02983742649143877,-0.09566428128824007
2019-07-19,0.30688313762118313,-0.06549438861809237,-0.2134180102750993
2019-07-22,0.30219604661343147,-0.04770878741648687,-0.1578736318728744
2019-07-23,0.29749540466786534,-0.512771341733354,-1.723627772690575
2019-07-24,0.30909024556751513,-0.12876581691581687,-0.4165961843260121
2019-07-25,0.30510399318504244,0.14032872069675983,0.45993734540095615
2019-07-26,0.30141618364559697,-0.3084442409632684,-1.0233167882117935
2019-07-29,0.3025259346355148,0.19443532808235722,0.6427063131516779
2019-07-30,0.30003864000497943,0.05961725399826903,0.19869858761284756
2019-07-31,0.29547012870826206,-0.15581298133435367,-0.5273392001267192
2019-08-01,0.2923396654985378,-0.6070539196062353,-2.0765362735535855
2019-08-02,0.31074156637221023,0.456760839846112,1.469905829395859
2019-08-05,0.318198482912335,0.7678094344922072,2.412988985568928
2019-08-06,0.34640202668107506,-0.003149910594803968,-0.009093222187478779
2019-08-07,0.3405504777050985,0.3624152107694998,1.064204088661814
2019-08-08,0.34208213838883095,-0.22588576390238146,-0.6603260987734655
2019-08-09,0.33915035582719577,0.11277147636166264,0.33251174419855856
2019-08-12,0.3341731692023618,-0.08336895073336746,-0.2494782897512714
2019-08-13,0.3289914170761214,-0.2621476179183361,-0.7968220576942312
2019-08-14,0.32747754155584335,-0.3346291608044174,-1.0218385029232746
2019-08-15,0.32848613474950206,-0.3357919139184309,-1.02224075355418
2019-08-16,0.3294967732301067,-0.12937196779062057,-0.3926350067782686
2019-08-19,0.3249898049299692,0.05085289088305693,0.1564753420311601
2019-08-20,0.31977262233970605,-0.030274074009404867,-0.0946737522052267
2019-08-21,0.3145778595938527,0.05985986690825364,0.19028633161131528
2019-08-22,0.30966413291002626,-0.07534714137258057,-0.24331891673897177
2019-08-23,0.3049953900259613,0.5364298167527746,1.7588128683096274
2019-08-26,0.31750170261642796,-0.3176689648754368,-1.0005268074395521
2019-08-27,0.3182858689081463,-0.15633693000950435,-0.4911840118626863
2019-08-28,0.3145262949526928,-0.08439801134059177,-0.2683337218380609
2019-08-29,0.309827378007786,-0.22002363886041618,-0.7101491168249404
2019-08-30,0.30776061066920285,-0.629198910953124,-2.044442625666024
2019-09-03,0.3263088262356838,-0.18550156858689568,-0.5684846797644175
2019-09-04,0.32290813343148494,0.5241293591801239,1.6231531662281105
2019-09-05,0.3333607532696097,0.12362582033044013,0.3708469551916815
2019-09-06,0.32867248715184794,0.042013336344835735,0.1278273600230658
2019-09-09,0.3233223981981779,0.13248976823659234,0.40977602843148464
2019-09-10,0.319022007780313,-0.12092686445563036,-0.3790549288339499
2019-09-11,0.31465968326607213,-0.3662191585649393,-1.1638579012210761
2019-09-12,0.317521999411259,0.6671655162381527,2.1011631240518565
2019-09-13,0.33790989272062455,0.005781451890478431,0.017109448450680288
2019-09-16,0.3322505839017748,-0.6101625244303502,-1.8364528280580423
2019-09-17,0.3473605590885344,0.5223442934111668,1.50375245474554
2019-09-18,0.3561057045473741,-0.012298461375185869,-0.034535985293517694
2019-09-19,0.35004494030038263,-0.12992219222166188,-0.37115860640685816
2019-09-20,0.34502680746310227,-0.3751713897762946,-1.0873688121072043
2019-09-23,0.3468735581856176,-0.11242724566600956,-0.3241159293146465
2019-09-24,0.341702892102971,0.07854180071211714,0.22985407067742591
2019-09-25,0.33629926605535326,-0.4498417164787049,-1.3376232477553582
2019-09-26,0.3419195344602099,-0.09473484478019537,-0.2770676584178021
2019-09-27,0.3366666101248141,0.04234452359580283,0.12577583378436086
2019-09-30,0.3311346815274208,-0.3329381469137098,-1.0054463198417338
2019-10-01,0.3319274392746135,0.2530682931133999,0.7624205268068511
2019-10-02,0.3300479313594047,0.17943227467052114,0.5436552016292716
2019-10-03,0.32641313068816363,0.3703794312046071,1.1346952569700584
2019-10-04,0.3289016105598248,-0.14901029310749767,-0.45305431266775076
2019-10-07,0.3247246648938884,0.09686443477912024,0.29829712753964355
2019-10-08,0.31991093538568105,-0.313372605547736,-0.9795620308194138
2019-10-09,0.3204379144746258,0.2702956755314455,0.8435196439678775
2019-10-10,0.31947618162988556,0.3694843441731809,1.1565317398253807
2019-10-11,0.3222505646479494,0.19619725045947994,0.6088344660429703
2019-10-15,0.319206335767901,-0.02139861622703487,-0.06703694077862564
2019-10-16,0.3139973382291606,0.3585474095064475,1.141880410606454
2019-10-17,0.3165631367766925,0.4921812578993558,1.5547649132834644
2019-10-18,0.32560145837934207,0.23913284121124884,0.7344341834385982
2019-10-21,0.32353928816629846,-0.08390465277587186,-0.2593337373380913
2019-10-22,0.3186171989443112,-0.05704671514506747,-0.17904468225219147
2019-10-23,0.3135884415628185,-0.17394541172943517,-0.5546933135116531
2019-10-24,0.3103087498523617,-0.17426901086634236,-0.5615987655818789
2019-10-25,0.30713057902955904,-0.14751674306161228,-0.48030627079765603
2019-10-28,0.3035152334771191,0.12303061977591463,0.405352371828116
2019-10-29,0.29958660446471963,0.21288611373399313,0.7105995747518923
2019-10-30,0.2976628445258714,0.059738287731911435,0.20069111355521996
2019-10-31,0.2931525145120516,0.2930605793508354,0.9996863913605885
2019-11-01,0.2940306514677563,0.13120701930984743,0.4462358555303059
2019-11-04,0.2904874729480826,-0.21830325622801758,-0.7515066106380218
2019-11-05,0.2890161148615853,-0.6604675238054355,-2.285227327624083
2019-11-06,0.31182344030414727,0.05996731070747143,0.19231174747151894
2019-11-07,0.30697580910819827,-0.2744953917730051,-0.8941922575933501
2019-11-08,0.3066480436814149,-0.22989668475357156,-0.7497086301076081
2019-11-12,0.30495726980609833,-0.012370662880750071,-0.04056523357720161
2019-11-13,0.30005897448048074,-0.11228767766948806,-0.37421869438800115
2019-11-14,0.29606205750292547,0.11477328829303843,0.38766631989613975
2019-11-15,0.2922053019892864,0.2777424571546931,0.9505045092059158
2019-11-18,0.2925651099052769,0.3040867578444869,1.0393814831267485
2019-11-19,0.29388681359041763,-0.03032940884318407,-0.10320098568782121
2019-11-20,0.2892967946097213,-0.10262943595206177,-0.3547548326296357
2019-11-21,0.28544580507562345,0.041931474877918734,0.14689819970137513
2019-11-22,0.2811123903534687,-0.3381725439733598,-1.2029798599348256
2019-11-25,0.284382289158601,-0.17572327168389695,-0.6179121498874196
2019-11-26,0.28201092406268585,0.033028171099956136,0.11711663727116677
2019-11-27,0.27771560749044133,-0.08506983081897036,-0.30631994934565704
2019-11-29,0.2739435329138451,0.16017955712783782,0.5847174248797254
2019-12-02,0.27153942283001914,0.5127074944464037,1.8881512271879333
2019-12-03,0.2852006569900318,0.13211245587843023,0.463226337809761
2019-12-04,0.2819155335333033,-0.11152061434587257,-0.39558165862009304
2019-12-05,0.2783852213258195,0.2582612974638109,0.9277119533638757
2019-12-06,0.2786133748653435,-0.4636182184373855,-1.664019965521959
2019-12-09,0.28859718251856215,0.14141147403830634,0.4899960311608758
2019-12-10,0.28538480925959697,0.21339085985321304,0.7477302677981873
2019-12-11,0.2839488593513241,0.02381409101606973,0.08386753540927258
2019-12-12,0.27957196182130867,0.21292341815329763,0.7616050506859835
2019-12-13,0.2783223563573969,0.12267217238867453,0.4407557265401627
2019-12-16,0.2750659387431647,0.10458237608157003,0.38020838406757795
2019-12-17,0.27161682839697604,0.08654602755539703,0.31863278894085106
2019-12-18,0.26801993378982875,-0.30867008972875837,-1.1516684052716988
2019-12-19,0.2706480871592065,0.14066749365371795,0.5197431658586652
2019-12-20,0.26793551744396943,-0.46260347935216417,-1.7265478043570823
2019-12-23,0.2786474614774592,0.14111778327940133,0.5064384313108728
2019-12-24,0.275712097355041,-0.05735271029677426,-0.20801666247861375
2019-12-26,0.27172022006609814,0.16804597861422885,0.618452239488656
2019-12-27,0.2695629912423063,0.6522193287892071,2.419543297777611
2019-12-30,0.29391502919443174,0.389864814503405,1.3264541645657058
2019-12-31,0.2989234051211422,0.09489213324610324,0.3174463144083586
2020-01-02,0.2947275494925006,-0.5390330069568964,-1.8289196509965628
2020-01-03,0.3082106684404494,0.06845211959367753,0.22209523096668352
2020-01-06,0.3035161092199554,0.13100508184973453,0.43162480629585404
2020-01-07,0.29971379932625797,-0.4331890178411865,-1.4453422525588557
2020-01-08,0.3065881516677875,-0.18294023970941026,-0.5966970305742293
2020-01-09,0.30370887960792936,-0.09321509131576046,-0.306922508937163
2020-01-10,0.2993729436506491,0.12276684206016623,0.41007995099058797
2020-01-13,0.2955496327656737,0.17651429652692663,0.5972407912510447
2020-01-14,0.2928562351324994,-0.06607053611184836,-0.2256074079554957
2020-01-15,0.288513894179987,0.2749606184616359,0.9530238370083625
2020-01-16,0.2889232606524833,-0.2544133923171454,-0.8805569746880076
2020-01-17,0.2886126869910924,-0.3361915235661422,-1.1648535865525491
2020-01-21,0.2914277336273045,0.032821877491258235,0.11262441320438242
2020-01-22,0.28690627668467905,-0.09340254253507876,-0.3255507115925934
2020-01-23,0.282998051360682,-0.391941209237006,-1.3849608057458866
2020-01-24,0.28872633150969673,-0.13016817706033618,-0.4508358360656293
2020-01-27,0.2853103936842343,-0.05772501429470546,-0.20232355908699318
2020-01-28,0.281084907824637,-0.09409597957474157,-0.3347599851694851
2020-01-29,0.27733550190194933,-0.03056236097548717,-0.11019995913214295
2020-01-30,0.2731423021845124,0.2599111947577332,0.9515596547259042
2020-01-31,0.2736390200128041,0.4579844473062054,1.6736810681633614
2020-02-03,0.2836443328981166,-0.17485443537668308,-0.616456650447128
2020-02-04,0.28127551444599713,-0.16612539885877836,-0.5906145054466632
2020-02-05,0.2787804972591732,-0.3298349908522011,-1.1831350976663342
2020-02-06,0.28179838417424996,-0.23984068660668525,-0.8511073876789153
2020-02-07,0.28128285021982175,-0.2587086471180886,-0.919745540532985
2020-02-10,0.28141186778803684,-0.3052038897513073,-1.084545197579197
2020-02-11,0.2832708806617736,0.014941897094525033,0.05274773411096113
2020-02-12,0.2788871398128275,-0.21430116789192527,-0.7684153813465602
2020-02-13,0.27770087558082535,-0.4081835383363891,-1.4698676678013805
2020-02-14,0.28459467626001356,-0.07721758455219627,-0.2713247681472725
2020-02-18,0.2805619829033783,-0.21588669096861907,-0.7694794880422822
2020-02-19,0.27936317839376523,-0.18858206896662297,-0.6750426811826097
2020-02-20,0.2774633198144071,0.03357080874572913,0.12099188018143936
2020-02-21,0.2732802252478764,0.541530008415637,1.9815923670453912
2020-02-24,0.2887674321791235,0.02420444383649373,0.08381985341573986
2020-02-25,0.28427703554811456,0.10704728332909694,0.37655972851517555
2020-02-26,0.2806186115080906,0.18045398538463622,0.6430577944023271
2020-02-27,0.2784769915356565,0.8290572325041183,2.977112141050852
2020-02-28,0.31760305133559336,0.22418175710241395,0.7058551741227878
2020-03-02,0.31539564544634163,1.4765952435681844,4.681723622019373
2020-03-03,0.4215994265158878,0.10426393444615184,0.24730568375719245
2020-03-04,0.41458920840981406,-0.397716069327421,-0.9593015477968875
2020-03-05,0.4144349613925795,0.650598301909204,1.5698441553363913
2020-03-06,0.4260773695022912,1.0448210381547116,2.4521861824653732
2020-03-09,0.4646804909129797,0.8941289096485763,1.9241800056891543
2020-03-10,0.4879084550664469,-0.6795740117122973,-1.3928309801881746
2020-03-11,0.49668910733828425,-0.5423589003018782,-1.0919484488160704
2020-03-12,0.49874054380741806,-1.774150159681949,-3.5572607475180784
2020-03-13,0.5977930870254019,-0.12967709593656487,-0.21692638933286046
2020-03-16,0.5871331209275824,0.6632933906039474,1.1297155056693842
2020-03-17,0.5902552333848068,-1.5139221508793987,-2.5648601914087954
2020-03-18,0.6489647492164394,-1.260058235301868,-1.9416435743594136
2020-03-19,0.6817303189000881,-1.238893728805595,-1.8172783202666432
2020-03-20,0.7104105647547874,-0.15323827199861886,-0.21570381917323
2020-03-23,0.6975429196551896,0.7333287334964579,1.0513026694600498
2020-03-24,0.6988394541249002,0.3212683981717307,0.4597170298205744
2020-03-25,0.68838533452847,0.3849025310776092,0.5591381916078436
2020-03-26,0.6794234638184852,1.7441600863492253,2.567117827439641
2020-03-27,0.7469943007336689,0.3136969279218189,0.41994554391341127
2020-03-30,0.7352607437411846,-0.3656462523793578,-0.4973014750098872
2020-03-31,0.7247153362700584,-0.012372310526622469,-0.01707195902642254
2020-04-01,0.7109319193737628,-0.7413746434641371,-1.0428208711140587
2020-04-02,0.7120000389346717,-0.6548926341249071,-0.9197929751588055
2020-04-03,0.7098531396668328,-0.5944327328745405,-0.8374024141860321
2020-04-06,0.7057864683651977,0.10760974117990253,0.152467844033844
2020-04-07,0.6926958573968867,0.7248773873015328,1.0464583836629002
2020-04-08,0.6938585582443048,-0.19651746767631317,-0.2832241028684122
2020-04-09,0.6817574446294102,0.6206033014262865,0.9102992659854768
2020-04-10,0.6795194879702245,0.18858015008285384,0.2775198554586813
2020-04-13,0.6676470489661867,-0.4059865270847395,-0.6080855561533395
2020-04-14,0.6597062951012512,0.6000145850388736,0.9095177497840669
2020-04-15,0.6575546303539302,-0.5609476700829309,-0.8530814691107864
2020-04-16,0.6541856796498317,-0.6287326085214676,-0.9610919775223628
2020-04-17,0.6532425743108253,0.4016757221329103,0.6148951980918888
2020-04-20,0.6455975425685624,-0.07695054712910307,-0.11919275098685948
2020-04-21,0.6335960286618532,-0.17831285636110897,-0.28142988322970314
2020-04-22,0.6226205575780165,-0.22481404760658577,-0.3610771357777017
2020-04-23,0.6124590972913804,-0.12358467223156067,-0.20178436858578436
2020-04-24,0.6014368396203211,-0.15153130900218736,-0.2519488315645031
2020-04-27,0.5908930542071201,0.2924603369051708,0.49494631020431235
2020-04-28,0.5825899008903609,0.07040180955110853,0.12084282519060974
2020-04-29,0.5718697448090466,0.16254297599340914,0.2842307666541862
2020-04-30,0.562088081665625,0.7493475527834503,1.3331496917047643
2020-05-01,0.5703358271640291,0.5894052131720318,1.0334353640430138
2020-05-04,0.5711883871844226,-0.7884168893756668,-1.3803097315441508
2020-05-05,0.5808960445151377,-0.6101708517637782,-1.0503959486814471
2020-05-06,0.5821264783313099,-0.3452581695640355,-0.5930982053139595
2020-05-07,0.5751403243948756,0.08903385020528454,0.15480369994741724
2020-05-08,0.5646743856946776,0.3657430755095687,0.6477061555742815
2020-05-11,0.5586553286653549,-0.32644476730729527,-0.5843402014748199
2020-05-12,0.5518884692870174,0.4300971886009726,0.779319033710948
2020-05-13,0.5479867492946637,-0.24305513565772577,-0.44354199434671004
2020-05-14,0.5398695610219189,-0.3362256291779364,-0.6227904913577551
2020-05-15,0.533844375134007,0.15381996893389874,0.2881363485290755
2020-05-18,0.5248155413704133,0.8160989612528121,1.5550205680300382
2020-05-19,0.5387522161629281,0.3079656477761961,0.5716276212645071
2020-05-20,0.5321194484035296,0.3981714247200756,0.7482745197806125
2020-05-21,0.5279256970348734,-0.24042302208703656,-0.455410720556675
2020-05-22,0.5202574663694083,-0.5343397861222056,-1.0270679820341073
2020-05-26,0.5210126634670704,0.7009909844560929,1.3454394367141858
2020-05-27,0.5290601126554645,-0.003334733903698469,-0.0063031285555827194
2020-05-28,0.5192881249361109,0.9133110493194592,1.7587751490212216
2020-05-29,0.5394359182328792,0.348494630040094,0.646035271773738
2020-06-01,0.5337171494143996,0.14973109438140053,0.2805439070970216
2020-06-02,0.5246469549350801,0.3916224797181241,0.7464495429437564
2020-06-03,0.5205025740107849,0.7196877500746055,1.382678561085643
2020-06-04,0.5295156395871078,0.6793040263363125,1.2828781164348666
2020-06-05,0.536069644735604,-0.21527173507717556,-0.40157419318780896
2020-06-08,0.5277947214304523,-0.02963244843536347,-0.05614388934215241
2020-06-09,0.5180803833370489,0.4916266723976458,0.9489389836206306
2020-06-10,0.5173429487095069,0.06744731298216243,0.13037253750226477
2020-06-11,0.5079824494447187,0.20813052898386164,0.4097199208582333
2020-06-12,0.5002711895645,-1.09890920416908,-2.1966270036971567
2020-06-15,0.5350847685559804,0.15673828027297623,0.292922335830941
2020-06-16,0.5260603645434393,-0.09187047117867767,-0.1746386486623276
2020-06-17,0.5166558963864708,-0.3501224739261018,-0.6776705276662554
2020-06-18,0.511639711069449,-0.02096247516885787,-0.04097116528551174
2020-06-19,0.5022474208597048,-0.23523629477452926,-0.46836735243333183
2020-06-22,0.4951285454242793,0.6383284404864863,1.2892176110337124
2020-06-23,0.5014874945177141,0.5548927421828914,1.1064936778065377
2020-06-24,0.5038445722509017,-0.4368146499184371,-0.8669630953192338
2020-06-25,0.5017569348644728,-0.4476937394745052,-0.8922522208794775
2020-06-26,0.5001020594864132,-0.04770401916528896,-0.09538856771411675
2020-06-29,0.4910217658617642,0.20175514724983362,0.41088839900150803
2020-06-30,0.4836210924934425,0.005781451890478431,0.011954507320329134
2020-07-01,0.47480202558637774,0.20137184141329204,0.4241174859450083
2020-07-02,0.46779052481101596,-0.18980893763233067,-0.4057562681694165
2020-07-06,0.4607680452176089,0.6267912546247717,1.3603184099469274
2020-07-07,0.4683776524317276,-0.06499622070941917,-0.13876883402094692
2020-07-08,0.46005083105306793,0.2709398183147204,0.5889345264185967
2020-07-09,0.4547556358571389,-0.2682276469376453,-0.5898280874124422
2020-07-10,0.44954701288345483,0.18264743361666044,0.4062921749721688
2020-07-13,0.44285831942362813,0.4113899790514279,0.9289426460066151
2020-07-14,0.44211489908931545,0.3746883261310288,0.8474908375692057
2020-07-15,0.4401760603685116,0.005781451890478431,0.01313440782226605
2020-07-16,0.4322786836322373,0.24221923443905094,0.5603312020935084
2020-07-17,0.4271236284746617,0.04950494521963193,0.11590308266583928
2020-07-20,0.4196135170620912,0.040746487211740234,0.09710480133486948
2020-07-21,0.4122310107323483,0.4679176887712428,1.135086096361272
2020-07-22,0.41491415113391783,0.8029436318685361,1.9352042577342168
2020-07-23,0.43611983525751813,0.3159928165550418,0.7245550213703437
2020-07-24,0.4326425863233049,0.10897176115888123,0.2518747913490164
2020-07-27,0.4254269023187974,0.9893258354817716,2.3254895966602778
2020-07-28,0.45953932895422783,-0.13900416297764026,-0.3024858901499717
2020-07-29,0.4520277402829408,0.32063513496035123,0.7093262346236846
2020-07-30,0.44818373646104775,0.18404218412557632,0.41064003254292936
2020-07-31,0.4415499883198122,0.2683488326546127,0.6077428145242054
2020-08-03,0.436714319985394,-0.605114729310488,-1.3856077110792389
2020-08-04,0.4445583103042783,0.14185903710009834,0.3191010803577214
2020-08-05,0.43742653891206784,1.1214116842354416,2.563657173212505
2020-08-06,0.4811941021058588,-0.3478435693078103,-0.7228757954129861
2020-08-07,0.4771872057842864,-0.6712692048305818,-1.4067208774537652
2020-08-10,0.4861445317093292,-0.16419989109447336,-0.3377594118299168
2020-08-11,0.4783255453824727,0.07380866539823003,0.15430634242879934
2020-08-12,0.46983357661510117,0.2774284780186038,0.5904824427775621
2020-08-13,0.4644118804426216,0.19211164893578994,0.41366652539700793
2020-08-14,0.45750746898338507,0.13262599978437464,0.28988816309180543
2020-08-17,0.4499706045017737,0.30955351908512263,0.6879416477169065
2020-08-18,0.44589722999365067,0.5016432906974045,1.1250199753529477
2020-08-19,0.4484877617069115,-0.24604441778186278,-0.5486089895640314
2020-08-20,0.4429730040909711,-0.2972490830274312,-0.6710320499946012
2020-08-21,0.4387938497015834,-0.7303558995148546,-1.6644624805282886
2020-08-24,0.45346806641340265,0.24329110633552123,0.5365121038395804
2020-08-25,0.4477631981215479,0.13278709954556572,0.29655652832263335
2020-08-26,0.44045126801665996,-0.036535843819516065,-0.08295093344613576
2020-08-27,0.4326042358448669,0.09885587583677144,0.2285134255417264
2020-08-28,0.42529704868640517,0.6548880513361567,1.539836811374258
2020-08-31,0.43648301716571863,0.4166662696121832,0.9545990410297873
2020-09-01,0.43616630080001245,-0.0025870990997991688,-0.005931451134702369
2020-09-02,0.4283535034165141,-0.910614889285252,-2.125849052295029
2020-09-03,0.45605735376644635,-0.06180895284561007,-0.1355289029661461
2020-09-04,0.4479795670226033,-0.09568989116417857,-0.21360324936282293
2020-09-08,0.4403030649191367,-0.2568304149056896,-0.5833037182079518
2020-09-09,0.43524303475053455,0.18375514181852423,0.42218973572741025
2020-09-10,0.4289234181030431,0.5967498244132563,1.3912735915712935
2020-09-11,0.4367776942542423,-0.4075294144068309,-0.9330362327743175
2020-09-14,0.4361271487493763,0.3685745095862802,0.8451079247031335
2020-09-15,0.4342017135737549,-0.23030634748053386,-0.5304132625018148
2020-09-16,0.42874888058292154,-0.08712003699214607,-0.203195952077353
2020-09-17,0.421431427911958,-0.09566415660662497,-0.2269981550275134
2020-09-18,0.4143474800143938,0.2929438113861887,0.7070003451596043
2020-09-21,0.4109247247648214,-1.011435083904189,-2.4613634151195187
2020-09-22,0.4485230972611039,-0.2843211406453004,-0.6339052378383655
2020-09-23,0.4438629407252877,-0.21663095801465138,-0.4880582227943355
2020-09-24,0.43789281515286393,-0.08846522432270706,-0.20202483635595792
2020-09-25,0.430382756911252,-0.4065194242200453,-0.9445532324239293
2020-09-28,0.4299378881894439,0.3666375870910379,0.8527687304671461
2020-09-29,0.42816615721465623,0.493441228257701,1.152452663395159
2020-09-30,0.4312092545369349,0.05697599225773933,0.13213072692265024
2020-10-01,0.42364555469996357,0.2528529300789759,0.5968501906223298
2020-10-02,0.41896264257951876,-0.3864093483642238,-0.922300246115341
2020-10-05,0.41824459393657476,0.6698962810204642,1.6016854508872658
2020-10-06,0.43074714506582085,-0.04514801190453287,-0.10481325859428266
2020-10-07,0.42314016027699036,-0.09615535612098956,-0.22724233043265293
2020-10-08,0.41602202577943376,-0.10476747726423817,-0.25183156364846826
2020-10-09,0.40914331288266603,0.5657693398291257,1.382814583581809
2020-10-13,0.4165295517613256,-0.6904346393211884,-1.6575886066225918
2020-10-14,0.43036196145045646,0.15902513929506965,0.36951485851376
2020-10-15,0.42378986178643063,-0.45465592363072077,-1.072833412564846
2020-10-16,0.4254218267139951,0.14242849681023803,0.3347935810213862
2020-10-19,0.4187454244839207,0.6099100708334629,1.4565175764849048
2020-10-20,0.42787447054508826,0.3107113849302275,0.726174161628289
2020-10-21,0.4245106101760101,0.3940658934635587,0.9282827896814441
2020-10-22,0.42385055755360396,-0.38250298968260377,-0.9024477681245683
2020-10-23,0.4228185335469143,0.17478605524036683,0.41338314518555336
2020-10-26,0.41666426843184357,-0.23090504913612717,-0.5541753076287552
2020-10-27,0.4116974258381533,0.15800135443284863,0.3837802825975458
2020-10-28,0.4055624037412683,-0.6980586383793617,-1.7212114139275436
2020-10-29,0.42064478762831026,-0.7887889209541226,-1.8751900514481388
2020-10-30,0.44040923526982845,-0.08861889839383456,-0.20121943705276715
2020-11-02,0.43284463373530657,-0.10589761130403506,-0.2446550171828944
2020-11-03,0.42559537471418013,0.7763991878981169,1.8242660377113553
2020-11-04,0.44414163165552906,0.056945433564282534,0.12821458180360074
2020-11-05,0.43629706709250893,0.67701044726652,1.551718996825097
2020-11-06,0.44802604206828184,0.6557098844229086,1.4635530590942176
2020-11-09,0.4578588803307613,-0.6272121795853965,-1.3698809972459045
2020-11-10,0.4656489511203432,-0.0026855901534377684,-0.005767413728681844
2020-11-12,0.4572085645882312,0.039645319467734634,0.0867116728301881
2020-11-13,0.4490123426080391,0.09039098397071883,0.20131068880132044
2020-11-16,0.44127119216074623,0.17478605524036683,0.39609668237009177
2020-11-17,0.4346644579638005,0.15764176960948434,0.3626746257284578
2020-11-18,0.4279700584397272,0.06477601767382113,0.15135642411522535
2020-11-19,0.42051912618909737,-0.21351688161055415,-0.5077459461725903
2020-11-20,0.4150994287753513,0.12392492554803933,0.29854275134429675
2020-11-23,0.4084422368850891,-0.2560098558390458,-0.6267957442194486
2020-11-24,0.4042668474307401,0.4108452968750307,1.0162725424706454
2020-11-25,0.40500569995302166,0.2917121823951183,0.720266856562649
2020-11-30,0.40184070297054003,0.3411271719238222,0.8489114452620075
2020-12-01,0.40023807258688543,0.7645294117930579,1.9101866218064263
2020-12-02,0.42006238358417025,0.4533207369153879,1.0791747955326103
2020-12-03,0.42180021204768214,0.4924807009238108,1.1675686423508451
2020-12-04,0.42509506184166135,-0.07654340663247777,-0.18006185793094093
2020-12-07,0.41778152343641867,-0.02716747756740397,-0.06502795371116629
2020-12-08,0.4103968231859558,-0.21690823558450817,-0.5285329303980124
2020-12-09,0.4053131070904581,-0.2505123513339891,-0.6180711823811795
2020-12-10,0.4010989649904936,0.319857253503316,0.7974522036248508
2020-12-11,0.39886419939847595,-0.043743930879949065,-0.10967123884750488
2020-12-14,0.39194655482731117,0.27786802779476333,0.7089436668659838
2020-12-15,0.38881722948870523,0.11276413912998264,0.29001837001479464
2020-12-16,0.3826487888890592,0.14550941610274973,0.38026885313084596
2020-12-17,0.3770446868127138,0.6851930613791273,1.817272820289011
2020-12-18,0.3934812277696179,-0.17385442559782008,-0.44183664512608295
2020-12-21,0.38804787258129936,-0.043266207067122565,-0.11149708611804829
2020-12-22,0.3813664554937537,-0.4695903145451527,-1.2313361801503384
2020-12-23,0.38557982080428066,0.18636099698044634,0.4833266341369112
2020-12-28,0.38056993477542844,0.16147452222320183,0.4242965811749863
2020-12-29,0.3752612689789153,0.3246045300482072,0.8650094131255673
2020-12-30,0.37407015701820684,0.23405482673722514,0.6256976728721857
2020-12-31,0.37037811707117835,-0.4022158501010524,-1.085960081231677
2021-01-04,0.3722062996069028,0.20182791232865613,0.5422474378907935
2021-01-05,0.3678560991897066,0.339807588359789,0.9237514047158623
2021-01-06,0.36744703557515523,-0.03489375713075637,-0.09496268510137272
2021-01-07,0.36118960857931526,-0.19784313485861826,-0.5477542270299645
2021-01-08,0.3570623177862563,-0.10026742210189027,-0.2808121078794769
2021-01-11,0.3515071007525302,-0.6739640096960977,-1.9173553201435474
2021-01-12,0.36929098105130986,-0.002436487876652468,-0.006597745413971912
2021-01-13,0.3629301165790757,-0.06821041238059017,-0.18794365434186389
2021-01-14,0.356953345492731,-0.01889467408297917,-0.052933175501961895
2021-01-15,0.35088465455552864,-0.4642255976301137,-1.3230148186963486
2021-01-19,0.3564169978378541,0.22869176091029042,0.6416410056131214
2021-01-21,0.3531200345624968,0.14587789410477395,0.4131113497581962
2021-01-22,0.3482615447662646,0.3018099552196451,0.8666186656416647
2021-01-25,0.34730433480611445,-0.3314315172405285,-0.9542970934283124
2021-01-26,0.34739243982905793,0.07990128233750633,0.23000293954820522
2021-01-27,0.3418673295035908,-0.3736317383313485,-1.092914432256166
2021-01-28,0.3437912547641856,0.17917042320826612,0.5211605028497984
2021-01-29,0.3397680406277583,0.11296701683762593,0.3324827627369164
2021-02-01,0.334778120962555,-0.5312989550219697,-1.5870181524837328
2021-02-02,0.3448406260816003,-0.4093291483473901,-1.1870096426820944
2021-02-03,0.3481370298968445,0.047370140366814036,0.1360675145095888
2021-02-04,0.34236858348955956,-0.4192368969759712,-1.2245191796015236
2021-02-05,0.34622758579068075,0.5139253250779718,1.4843569552793414
2021-02-08,0.3545842092697123,0.08883793507040554,0.2505411486128293
2021-02-09,0.3489721600792424,0.5109375921565493,1.4641213558139676
2021-02-10,0.3570003763941284,0.22032068757440892,0.6171441324509275
2021-02-11,0.3534872883494098,-0.035440363277526366,-0.10025922980996932
2021-02-12,0.34754434044395893,-0.0024649506211045684,-0.007092478093459383
2021-02-16,0.3416669889650987,-0.15102954050307507,-0.4420372625419272
2021-02-17,0.3371877827726919,-0.5325444164442475,-1.5793704388253333
2021-02-18,0.3471610008344824,0.3042891362358061,0.8765072560119835
2021-02-19,0.3463248661946767,0.4848440679426567,1.3999689749973523
2021-02-22,0.353141750362294,0.16221802407602623,0.4593566858339578
2021-02-23,0.3485527342814327,-0.10122765409396196,-0.2904227800784587
2021-02-24,0.34321089354600254,0.014016988234435531,0.04084074397993068
2021-02-25,0.33744128012644625,0.7115122654455928,2.10855134611561
2021-02-26,0.35917520757515087,-1.112559288518968,-3.0975392094293843
2021-03-01,0.4134004763932753,-0.3172403223381272,-0.767392251469809
2021-03-02,0.41068221387147086,0.21296670811937213,0.5185681310903404
2021-03-03,0.40551275231014816,-0.04390387539861106,-0.10826755792141422
2021-03-04,0.3984499862608799,-0.22641037645109396,-0.5682278435388243
2021-03-05,0.3938897746355134,-1.0877642341434166,-2.76159551272937
2021-03-08,0.44043784917132406,-0.541288885298797,-1.228979040555262
2021-03-09,0.4450126039053069,0.3091439496459045,0.6946858289696588
2021-03-10,0.4410785317115905,0.13191138242313044,0.29906552447985335
2021-03-11,0.43391051103054357,0.6591048243691808,1.5189879194302014
2021-03-12,0.4447889228980755,-0.21151909329043717,-0.47554937275024567
2021-03-15,0.438701673086179,-0.2874861762887625,-0.6553113286903021
2021-03-16,0.4344045826363685,-0.17899938348433267,-0.4120568489356143
2021-03-17,0.4280304236637442,0.08981507028098383,0.20983337939440846
2021-03-18,0.4207501322489374,0.18202252809929742,0.43261430989070615
2021-03-19,0.41476342870604144,-0.13686593961506666,-0.3299855535529116
2021-03-22,0.40826856658230093,0.19872643855481903,0.4867541976557206
2021-03-23,0.4028917408197368,-0.49833657085726357,-1.2368994456012714
2021-03-24,0.40735244765590484,-0.3401666634594148,-0.8350671891549732
2021-03-25,0.4055274431024288,-0.4516913893209542,-1.1138367994662823
2021-03-26,0.40783271100024515,0.18393632403769603,0.4510092473616847
2021-03-29,0.4022043788764022,-0.15539260853313458,-0.3863523539132996
2021-03-30,0.39626337211893636,-0.46224476090965727,-1.1665089267218898
2021-03-31,0.3994362439201846,0.16771100532026342,0.41986927293902615
2021-04-01,0.3937521467506299,0.2524326507187184,0.6410953001828036
2021-04-02,0.3899206564622941,-0.07070038740173666,-0.1813199332479414
2021-04-05,0.3833503435198596,0.4045432749871571,1.055283455005433
2021-04-06,0.3847137124063183,0.3607814020952651,0.9377918968332044
2021-04-07,0.3843946167375539,0.3258895510276437,0.8477994665834392
2021-04-08,0.382920156622136,0.12345819069501743,0.32241235818997493
2021-04-09,0.37701548737820584,-0.053039607744220965,-0.14068283537385268
2021-04-12,0.37062600856634537,0.08980094935538663,0.24229532542185706
2021-04-13,0.36464889447822824,0.2741704413117923,0.7518751474732963
2021-04-14,0.36228886339636496,0.2985094658813931,0.8239542973607955
2021-04-15,0.3607289519769092,-0.07776772165540606,-0.21558491834163646
2021-04-16,0.3548759641580402,0.13942664385064613,0.39288838335794973
2021-04-19,0.349874416957708,0.4056486957884156,1.1594122808854854
2021-04-20,0.35277216967982095,0.14701854594566455,0.41675210966641685
2021-04-21,0.3479405039001655,-0.09389460919043087,-0.2698582319044179
2021-04-22,0.34253528624096413,-0.16889108160368638,-0.49306184906414624
2021-04-23,0.33834914644679653,0.4791846033581718,1.4162429797455418
2021-04-26,0.34533603251836203,0.12171389283149524,0.35245060280532275
2021-04-27,0.34032231238966465,-0.02732839031249947,-0.08030149454676018
2021-04-28,0.334648480113749,0.16295565804859302,0.48694575870538376
2021-04-29,0.33056558953834947,0.10492223991832253,0.31740218352688016
2021-04-30,0.3257027610879288,-0.6570213059508556,-2.017242051483506
2021-05-03,0.34458418299762644,0.24655536537726153,0.7155156201088889
2021-05-04,0.3421098389429806,-0.3680818174580957,-1.075917075625071
2021-05-05,0.34379933519910594,-0.08582033658573336,-0.24962333489106917
2021-05-06,0.338412595414235,0.3882864916836553,1.147376004750568
2021-05-07,0.3411027113975342,0.9639121813251152,2.8258707688832616
2021-05-10,0.3836667527065885,0.046874528285489936,0.1221751114862369
2021-05-11,0.3770983501648759,-0.002435812586804768,-0.006459356254780154
2021-05-12,0.3705654709422506,-0.7779539461523803,-2.0993697663580146
2021-05-13,0.3940113391282494,-0.02735307458894567,-0.06942204924727391
2021-05-14,0.387144171678343,0.5922933971302842,1.529903949122056
2021-05-17,0.3972520621161032,0.12102677251533533,0.3046598974732656
2021-05-18,0.3909789794932697,0.3999029900520394,1.022824783496892
2021-05-19,0.391844681054593,0.11225592855336863,0.28648067456536125
2021-05-20,0.3855998415985171,0.07942819635092153,0.20598607100472155
2021-05-21,0.37919126791319213,-0.3794175655648529,-1.0005967902502242
2021-05-24,0.37976361391450253,0.2682057455135922,0.7062439256594348
2021-05-25,0.3767570895989083,0.19397444610708123,0.5148528095744248
2021-05-26,0.3721258214189075,-0.23156366914514426,-0.6222725105777318
2021-05-27,0.368432106418846,-0.07619248498940107,-0.20680196883488458
2021-05-28,0.3623894055846588,0.005781451890478431,0.015953700084446343
2021-06-01,0.3561827042578751,0.3904760126655694,1.0962801056810048
2021-06-02,0.3581582794273036,-0.22322003855190917,-0.6232441112595214
2021-06-03,0.3546789791213105,-0.7421160140953497,-2.092359733113826
2021-06-04,0.37700891064149034,0.4256215417270967,1.1289429233990538
2021-06-07,0.3795057265716502,0.22733818306563272,0.5990375563482085
2021-06-08,0.3755007140076971,-0.15828749385551036,-0.4215371314906894
2021-06-09,0.3702694078787034,0.038616783001452736,0.10429374444594465
2021-06-10,0.3639632174395005,-0.08454166464965647,-0.23228079267023555
2021-06-11,0.3580930790998488,-0.587447609263915,-1.640488586768007
2021-06-14,0.36984906420767405,0.21216283525282123,0.5736470787274714
2021-06-15,0.365782610389434,-0.04371124894657557,-0.1195006206009574
2021-06-16,0.3595983025438286,-0.002469713591330168,-0.006867979002846251
2021-06-17,0.35345211546648303,-1.7254311568681682,-4.881654632597004
2021-06-18,0.481653356013206,-0.3221841954834414,-0.668913008621511
2021-06-21,0.47695913292822956,0.3169544879738927,0.6645317514479515
2021-06-22,0.4722714366777611,0.01417811002546853,0.03002110423024058
2021-06-23,0.46369870878546277,0.3410709529215752,0.7355443231984
2021-06-24,0.46004942603252336,-0.18687262620828496,-0.4062011941192465
2021-06-25,0.4531698803645393,0.11471848868287704,0.2531467638374269
2021-06-28,0.4455464224300343,-0.01097036990931307,-0.024622282565933486
2021-06-29,0.4375381121996617,-0.2710295288727315,-0.6194421041636086
2021-06-30,0.4328786590804236,-0.4741588454423495,-1.09536202696991
2021-07-01,0.43490664527795386,0.08171480293405253,0.18789044458455598
2021-07-02,0.4274125733183475,-0.07015189915309127,-0.1641315757476334
2021-07-06,0.42000612643866764,-0.26467172175142567,-0.6301615740599797
2021-07-07,0.41570111844908275,-0.10429942632419656,-0.250900037780321
2021-07-08,0.4088252398372364,0.318770752783257,0.7797237590080487
2021-07-09,0.4063013926120318,0.18298921101838284,0.4503780059477059
2021-07-12,0.4006959002792981,-0.01951472430580027,-0.04870208128457983
2021-07-13,0.3936652888478718,-0.3744310799888253,-0.951140704034794
2021-07-14,0.39348544922791073,0.11576919511600413,0.2942146789497912
2021-07-15,0.38724096714279077,-0.16348060612357437,-0.4221676423592154
2021-07-16,0.3817958763484499,0.039656790967810836,0.10386909190087129
2021-07-19,0.37523790069960805,-0.04503586096733007,-0.1200194886586975
2021-07-20,0.3688484182567659,-0.23170805752676596,-0.6281931711185146
2021-07-21,0.3652544016054664,0.20090346501665332,0.5500370813701005
2021-07-22,0.36107756719937967,-0.23180881685336988,-0.6419917433568222
2021-07-23,0.3577166119946414,-0.07920920425394266,-0.22143004154117735
2021-07-26,0.35194523734602373,0.4215471859276235,1.1977635756814318
2021-07-27,0.35543848363707825,0.18343895811595834,0.5160920006153845
2021-07-28,0.3511797837198306,-0.18034381334763766,-0.5135370021513397
2021-07-29,0.34697697577282216,0.6557098844229086,1.8897792366840633
2021-07-30,0.36390600389311817,-0.17948175899333108,-0.4932091173907814
2021-08-02,0.3593431817738856,0.08161243669290813,0.2271155843003089
2021-08-03,0.3535545808614153,-0.11220271820922656,-0.31735614324625955
2021-08-04,0.34821889361159913,-0.14611731149336027,-0.4196133931099628
2021-08-05,0.34348967986953904,-0.01955745613816157,-0.056937536363799036
2021-08-06,0.33772408966830614,-0.6467908880729059,-1.9151458479261814
2021-08-09,0.35483029018952594,-0.09630277645591016,-0.2714051734548137
2021-08-10,0.34928641862697957,-0.22428980122933898,-0.6421371953453171
2021-08-11,0.34609686106216675,0.13366415826543063,0.3862044800268256
2021-08-12,0.3412314859650839,-0.002738975840148968,-0.008026738307581705
2021-08-13,0.3354959034886692,0.5157264631254045,1.5372064390730251
2021-08-16,0.3446273726619562,-0.16391144476046496,-0.47561934356631946
2021-08-17,0.34029376444414167,-0.522103980002514,-1.534274308127136
2021-08-18,0.34947323744732955,-0.09671257826414496,-0.2767381530287305
2021-08-19,0.34406080427626323,-0.07115806889581247,-0.20681829493915901
2021-08-20,0.33854085435130626,-0.01987821552995997,-0.05871733137806819
2021-08-23,0.3328876240961708,0.3644190150132437,1.0947208265933117
2021-08-24,0.33483585064976457,0.12504205040278904,0.3734428382150212
2021-08-25,0.3301303584840766,0.10789173986401754,0.32681556570393855
2021-08-26,0.32531453514864483,0.03129274077410783,0.09619226131352954
2021-08-27,0.3199959805078505,0.2859769228317799,0.8936891094004351
2021-08-30,0.3195607212494679,0.014259980023064032,0.04462369457456523
2021-08-31,0.31432844619964667,0.04816331308854113,0.1532260718711728
2021-09-01,0.3093443040554022,0.4286150628425889,1.385559899515156
2021-09-02,0.3154142899391236,0.07326922229405664,0.23229518963201676
2021-09-03,0.3105882017014735,0.22480268340899842,0.7237965968361891
2021-09-07,0.30862550507168307,-0.2891667246853338,-0.93695018698526
2021-09-08,0.30873635392440124,-0.2561868392215412,-0.829791619824183
2021-09-09,0.307752604698316,0.08190748644019083,0.26614717532767324
2021-09-10,0.3031937978727631,-0.04496279818352457,-0.14829722276309043
2021-09-13,0.298453547753459,-0.09578436301904876,-0.3209355819022548
2021-09-14,0.2942803615460688,0.13272261056059953,0.45100736543652153
2021-09-15,0.29075610302719146,-0.10422490572308407,-0.35846162690293376
2021-09-16,0.28688877398545914,-0.3929465419056911,-1.3696825304346258
2021-09-17,0.2924437519275203,-0.24955956691756034,-0.8533592024883183
2021-09-20,0.29184393037632145,-0.03683884453953517,-0.12622789342246352
2021-09-21,0.28733077901238824,-0.036857017181722664,-0.1282738219288842
2021-09-22,0.2829255621855636,0.13364235666437543,0.4723587209017291
2021-09-23,0.279730830698818,-0.028298807449344873,-0.10116442073492349
2021-09-24,0.27547078336945,-0.16479428243230626,-0.5982278062907709
2021-09-27,0.2731229402158695,-0.10524900748098667,-0.38535396330238864
2021-09-28,0.2697355396479903,-0.17383626735805296,-0.6444692738113502
2021-09-29,0.26777866031007885,-0.586672949227081,-2.1908876104904444
2021-09-30,0.28710525139324317,-0.296086041988728,-1.0312804818160013
2021-10-01,0.2883544104029639,0.18701127495622502,0.6485466086503902
2021-10-04,0.2861286830109456,0.21249987175696874,0.7426723861474586
2021-10-05,0.28464250672687924,-0.10613797781102156,-0.3728816859839676
2021-10-06,0.2809615447598263,-0.5383788198252047,-1.916201095368499
2021-10-07,0.29555206638779685,0.13561225733473634,0.4588438815271152
2021-10-08,0.2920427829396733,0.10088369396089374,0.34544148958385007
2021-10-12,0.28809762186065513,-0.2624660156716237,-0.9110315245801344
2021-10-13,0.2880885048604477,0.23945674970460543,0.8311916153009997
2021-10-14,0.28732957170363843,0.20440840091038592,0.7114074604239474
2021-10-15,0.2855820783320599,0.03166025298379693,0.11086218424037116
2021-10-18,0.28119514715539007,0.13507509572625423,0.48036069289492733
2021-10-19,0.2780747441518823,0.20370759541696304,0.732564174564877
2021-10-20,0.276617797231445,0.10030347826199833,0.36260674210370786
2021-10-21,0.2730672862534227,0.005781451890478431,0.02117226112948916
2021-10-22,0.26891497686381205,-0.08874057448104647,-0.329994913321573
2021-10-25,0.26541566596937893,-0.19214469163600337,-0.723938773298224
2021-10-26,0.2640720677538487,-0.15801874853335737,-0.5983925141247898
2021-10-27,0.2619230730415355,0.09202552795632664,0.351345633233821
2021-10-28,0.258651464599154,0.7358684397407211,2.8450194197861425
2021-10-29,0.29186749643883253,-1.1389571321446164,-3.902308910863292
2021-11-01,0.36194889324846297,0.3428167275042326,0.94714125087517
2021-11-02,0.3618712581022785,-0.08052961854627126,-0.2225366528653971
2021-11-03,0.3560148738539089,0.03168259600249843,0.08899233804343641
2021-11-04,0.35000165765235886,-0.3227964485713928,-0.9222711993324677
2021-11-05,0.34968271430232284,0.07504552392367213,0.21461033346587022
2021-11-08,0.344063216597698,0.3168774511491302,0.9209861323817267
2021-11-09,0.34376629262537883,-0.002847048050157469,-0.00828192906411582
2021-11-10,0.3379737728556241,-0.6174353146578951,-1.8268734566029527
2021-11-12,0.35309993215678787,-0.638820083228774,-1.8091764541747835
2021-11-15,0.368415592968666,-0.18666087482030785,-0.5066584541555588
2021-11-16,0.3638676749191164,-0.7677127798753749,-2.109868044876557
2021-11-17,0.38720238629724274,-0.09132736174383686,-0.2358646665822142
2021-11-18,0.380857194167236,0.3232420359677202,0.8487224107043735
2021-11-19,0.3794232039739085,-0.3470148216003909,-0.9145851333442795
2021-11-22,0.37882677151934485,-0.5079941489882991,-1.340966867127442
2021-11-23,0.3849928866864848,0.05017656915683203,0.13033115907331771
2021-11-24,0.37841090052664456,-0.6086187712096027,-1.6083542264838875
2021-11-26,0.39002106721382457,0.9480944073349472,2.4308799883755134
2021-11-29,0.4247857431576953,-0.3576457973858313,-0.8419439756316415
2021-11-30,0.4229073181639363,0.23640067775053783,0.5589893283873115
2021-12-01,0.41788540574138944,0.3242248877317932,0.7758703301843507
2021-12-02,0.41522339832019156,-0.14446825598986746,-0.34792898611764533
2021-12-03,0.40881544803225495,0.023469609714966432,0.05740881326264049
2021-12-06,0.40161638484792583,-0.22440899946547108,-0.5587645522740431
2021-12-07,0.39692587042521943,-0.30492943769949077,-0.7682276727713048
2021-12-08,0.3943899752066955,0.7410463136935097,1.8789684329707808
2021-12-09,0.4131159327867187,-0.3921850251511155,-0.9493340586154315
2021-12-10,0.41282087072033313,0.24475134036226384,0.5928754036470977
2021-12-13,0.4082609366686679,-0.11805757322419086,-0.28917185706650833
2021-12-14,0.4016971848215753,-0.26898052021366,-0.669610169991943
2021-12-15,0.3980382851609736,-0.04748559482355216,-0.11929906391880912
2021-12-16,0.3911550940285067,0.4311254693206158,1.1021854908764046
2021-12-17,0.3932485650311372,-0.2775801120134611,-0.7058642718543232
2021-12-20,0.390071015101662,0.19182801718244552,0.49177716301850954
2021-12-21,0.38504382551452015,-0.22461297877863998,-0.5833439309888888
2021-12-22,0.3808202744005726,0.4660407172178951,1.2237812651951452
2021-12-23,0.38489944116250246,-0.029547995571161268,-0.07676809163951544
2021-12-27,0.3782382817393275,0.08525516352195334,0.22540067369677058
2021-12-28,0.37204533289140285,-0.12670984514828276,-0.34057635977728656
2021-12-29,0.36644311544424674,0.20886306334023702,0.569974041092375
2021-12-30,0.36240148589477217,-0.16195197962247546,-0.446885528690962
2022-01-03,0.35756623016400946,-0.24191860398566298,-0.6765700549369528
2022-01-04,0.35456312179723726,0.058911710822023435,0.16615295613206232
2022-01-05,0.3487146877528201,0.3504417727510813,1.0049527165299255
2022-01-06,0.3494415871511244,-0.24154664874793447,-0.6912361253770056
2022-01-07,0.3466809791308511,0.455815302103749,1.3147975503199045
2022-01-10,0.3520307814308311,-0.2586989984971917,-0.7348760737504492
2022-01-11,0.3496483278984055,0.3142740503412919,0.8988289811945218
2022-01-12,0.3490522686422587,0.6024314626674095,1.725906165889549
2022-01-13,0.3623677826571098,0.294054200113413,0.8114799774892282
2022-01-14,0.3606683590676766,-0.4313203892449692,-1.1958919555902472
2022-01-18,0.3641734428188542,-0.6799355207232239,-1.867065087064668
2022-01-19,0.381300660291994,0.09395710349009563,0.24641211850549843
2022-01-20,0.3751152766332212,-0.08239419970914547,-0.21965034441854672
2022-01-21,0.3689697265461159,0.09395710349009563,0.2546471884553172
2022-01-24,0.3630703329857395,-0.31201542574416297,-0.8593801183871946
2022-01-25,0.3619093160103289,-0.23323074528152596,-0.6444452656058999
2022-01-26,0.35855797996632294,-0.02967639796246607,-0.0827659670696867
2022-01-27,0.35248128361614,-1.2252778061695313,-3.4761499776648743
2022-01-28,0.4197272343452572,0.17617743948901332,0.41974269256994207
2022-01-31,0.41367159673646353,0.4706490868281584,1.1377360460355546
2022-02-01,0.41640489966392913,0.24630537524928423,0.5915045078673946
2022-02-02,0.41177881890099216,0.5382168209883923,1.3070531952684066
2022-02-03,0.41765930282423114,1.1147525072064213,2.669047474025873
2022-02-04,0.4634074568827218,0.2680193644095236,0.5783665334443537
2022-02-07,0.45795512973007063,-0.17771285447745028,-0.3880573509072785
2022-02-08,0.4509882336471708,-0.15176781483395047,-0.336522781551515
2022-02-09,0.44382977361345927,0.17207618191139334,0.3877076125615181
2022-02-10,0.4371207026680708,0.459494820742755,1.0511852171222238
2022-02-11,0.43838222963880114,-0.7193975593936771,-1.6410281045981598
2022-02-14,0.45242953512603923,-0.857279827842173,-1.8948361264773517
2022-02-15,0.4741775555851147,0.5086719201677762,1.0727456712709587
2022-02-16,0.4758296250209234,0.16406498827853352,0.344797758801418
2022-02-17,0.468249136712284,-0.14370197889062997,-0.3068921384449401
2022-02-18,0.46059202858073056,-0.320339325446027,-0.6954947232437378
2022-02-22,0.45647920660582514,0.13812078921646134,0.30257849036205975
2022-02-23,0.4490277445943339,-0.22371816336108685,-0.49822792924121206
2022-02-24,0.443056265992548,-1.4361660953054023,-3.241498214878103
2022-02-25,0.5161395306438661,0.9605065266431528,1.860943542621032
2022-02-28,0.539595480218195,-0.3233271395823922,-0.599202831446344
2022-03-01,0.5332799483593982,-1.0781186209126408,-2.021674777439887
2022-03-02,0.5633934716036474,-0.0032255285254327694,-0.005725179094197881
2022-03-03,0.5529083913963769,-0.4365573420246544,-0.7895654123138256
2022-03-04,0.5491645303915574,-1.278096870880725,-2.327347816818094
2022-03-07,0.5929152747247174,-0.4718972076412006,-0.7958931533013652
2022-03-08,0.588929576305934,0.19896489819903873,0.3378415793736287
2022-03-09,0.5791954040960926,1.7188073953516712,2.96757775216481
2022-03-10,0.6583924519135493,-0.5559159843327405,-0.8443535200274979
2022-03-11,0.6548346892759351,-0.6322083169261243,-0.9654471995446221
2022-03-14,0.6539924809436238,0.3890635418411643,0.5949052216621781
2022-03-15,0.6460383723902927,-0.039770409690707165,-0.0615604449988933
2022-03-16,0.6338997967654896,0.20605461851203674,0.32505866000185263
2022-03-17,0.6232374679512949,1.0371847867444186,1.6641887564203266
2022-03-18,0.6435553553633133,-0.5900495064725739,-0.9168589796591263
2022-03-21,0.6416426598935981,0.04199365579877813,0.06544710697032181
2022-03-22,0.6295997189520331,-0.22983261270425226,-0.365045608798568
2022-03-23,0.619346976579922,-0.18492831848401436,-0.2985859711549763
2022-03-24,0.608759303730735,0.05122153991731283,0.08414087407519776
2022-03-25,0.5974203734493074,-0.18520582820886985,-0.31000922706996537
2022-03-28,0.5873250362194166,-0.06707166124894266,-0.11419853933127007
2022-03-29,0.5764910734359587,1.156104357817416,2.0054158877550172
2022-03-30,0.6082863853207471,0.5357148787051222,0.8806951653580769
2022-03-31,0.6057941468295787,-0.6232644757167907,-1.0288387218309105
2022-04-01,0.6065237567379795,-0.4459721172623929,-0.735292084288554
2022-04-04,0.6013616275423052,-0.4571193066095498,-0.760140464029511
2022-04-05,0.5966737210895654,-0.6422379745497288,-1.076363767750589
2022-04-06,0.5985218473390965,-0.06749875657339577,-0.1127757606067033
2022-04-07,0.5874563424228081,-0.11341353769497926,-0.19305866581886777
2022-04-08,0.576890653562516,-0.23303559924644826,-0.40395107427614935
2022-04-11,0.5679159848518383,0.01497727699237493,0.026372346248155532
2022-04-12,0.5573444933773631,-0.20593676591576257,-0.3694963677990952
2022-04-13,0.5484314062647538,0.20830384459484644,0.37981749807794246
2022-04-14,0.5397605347205805,-0.7141109049065977,-1.3230142979539503
2022-04-15,0.5474592509324856,0.15387477773476682,0.2810707417450201
2022-04-18,0.5381270554811772,-0.24425340541766036,-0.4538954191761576
2022-04-19,0.5302726404132982,0.04286312469880203,0.08083223879963751
2022-04-20,0.5205409504540774,0.6340751199417033,1.218108045848435
2022-04-21,0.5254458250391689,-0.16014778971974328,-0.3047845887971518
2022-04-22,0.5166772858185964,-0.4473147044664867,-0.8657526017575646
2022-04-25,0.5144835098754017,-0.8037888748899903,-1.5623219393069623
2022-04-26,0.5283829623311661,-0.3874038514995733,-0.7331876292725094
2022-04-27,0.5240048477502146,-1.050333974976167,-2.004435606818748
2022-04-28,0.5529711881436975,-0.4597997017289145,-0.8315075208031073
2022-04-29,0.5499337260924898,0.3575429972817608,0.6501565194450867
2022-05-02,0.5441356481578394,-0.14617982723350326,-0.2686459299779241
2022-05-03,0.5347968100876058,0.11027963268169423,0.20620847133255932
2022-05-04,0.5253377515591285,0.07222348366415153,0.13748009437700298
2022-05-05,0.5158319845214364,-0.2983145726256778,-0.5783173234254549
2022-05-06,0.5096096548885003,0.6225109554309322,1.221544665528627
2022-05-09,0.5145169107943957,-0.11726053987605767,-0.22790415128437974
2022-05-10,0.5055566267384831,-0.2597473907012589,-0.5137849589213719
2022-05-11,0.4988095416444361,0.06273987378354264,0.1257792174077239
2022-05-12,0.489819956626291,-1.5339611084342963,-3.1316835659365236
2022-05-13,0.5649628942523731,0.3329250131639476,0.5892865116469534
2022-05-16,0.5581684324090764,0.10179682172482923,0.1823765297608649
2022-05-17,0.5481446245496688,1.0749019827746835,1.9609824390009754
2022-05-18,0.5767171185271578,-0.3556761850637951,-0.6167255551077355
2022-05-19,0.5701181817456605,0.888098261562724,1.5577441484911627
2022-05-20,0.5852457355693865,-0.259044201796055,-0.44262467208587253
2022-05-23,0.5764882464899824,1.0327844014295255,1.791509901056538
2022-05-24,0.5999333692991344,0.7156667420073554,1.1929103774364562
2022-05-25,0.6047345358775912,-0.7978860827441056,-1.3193989021748407
2022-05-26,0.613118070535599,0.6324495458394784,1.0315297758015713
2022-05-27,0.613907056706123,-0.14351408764379778,-0.23377168591905909
2022-05-31,0.6030189355065506,0.21100540451571134,0.34991505588205396
2022-06-01,0.5931204613363819,-0.7894699675519875,-1.3310449040540655
2022-06-02,0.6017009318904164,0.8196687267726398,1.36225271281767
2022-06-03,0.6113209706891496,-0.10608581063797877,-0.17353536967394875
2022-06-06,0.6001978492833109,-0.19963411987284527,-0.3326138541003204
2022-06-07,0.5902161517555868,-0.012913631357095268,-0.02187949502683706
2022-06-08,0.5791821257139999,0.4069575275629531,0.7026417244165936
2022-06-09,0.573789923674356,-0.7794160763780458,-1.3583648722635797
2022-06-10,0.582902667395387,-1.2692039452977846,-2.1773857219920294
2022-06-13,0.6224218191087839,-0.8054078032763872,-1.2939903109913662
2022-06-14,0.6302576209868795,-0.18604672893638285,-0.29519155777135125
2022-06-15,0.6194406061368781,-0.2633977146806741,-0.42521867644962064
2022-06-16,0.6099297162363772,1.3729809116862943,2.251047743924315
2022-06-17,0.6547069925851177,-0.5464957088546701,-0.8347179960562601
2022-06-21,0.6509756686844181,0.719356621893645,1.105043792723345
2022-06-22,0.6536555749269587,0.3370486139451977,0.5156364098674756
2022-06-23,0.6446165656543367,-0.7530194952044382,-1.1681665277094826
2022-06-24,0.6489992705942416,0.3479545830066101,0.5361401757632382
2022-06-27,0.6402970369476121,0.5923488858065658,0.9251157691286187
2022-06-28,0.6385816775787566,-0.6282400710858357,-0.9838053504257559
2022-06-29,0.6382128299365472,-0.5367928171464783,-0.8410874742205475
2022-06-30,0.634729044753262,-0.07060545147052896,-0.11123715237889484
2022-07-01,0.6229248580279688,-0.5689878284981791,-0.9134132651239164
2022-07-05,0.6210328966036595,-1.4945128652917594,-2.406495490762305
2022-07-06,0.6743902367851038,-0.7872907030992796,-1.167411181473186
2022-07-07,0.6789079855376408,-0.13193251832986685,-0.19433048533872652
2022-07-08,0.666540035930494,0.19263305761377783,0.2890044816960783
2022-07-11,0.654995652367589,-0.8824114985117849,-1.3472020696964384
2022-07-12,0.6648857425115516,-0.18273872102358016,-0.274842291448903
2022-07-13,0.6532715026484095,0.12488816572315663,0.19117344812509202
2022-07-14,0.6413930456667745,-0.5213469256852823,-0.8128353264936081
2022-07-15,0.6373233856829152,0.6122355649100163,0.9606356500695225
2022-07-18,0.636420151615467,0.7070535242998519,1.1109854433507356
2022-07-19,0.6392185887111937,0.7705660403960577,1.2054812766782792
2022-07-20,0.6446230789499158,-0.19954739072000965,-0.3095566963644402
2022-07-21,0.6336423062602691,-0.19016257082932075,-0.30011028138517526
2022-07-22,0.622796851497722,0.2799957065681401,0.4495779095459416
2022-07-25,0.6134805004245797,-0.13123168365597868,-0.2139133738809227
2022-07-26,0.6024969200129588,-0.9289427246777318,-1.541821532727091
2022-07-27,0.6178805237088182,-0.07333247628663207,-0.11868390970871687
2022-07-28,0.6064379285943572,0.5484299148586402,0.9043463296067714
2022-07-29,0.6044367780557892,0.3887919864010273,0.643230194647656
2022-08-01,0.5978485497069824,0.6701058958636671,1.1208622922847258
2022-08-02,0.6007862125662861,-0.7369897503711947,-1.2267088274597864
2022-08-03,0.6065028909091462,-0.4661958254447122,-0.7686621653952646
2022-08-04,0.6019144286918593,0.7422702721345742,1.233182387316666
2022-08-05,0.607817242387381,-0.4944402767565904,-0.8134686584647234
2022-08-08,0.6040273293663825,0.3689363879797682,0.610794197618141
2022-08-09,0.5969799091492152,0.19175517553509575,0.32120875861362785
2022-08-10,0.5869730513691152,1.0854009447445112,1.8491495345703053
2022-08-11,0.6130330485529757,0.015454970640471133,0.02521066470551886
2022-08-12,0.6015316587578287,-0.7808212929668871,-1.2980551922724965
2022-08-15,0.6092566848871505,-0.688835634395641,-1.1306164568768426
2022-08-16,0.6124787093537257,-0.11209675429346797,-0.18302147092059745
2022-08-17,0.6013719018126317,-0.09255664237509327,-0.15390915687299767
2022-08-18,0.5903740346998689,-0.487364828122148,-0.8255187380825646
2022-08-19,0.5869434802085918,-0.7385280429497058,-1.2582609192408831
2022-08-22,0.5934047324951007,-1.0255167999361727,-1.7281911379846293
2022-08-23,0.6151268490995846,0.4075497705517178,0.6625458978880281
2022-08-24,0.6086960899457857,-0.08447578735114096,-0.13878155083707686
2022-08-25,0.5974996233217011,-0.07451565169119057,-0.12471246638940628
2022-08-26,0.5864871606787777,0.3966222560780856,0.6762675854984621
2022-08-29,0.580610233195281,0.02578345215718063,0.04440750555718967
2022-08-30,0.569790740386211,0.18561964602841813,0.32576809848226546
2022-08-31,0.5603232864604021,0.47383986752344803,0.8456544266020509
2022-09-01,0.5574795820798059,-1.1433693402348624,-2.05096182351515
2022-09-02,0.5900834908275692,0.8065865322247535,1.366902387141093
2022-09-06,0.5996762615644571,-1.1574887856557146,-1.930189436940552
2022-09-07,0.6295555497595061,0.2878122593003496,0.45716737690628817
2022-09-08,0.620208835089987,0.14649913517695884,0.2362093651176431
2022-09-09,0.6092114424537362,0.9056975341412149,1.4866719024404964
2022-09-12,0.6228978261544064,0.828586589571197,1.3302126846174025
2022-09-13,0.6318306486167371,-1.305973420071154,-2.066967506135249
2022-09-14,0.6693794769762014,-0.03423855864866437,-0.05114969882753316
2022-09-15,0.6567509283477811,-0.014234560986599771,-0.02167421524992788
2022-09-16,0.6443526552455495,0.22573754936891544,0.3503323025539353
2022-09-19,0.6337064620318945,-0.09413862037173516,-0.14855240716639112
2022-09-20,0.6220399470980524,-0.08423205621256677,-0.13541261554909306
2022-09-21,0.6105634669309472,-1.1414586643332023,-1.869516808909069
2022-09-22,0.6384559557495942,-0.389736532402327,-0.6104360510581307
2022-09-23,0.6309410924696127,-1.24167848766101,-1.9679784729202934
2022-09-26,0.6639781697776456,-0.9868851628164972,-1.486321701129101
2022-09-27,0.6787922259480125,-0.06698740625072117,-0.09868617183581536
2022-09-28,0.6660643434704602,0.6794638463987531,1.0201174301847118
2022-09-29,0.6665423669771696,0.9618411628933576,1.4430307967599945
2022-09-30,0.6798629883274685,0.09782011462333104,0.14388210022136722
2022-10-03,0.6672554256237953,0.27119606257916573,0.4064351553614321
2022-10-04,0.6567330764170379,1.7039926868096276,2.5946503198927657
2022-10-05,0.7236615181537458,-1.1130126600918753,-1.5380293578847033
2022-10-06,0.7417906241719175,-0.6042245063600253,-0.8145485891447317
2022-10-07,0.7369737905822769,-0.20860278620971107,-0.2830531952091481
2022-10-11,0.7240617876501847,-0.2807810203321805,-0.3877859944016739
2022-10-12,0.7123588723895791,-0.6626358652628989,-0.930199497677503
2022-10-13,0.7104674539416743,0.9096495611351388,1.2803535983082714
2022-10-14,0.7188140896632517,-0.41432265487589287,-0.5763975147871597
2022-10-17,0.7096813393904621,1.067991418691674,1.504888686532128
2022-10-18,0.7261714135223424,-0.0043785684382972685,-0.006029662358999693
2022-10-19,0.7123549368335811,-0.626164387815575,-0.8790061743642528
2022-10-20,0.7092261681740887,0.4444905164911368,0.6267260521921844
2022-10-21,0.7010399517462453,0.3310180430855971,0.47218142455512346
2022-10-24,0.6907044136012634,0.19839137508923255,0.2872305014743425
2022-10-25,0.6786926826052728,0.8629439631735994,1.2714796921944818
2022-10-26,0.6864235460158208,1.0943226842471625,1.594238266736177
2022-10-27,0.705865879752894,-0.8220295886385985,-1.1645690948064673
2022-10-28,0.710463878846294,-0.5062935663715146,-0.7126239369039747
2022-10-31,0.7038054180857414,-0.48869455436736087,-0.6943603186468017
2022-11-01,0.6968768075350396,-0.13594766679245857,-0.19508134769662713
2022-11-02,0.684159879273721,0.04629598703394133,0.0676683746540172
2022-11-03,0.6712564137429764,-1.175856010895672,-1.751724060763919
2022-11-04,0.6966880938431703,1.3897457414109802,1.9947889933710024
2022-11-07,0.7343839054454754,1.0313283449419355,1.4043449717438108
2022-11-08,0.7474835638964277,0.9218487960103228,1.2332696537231893
2022-11-09,0.7545831241146285,-0.5109642075674105,-0.6771476743094907
2022-11-10,0.7467531937112931,1.381155628500778,1.8495476686702397
2022-11-14,0.7796685442932387,1.5755499507486157,2.0207945572266675
2022-11-15,0.8231966218983721,0.3437990608974939,0.41763905700276027
2022-11-16,0.8101497771031624,0.22728681524632563,0.2805491301361964
2022-11-17,0.795848729949309,-0.5150530588233563,-0.647174569036709
2022-11-18,0.7869473570831689,0.08311350021027293,0.10561507000714032
2022-11-21,0.7720676897791152,-1.0725794131739594,-1.3892297623292837
2022-11-22,0.7851971092958643,0.3762605731150439,0.47919250932095314
2022-11-23,0.7736131124518626,0.858499797113121,1.1097275670421634
2022-11-25,0.776774529537538,0.371764716992199,0.4786005499092942
2022-11-28,0.7653155106772366,-0.14815354098487507,-0.19358491879221457
2022-11-29,0.751251951786087,-0.2834869013931115,-0.3773526321217894
2022-11-30,0.7389619428186232,-0.31338318869334847,-0.4240856944513417
2022-12-01,0.7274131511160115,1.6868161865559832,2.3189245121125963
2022-12-02,0.7845587433050685,0.22463115149474314,0.2863152739187528
2022-12-05,0.7707844746528162,-0.2511780042725866,-0.3258732013066616
2022-12-06,0.757621972011142,0.03436513080453813,0.04535920561188891
2022-12-07,0.7431975232235052,0.08196467622077463,0.11028653037656184
2022-12-08,0.7292076029064211,0.4521895636954472,0.6201108736293257
2022-12-09,0.7206512260180709,-0.013174097403320869,-0.018280822855341286
2022-12-12,0.7069508399458161,-0.041623147243274865,-0.0588770037340433
2022-12-13,0.693570768261695,0.8086192942023367,1.1658785681365857
2022-12-14,0.6981440719616078,0.24068877156285765,0.34475516047365873
2022-12-15,0.6864752414620422,-0.15389547115496308,-0.22418211445936398
2022-12-16,0.6741218448666291,-0.2577729175329361,-0.38238327313652754
2022-12-19,0.6632381718380351,0.13764546270911762,0.20753549562393264
2022-12-20,0.6512454786243816,0.10926704370270643,0.16778165421356928
2022-12-21,0.6393029206588416,-0.3332977088177666,-0.5213455125064695
2022-12-22,0.630556520985083,-0.09805581613583327,-0.1555067830916191
2022-12-23,0.6189785945803696,0.3169703493452547,0.51208612401232
2022-12-27,0.610431378749306,0.3160049674309513,0.5176748418117105
2022-12-28,0.602083580532335,-0.2950271975695083,-0.4900103691727627
2022-12-29,0.5935467308294975,0.4379098838465054,0.7377850152329448
2022-12-30,0.5885595394256001,0.2866016308195331,0.48695435486312844
2023-01-03,0.5802060474755675,-1.3020416765776215,-2.244102215484837
2023-01-04,0.622535447936145,0.5818253508320337,0.9346059774763428
2023-01-05,0.6211021868509339,-0.921289798627256,-1.4833143694088586
2023-01-06,0.6349222890444349,0.9234360631997924,1.4544080104504977
2023-01-09,0.6480408789334383,1.3155578708968465,2.030053834045198
2023-01-10,0.6847973449239372,-0.19890786408688377,-0.2904623762946644
2023-01-11,0.6729208936606863,0.03371831476249263,0.05010739758586655
2023-01-12,0.6602189503364757,0.7756224751195463,1.1747958381446884
2023-01-13,0.6648740744285724,-0.10515504834702906,-0.15815784129860203
2023-01-17,0.6526208016133573,-0.16085439485202627,-0.24647451392044936
2023-01-18,0.641055763156817,0.3203053004456716,0.49965278974852234
2023-01-19,0.6320134776688436,-0.15135681587395436,-0.23948352562389635
2023-01-20,0.6208053512772809,0.19985757213878552,0.32193274708020314
2023-01-23,0.6103612086122295,0.3192035373697784,0.5229748104332309
2023-01-24,0.6020782749358822,0.07938528261241684,0.1318520961761507
2023-01-25,0.590993949363367,0.2629690649513884,0.44496067216029034
2023-01-26,0.5821626578478092,-0.3158065497985469,-0.5424713274569151
2023-01-27,0.5745425828636994,-0.07708003607114176,-0.13415896118082463
2023-01-30,0.5640234759168204,0.09784553499042353,0.17347777028496122
2023-01-31,0.5538481393623101,-0.07707240785502896,-0.13915801530681066
2023-02-01,0.5437646638396223,0.5476886333777663,1.0072163010932635
2023-02-02,0.544088774204131,0.014941058033827233,0.02746069895612596
2023-02-03,0.5340114877547781,-0.8496714952107577,-1.5911108931067282
2023-02-06,0.5492741435514822,-0.9502753964302791,-1.730056671311731
2023-02-07,0.5695265365001666,-0.15289688447950928,-0.2684631438230878
2023-02-08,0.5596953323502366,0.2763166231895686,0.4936911337625019
2023-02-09,0.5518780273257409,0.2570027982523066,0.46568768011597805
2023-02-10,0.5439054223323209,-0.8434607385688536,-1.5507489058520683
2023-02-13,0.5581744730075231,0.4546320277901323,0.8144980642710343
2023-02-14,0.5548035966518672,0.043094885159218034,0.07767592967905645
2023-02-15,0.5445598571297525,-0.35861979226908797,-0.6585498133470375
2023-02-16,0.5389431460323242,0.015141680286883931,0.028095134706427417
2023-02-17,0.5289731071355114,-0.05039306508151527,-0.09526583563841869
2023-02-21,0.5192939298602585,-0.19107823202705196,-0.3679577615676558
2023-02-22,0.5110621444657037,-0.3137676922038006,-0.6139521300914058
2023-02-23,0.5053197741814496,-0.3714707167384134,-0.735120087750665
2023-02-24,0.5012152234498095,-0.35393116619446957,-0.7061460818336683
2023-02-27,0.49676010130267073,0.4882571997990146,0.9828832841418651
2023-02-28,0.49671508686351185,0.06239056746957023,0.12560634681650812
2023-03-01,0.48776842860593866,0.6826029865043374,1.399440690442478
2023-03-02,0.49671217210830154,-0.7370871672585674,-1.4839321616178458
2023-03-03,0.5080120729023482,0.20379198285488673,0.40115578689024645
2023-03-06,0.5002333373248822,0.7378354015537988,1.4749824661817836
2023-03-07,0.5113621769625082,-1.1321440257245552,-2.2139768577517636
2023-03-08,0.5476042140259307,-0.22146985318128987,-0.4044341652396462
2023-03-09,0.5391489455438837,0.2708578165149092,0.5023803139254455
2023-03-10,0.5317511569430171,0.7780587879988675,1.463200931187151
2023-03-13,0.5431666952842561,0.6976316311292252,1.2843785106598495
2023-03-14,0.5498973788578806,-0.09675875751364196,-0.17595784456111943
2023-03-15,0.5400157643048348,-1.753684363028881,-3.247468831370892
2023-03-16,0.6291771810826932,0.8282089262959873,1.3163365601892916
2023-03-17,0.6377638715206374,0.24086548511663913,0.3776718874688482
2023-03-20,0.62747825244476,0.7077357591781828,1.1279048419936886
2023-03-21,0.630693874102867,0.4431745460302512,0.7026777399108982
2023-03-22,0.6247259260184365,0.21912970776156643,0.35076134771314044
2023-03-23,0.614439357039278,0.90976325583191,1.480639619531653
2023-03-24,0.628033204584503,-1.176571135873632,-1.8734218625463175
2023-03-27,0.6568590452110153,0.2563500020879856,0.39026638052252655
2023-03-28,0.6463555272418776,0.5142649586120943,0.7956379065969483
2023-03-29,0.6419101528670385,-0.16034687427282326,-0.24979644512031357
2023-03-30,0.6305718509600537,0.6778208051293266,1.0749303256993405
2023-03-31,0.632428618555529,-0.24225505394273916,-0.38305517308190645
2023-04-03,0.6222869501407299,0.18038977636115824,0.2898819850237309
2023-04-04,0.6115833499551176,0.5551830718977582,0.907779899401286
2023-04-05,0.6096274690737079,-0.2960158415151273,-0.48556841109030974
2023-04-06,0.6009199171454267,0.08818017479471213,0.146741973894954
2023-04-07,0.5899064946599669,-0.12242369387508267,-0.20753067644330644
2023-04-10,0.5793571216814318,-0.6653928600547724,-1.1485020812787188
2023-04-11,0.582913342064843,0.6127915011274323,1.0512566052387005
2023-04-12,0.5841638352880968,0.7457473733778932,1.276606541399652
2023-04-13,0.5911016291462164,0.6137412211232094,1.0383006759932187
2023-04-14,0.5920556467014155,-0.6659102810781735,-1.1247427244182746
2023-04-17,0.5950713271282075,-0.5879631560572782,-0.9880549259443686
2023-04-18,0.5948928562437293,0.3989607633221698,0.6706430563669677
2023-04-19,0.5888306618952699,-0.039857725570982265,-0.06768962309586964
2023-04-20,0.577871188685717,0.16086974644340943,0.27838340030290143
2023-04-21,0.5679386356760162,0.033125024042801134,0.05832500548826456
2023-04-24,0.5573959440992302,0.4966915286784259,0.8910928289603819
2023-04-25,0.5553988173676876,-0.5307053997623411,-0.9555393046705052
2023-04-26,0.5546513410726743,0.7687279320061505,1.3859660566572511
2023-04-27,0.5642703091875806,-0.3114058184337446,-0.5518734786561733
2023-04-28,0.5570297221182051,0.21433210099263672,0.38477677668186283
2023-05-01,0.5482442556310556,-0.6302952042905674,-1.149661301175089
2023-05-02,0.5516982837050297,0.2516048560563354,0.4560551727053372
2023-05-03,0.5436357739331914,0.4775232321145475,0.8783881690854866
2023-05-04,0.5414879930737883,-0.3568991523867056,-0.6591081555857715
2023-05-05,0.5359173199067508,0.16008145981305794,0.29870551644218546
2023-05-08,0.5269118052253656,-0.048650192381858366,-0.0923308073559866
2023-05-09,0.5172697165413446,-0.6040597864254268,-1.1677849429585643
2023-05-10,0.5210005049451353,0.12440001591519784,0.23877139222407848
2023-05-11,0.511961440041314,-0.4512159616859956,-0.8813475515843215
2023-05-12,0.5100610045906819,-0.545386579461925,-1.069257548711436
2023-05-15,0.5116672228581866,0.17145107100657023,0.33508316215535566
2023-05-16,0.5033505749681968,-0.06781560754926867,-0.1347283800233137
2023-05-17,0.4942894413161675,-0.3260772597527314,-0.6596889039030862
2023-05-18,0.4893223810246204,-0.4940807385931685,-1.0097243816205266
2023-05-19,0.4897866736594748,0.4040223116278504,0.8248944558029109
2023-05-22,0.4871394206828636,-0.11444977646576286,-0.23494254746480822
2023-05-23,0.4787565148030832,-0.3186383534336203,-0.6655540835087729
2023-05-24,0.47405825652887973,-0.11498589986774546,-0.2425564754629276
2023-05-25,0.46597023479084454,-0.30143845180654677,-0.6469049507890787
2023-05-26,0.46121933588757463,-0.10616930147549357,-0.23019265068577494
2023-05-30,0.4533374630214197,0.08975626438297483,0.19798995605782077
2023-05-31,0.4454961744119984,-0.6304482391633945,-1.4151597148853428
2023-06-01,0.45414521686699033,0.9214189804891244,2.028908257243605
2023-06-02,0.480211681319855,-0.2549748888176046,-0.5309635286605476
2023-06-05,0.4740331737559938,-0.02219709807052967,-0.04682604361768891
2023-06-06,0.46543489216341044,-0.23702778208290956,-0.5092608785326972
2023-06-07,0.45929047477885065,0.07121118736489483,0.1550460792795304
2023-06-08,0.4511947123943266,0.7319740110643087,1.6223018376700122
2023-06-09,0.4651115305909349,-0.2822023971019905,-0.6067413481309437
2023-06-12,0.45992961624877365,-0.01282666130053817,-0.027888313444899563
2023-06-13,0.45161700890129747,0.423628756534321,0.9380265760249669
2023-06-14,0.45097341418292,0.6246924848213634,1.3852091169347314
2023-06-15,0.4590173231572188,0.6849323736488966,1.4921710774177017
2023-06-16,0.46976646669632427,-0.06741829517890537,-0.14351449062133087
2023-06-20,0.461422739627264,-0.22331372276510397,-0.48396774494793254
2023-06-21,0.45512398221235206,0.4725801577428859,1.0383547697172089
2023-06-22,0.4561500645194716,0.02404295668922573,0.052708436454028854
2023-06-23,0.44793502541858726,-0.5986159923661736,-1.3363902316117782
2023-06-26,0.45484029661938485,0.21681974648412422,0.4766942333290255
2023-06-27,0.4485917251907355,0.4721532907511745,1.0525234065573121
2023-06-28,0.44987142647712247,-0.5156009320450093,-1.146107313555353
2023-06-29,0.4528723201809797,-0.20537309064516945,-0.45349004894601846
2023-06-30,0.4464718208911905,0.3635635866788686,0.8143035454133903
2023-07-03,0.44403693047744064,-0.0033764765925005684,-0.007604044530417973
2023-07-05,0.43605616602682135,-0.4623884948923158,-1.060387470507354
2023-07-06,0.43747610246208735,0.051777497041593935,0.11835502956662892
2023-07-07,0.42975159234218857,0.839234094383189,1.9528353340339715
2023-07-10,0.45218668228252173,0.2517392165128634,0.5567152381448935
2023-07-11,0.4466910281420018,0.01487939121349453,0.03331025311921961
2023-07-12,0.43866260651579286,1.1905115648803695,2.7139572582590494
2023-07-13,0.4884255618077218,0.6420698378180234,1.314570505772969
2023-07-14,0.4953106538620858,0.3891798975502291,0.7857289047099566
2023-07-17,0.49203111154007334,-0.003118116486324269,-0.006337234400817589
2023-07-18,0.48303408673670545,-0.10998506889735667,-0.22769628876586478
2023-07-19,0.47470254031747966,-0.24401794644959768,-0.5140439027067334
2023-07-20,0.46845183622107234,-0.5316134822482382,-1.134830608279137
2023-07-21,0.4712947196343019,-0.12901973679897427,-0.2737559565680819
2023-07-24,0.4634063308797384,-0.3275071510015616,-0.7067386204668729
2023-07-25,0.4593974473609421,-0.2924160310849436,-0.6365208008114952
2023-07-26,0.4546180030315423,0.2588546166054932,0.5693892782058024
2023-07-27,0.44920772077771,-0.7189907006384272,-1.6005751178845367
2023-07-28,0.46249884147967885,0.3778833469496416,0.8170471211142373
2023-07-31,0.4599637371363166,-0.16648387925413966,-0.361950009995679
2023-08-01,0.4527890195780908,-0.4398561370509918,-0.9714372876375185
2023-08-02,0.45268030039364254,-0.28632281787951597,-0.6325055842512582
2023-08-03,0.4479482681713152,0.07888755036713384,0.1761086178303155
2023-08-04,0.4401479325108156,0.8155024751524087,1.8527917886615761
2023-08-07,0.4601051716828431,-0.3209569037764183,-0.6975729105641489
2023-08-08,0.4560233217357947,-0.4406681985843806,-0.9663282064325861
2023-08-09,0.4558191900323179,0.22469971865176802,0.49295800520341554
2023-08-10,0.4496902404298147,0.3786616984023557,0.8420500699335396
2023-08-11,0.44761545492172267,-0.5312425484192729,-1.1868279849992547
2023-08-14,0.4513972324321401,-0.3141603174389373,-0.6959730695428354
2023-08-15,0.44740093252681806,0.060701361737695435,0.13567553691689474
2023-08-16,0.4395046516584173,-0.21407939152979596,-0.4870924362734125
2023-08-17,0.4335999725872396,-0.2697261151597853,-0.6220621130355741
2023-08-18,0.42902269177190344,0.01497727699237493,0.03491022102005232
2023-08-21,0.42137260758954126,0.12525028933221002,0.29724354900216066
2023-08-22,0.4145847105046695,-0.3807102411391196,-0.9182930086246672
2023-08-23,0.4138332662488635,0.15319257126895594,0.3701794509115944
2023-08-24,0.4075775967102395,-0.3261996718962591,-0.800337590999059
2023-08-25,0.40531589966065656,-0.3551128462589381,-0.8761384553535894
2023-08-28,0.4040424494853298,0.21877407767296334,0.5414631010965265
2023-08-29,0.3991682625188326,0.3843424505858401,0.9628582396820864
2023-08-30,0.39913029855309196,0.69458428543602,1.7402444463725097
2023-08-31,0.4144717132219585,-0.7936714621008192,-1.914898982927192
2023-09-01,0.4350799004760396,-0.475122092141618,-1.092034110566281
2023-09-05,0.4370516909228524,-0.5519963259095079,-1.263000092149158
2023-09-06,0.4422873513099596,-0.11548156376188456,-0.26110076044420694
2023-09-07,0.43491685844125716,-0.08759795539910997,-0.20141310620393335
2023-09-08,0.42746611096529297,0.052482055176998235,0.12277477402473991
2023-09-11,0.4199620710068651,0.33207643211033633,0.7907295802075133
2023-09-12,0.4174628960666134,-0.16189441412981986,-0.3878055167422276
2023-09-13,0.4112442360419832,0.10828344101698553,0.2633068904725781
2023-09-14,0.4045090870127831,-0.7139487195395161,-1.7649757260383974
2023-09-15,0.4206668525605212,0.12765837130339872,0.3034666756516846
2023-09-18,0.4139228246579073,0.21169691214458122,0.5114405380267234
2023-09-19,0.4086424367260788,-0.09712327677496396,-0.23767300712350548
2023-09-20,0.4018603957127965,0.2955148196730667,0.7353668657716314
2023-09-21,0.3988989376509702,-0.4713231530227875,-1.1815603114871849
2023-09-22,0.40234340161970544,-0.03173496198042767,-0.07887531360691612
2023-09-25,0.39530655955280136,-0.6436020357261608,-1.628108666990623
2023-09-26,0.4078202695260979,-0.16431875922378847,-0.40291954937583874
2023-09-27,0.4018746783420049,-0.5918582342624858,-1.472743285803144
2023-09-28,0.41104763550048384,0.6507002273833236,1.5830287567304535
2023-09-29,0.4229178989613766,0.06248686877711583,0.14775177151540353
2023-10-02,0.41556463218169726,-0.7910355130272061,-1.9035198180227757
2023-10-03,0.4359016410013644,-0.44284240940029657,-1.0159227856609754
2023-10-04,0.43657132112306773,0.6256871135487239,1.4331841861237264
2023-10-05,0.4454867714071031,0.09131246209399584,0.20497233128961076
2023-10-06,0.43783063213263473,0.6591000659540325,1.5053767771880502
2023-10-10,0.4484654472989683,0.21319172705611994,0.47538049662496346
2023-10-11,0.44231430399727356,0.02461561712178593,0.055651867686236214
2023-10-12,0.43439588421955183,-0.6271021605935014,-1.443619019826054
2023-10-13,0.44351295808219926,-0.4786649954380725,-1.0792581968920922
2023-10-16,0.4452654158356767,0.4238740411515254,0.9519581491771513
2023-10-17,0.44487066452769236,0.450457902498567,1.0125592411826176
2023-10-18,0.4454671119241835,-0.5717349461391241,-1.2834504070783812
2023-10-19,0.45120373681849507,0.3659372766988198,0.8110244814883365
2023-10-20,0.4486823964448096,0.21370138314108994,0.47628653326802933
2023-10-23,0.44253489627713205,0.5143050074818178,1.1621795519595377
2023-10-24,0.4458151472582316,-0.4744228511398335,-1.064169429992542
2023-10-25,0.4473006549826992,-0.10754370897702137,-0.2404282394381492
2023-10-26,0.4397416012865231,-0.4772883958619793,-1.0853837673433853
2023-10-27,0.4416001624031577,0.5738572079494256,1.2994950111126187
2023-10-30,0.4476370924796545,0.2697831138045238,0.6026826604338774
2023-10-31,0.4426625431403242,-0.4850634074863892,-1.0957859773841852
2023-11-01,0.44471056270284937,-0.2784980914025289,-0.6262457309533667
2023-11-02,0.44002147126038754,0.7620716893290589,1.731896598468702
2023-11-03,0.4565515305488615,1.0830247856812285,2.3721852041087836
2023-11-06,0.4947895528109094,0.13613528785336385,0.27513775721410555
2023-11-07,0.4864466884955581,-0.5540781797351805,-1.1390316613086369
2023-11-08,0.48943302493055246,0.267439390168548,0.5464269400425033
2023-11-09,0.4832641092118113,-0.040892994697815564,-0.08461831515795941
2023-11-13,0.474517112950867,-0.08763284728920116,-0.18467794921924122
2023-11-14,0.4661967690399206,1.4992464348943362,3.215909106324062
2023-11-15,0.5417955502546272,-0.06790373151163967,-0.12533091399463692
2023-11-16,0.5319201282041598,-0.01264833069024967,-0.02377862769162785
2023-11-17,0.5220938814162772,0.2634898319779995,0.5046790268126379
2023-11-20,0.5149923580393206,0.6106220054785441,1.185691391234046
2023-11-21,0.5191147586060421,-0.19542585945153346,-0.37645984093440654
2023-11-22,0.5109486386166124,-0.47141501206381137,-0.9226270048202145
2023-11-24,0.5097677002564706,0.5836321769848869,1.1448983069960184
2023-11-27,0.5129617753442443,0.03321503991860593,0.06475149127109052
2023-11-28,0.5035664228791542,0.6437712207070769,1.2784236427565963
2023-11-29,0.5097542187185242,-0.340050709315279,-0.6670875822668728
2023-11-30,0.5046852315309972,-0.5518832926950246,-1.0935197985105465
2023-12-01,0.5067811073078784,-0.2696249463668245,-0.5320343289810577
2023-12-04,0.5001976923435424,-0.4918695613377358,-0.9833503210165018
2023-12-05,0.5001519149454162,-0.3366370956290128,-0.6730696925668104
2023-12-06,0.4952786157187741,0.03358883956560743,0.06781806946553015
2023-12-07,0.4862563280016636,0.042845944531252234,0.08811390631631152
2023-12-08,0.47745229458362076,-0.4399017370916414,-0.9213522315884424
2023-12-11,0.4764143858936927,0.01508680712913283,0.03166740462891753
2023-12-12,0.4677551158437138,0.4050947929931743,0.8660403259566367
2023-12-13,0.4658994652094445,0.033581109207073336,0.07207801621316949
2023-12-14,0.45749954409222743,1.878254700449283,4.105478846271037
2023-12-15,0.5776392424778369,-0.825159730602275,-1.4285035882650148
2023-12-18,0.5888791067844185,0.13406883317939072,0.2276678381603233
2023-12-19,0.5784482573298662,0.5264018907325011,0.9100241621651475
2023-12-20,0.5767020784554963,-0.17658387630184796,-0.3061960115953958
2023-12-21,0.5669702052210991,0.3065061511178514,0.5406036301296017
2023-12-22,0.559557229420378,0.16943272943625723,0.30279785610448734
2023-12-26,0.5501273148805117,0.2507573036616546,0.45581685707811
2023-12-27,0.5420889099253557,0.7191349667934543,1.3265996658970156
2023-12-28,0.5499105977638719,-0.3638047622853508,-0.6615707421619219
2023-12-29,0.5442682996784891,-0.09360866245800187,-0.17198992209044417
2024-01-02,0.5344859409354145,-0.9479475630325392,-1.7735687516373535
2024-01-03,0.5556908545580539,-0.4332570288731626,-0.7796727718647375
2024-01-04,0.5517598651800464,0.44481993265411823,0.8061839229806389
2024-01-05,0.5483014870895765,0.005781451890478431,0.01054429365341829
2024-01-08,0.5381300623681645,0.17903640791779812,0.3327009963537577
2024-01-09,0.5293017875213732,-0.3684602335893424,-0.6961250505402156
2024-01-10,0.5243852523406083,0.23414419100433204,0.44651177728439706
2024-01-11,0.5166970464475379,-0.14944845646587537,-0.2892380699548849
2024-01-12,0.5080049646525493,0.15188685638539312,0.2989869527934168
2024-01-16,0.4995362093827908,-0.6993173898616779,-1.3999333316111953
2024-01-17,0.508677129151607,-0.21500980615694038,-0.4226842408180268
2024-01-18,0.5010577040862695,0.051819848725918334,0.10342091999247309
2024-01-19,0.49197275800255563,0.22647119663339033,0.4603327988177221
2024-01-22,0.4849570970178267,0.07923660164450023,0.16338888972190369
2024-01-23,0.476354943817168,-0.6018433231436032,-1.2634346110084658
2024-01-24,0.4819442034224963,0.6684622018884026,1.3870116024663446
2024-01-25,0.49049049637196085,-0.5830508686458519,-1.188709817944563
2024-01-26,0.4945430637355375,0.2730257707377946,0.5520768377085119
2024-01-29,0.4883538419091696,-0.5386761289398023,-1.1030447243619563
2024-01-30,0.49061425038348155,0.3475673834295259,0.7084331186015386
2024-01-31,0.48631129260915384,0.10716862127407624,0.2203704147997385
2024-02-01,0.477883591436139,0.09786248970426883,0.2047831134150721
2024-02-02,0.4695655223841561,-0.7147093796196207,-1.5220652827975518
2024-02-05,0.4813022651249644,-0.4681310645061166,-0.9726342434407034
2024-02-06,0.48111977090083474,0.14540077926697564,0.302213270086015
2024-02-07,0.473187817370548,0.17306773625577263,0.365748503876306
2024-02-08,0.465790905842687,0.05220024305028054,0.11206797383869552
2024-02-09,0.45745854776494344,0.08000672900399713,0.17489394262036417
2024-02-12,0.4494578259957848,-0.06844382522303617,-0.15228086210624367
2024-02-13,0.4415593334883286,-0.4966854096781169,-1.1248440968381104
2024-02-14,0.44413560432625665,0.14560902069931195,0.32784811503729233
2024-02-15,0.4370597619159996,0.24768704064158484,0.566712066001603
2024-02-16,0.43189037545314113,0.08009636473932984,0.1854553129490149
2024-02-20,0.42445140968576117,0.4227769131973859,0.9960549159452317
2024-02-21,0.42482650375305003,0.04276370083270013,0.10066156526231824
2024-02-22,0.4173384721396918,-0.02195395253085667,-0.052604669821832845
2024-02-23,0.4099516830202363,0.12591268659374144,0.30714030898984274
2024-02-26,0.4034374751191055,0.254824609710505,0.6316334634884229
2024-02-27,0.3993794664217721,0.02420444383649373,0.06060512838417231
2024-02-28,0.3923872779508301,-0.12325082407655097,-0.3141050462191475
2024-02-29,0.38625506722401565,-0.3267823650111565,-0.8460273864100095
2024-03-01,0.38474351265664114,0.23684583677953303,0.615594100974232
2024-03-04,0.3808055823206816,0.2823557961639303,0.7414696876112352
2024-03-05,0.3781517216186375,-0.003425379584978068,-0.009058214968098258
2024-03-06,0.3715959842887844,0.4834162351958367,1.3009188894252195
2024-03-07,0.3769533840109654,0.2620275882604934,0.6951193420056182
2024-03-08,0.3738712278750181,0.005781451890478431,0.015463751846694983
2024-03-11,0.36741075447777677,-0.11310831473138777,-0.3078524875847891
2024-03-12,0.361752644397599,-0.08576849499635497,-0.23709154950112155
2024-03-13,0.3559447467084794,0.24363720395334754,0.6844804037883094
2024-03-14,0.35303581508794957,-0.507228101212495,-1.4367610297162978
2024-03-15,0.36062414570477913,0.005781451890478431,0.01603179365369326
2024-03-18,0.35445661825526714,-0.01258908182518927,-0.03551656585552328
2024-03-19,0.3484330140559542,-0.24255162583400536,-0.6961212515730626
2024-03-20,0.3457302798357036,-0.02184921832907187,-0.06319729454838309
2024-03-21,0.3399194916472783,0.05182832842358544,0.15247236388952284
2024-03-22,0.3343631880864625,-0.4001606130841646,-1.1967842972614786
2024-03-25,0.337761288438876,0.19050488116104114,0.5640222479063537
2024-03-26,0.334139447223595,-0.06806697757111277,-0.2037082964513454
2024-03-27,0.32882682650806033,-0.06812155378259227,-0.2071654387386865
2024-03-28,0.32363926529901,-0.17921536342698116,-0.553750371610207
2024-03-29,0.3201818777240987,-0.08684545358357916,-0.27123787954799256
2024-04-01,0.31537054560454203,-0.533153136330443,-1.6905609726755804
2024-04-02,0.326897820892187,0.3406343366261419,1.042020823805018
2024-04-03,0.3281617236869395,0.5429192500922189,1.6544258848730153
2024-04-04,0.3393612912885919,0.3561413898536655,1.049446118328221
2024-04-05,0.3406972629364565,-0.21535565103334878,-0.6321026743132796
2024-04-08,0.33755080246381824,0.11641113036278264,0.3448699559091128
2024-04-09,0.33265988578773664,0.03341975875948573,0.10046224443427539
2024-04-10,0.3271811286409121,-1.0964387561664566,-3.351167473261639
2024-04-11,0.385310828804573,-0.13402005277476786,-0.3478232189595219
2024-04-12,0.37948309227901506,-0.6961728553972186,-1.8345293098996815
2024-04-15,0.39644328899850656,-0.02239946981214967,-0.05650106946881386
2024-04-16,0.3895111215471666,-0.14465106989709067,-0.37136569893698046
2024-04-17,0.38372638740806586,0.15621397367804704,0.4070972932907127
2024-04-18,0.3782553531185503,0.15598801411606414,0.4123881204324302
2024-04-19,0.37291812148872133,-0.041133866821341465,-0.11030267624735295
2024-04-22,0.3665632154280759,0.005781451890478431,0.015772045985920323
2024-04-23,0.36026406151553675,0.3804891502693282,1.0561396234437312
2024-04-24,0.3616625827599531,-0.06904784727044097,-0.19091786256547918
2024-04-25,0.3557208080219657,0.3234199850247935,0.9091961384637988
2024-04-26,0.3552070962949082,-0.321214681961836,-0.9043025471967198
2024-04-29,0.35463777417240616,0.2954606714185387,0.8331336731064112
2024-04-30,0.3532505415889889,-0.3026155964240912,-0.8566599645194258
2024-05-01,0.3521393278363276,-0.031664719676085966,-0.08992099766488891
2024-05-02,0.3462130372358726,0.24893129580454074,0.7190119060564018
2024-05-03,0.3437507097640638,0.6017973716012356,1.7506796480923175
2024-05-06,0.35742398995609137,0.08931201500990334,0.24987694592317403
2024-05-07,0.3517498612891322,-0.10560814470067877,-0.3002364928123475
2024-05-08,0.34638040291647415,-0.10573235949818437,-0.3052492537335623
2024-05-09,0.3411417633215078,0.15443891678445343,0.45271184413414384
2024-05-10,0.33673410617981636,0.02434810623272043,0.07230662349277597
2024-05-13,0.3311329033933042,0.21905057626074703,0.6615186048139982
2024-05-14,0.3283672322669115,0.20935328123820232,0.6375583817938041
2024-05-15,0.325448620072962,0.3932715575458941,1.208398294814484
2024-05-16,0.32897631371811725,0.14380769878630523,0.4371369390123527
2024-05-17,0.32470971773668417,-0.04940618747930196,-0.1521549395677981
2024-05-20,0.31949056289820466,-0.06784947642459986,-0.21236770128392776
2024-05-21,0.314521456077858,-0.04947734487391366,-0.1573099193005956
2024-05-22,0.30954053614015975,-0.16940645885016897,-0.5472835996299427
2024-05-23,0.30628269718641976,-0.07730953751826077,-0.25241235704283393
2024-05-24,0.3017145603127502,0.23641949868288134,0.783586640425356
2024-05-28,0.3003799414806985,0.2542745161165316,0.8465096399683216
2024-05-29,0.29963859951782745,-0.6212376609406579,-2.0732898296158817
2024-05-30,0.31837729192102404,0.24598851491286694,0.7726320976870621
2024-05-31,0.316750475072604,0.08879579969154604,0.2803335959360209
2024-06-03,0.3120430901928889,0.4106403044904895,1.3159730735798472
2024-06-04,0.3170710459683818,-0.10447214251951707,-0.3294912728484675
2024-06-05,0.31253704761562334,-0.11379727734713617,-0.36410812163008216
2024-06-06,0.3082401029290147,0.17131395244365494,0.5557808695746095
2024-06-07,0.3050594577885062,-0.695005187399135,-2.27826140004803
2024-06-10,0.32885191083088783,-0.5137484299032787,-1.5622485774986845
2024-06-11,0.33830431846110254,-0.16178514847989336,-0.47822371649238954
2024-06-12,0.3341015430099294,1.0254417509562355,3.0692517661487115
2024-06-13,0.3837082173289948,-0.7998157564522037,-2.084437393652257
2024-06-14,0.4075064362189331,-0.5255644731243796,-1.2897083982301072
2024-06-17,0.41300385772868375,0.22985026004438183,0.5565329614799344
2024-06-18,0.40811505302850676,0.15488221569757182,0.37950625576840297
2024-06-20,0.40202218239753534,-0.2833034699068726,-0.7046961145709393
2024-06-21,0.398724435201382,-0.12504746126614907,-0.3136187557780147
2024-06-24,0.39246387808552674,0.3138905607657213,0.7997947793231495
2024-06-25,0.39034033197043116,-0.19951910547412166,-0.5111414043917848
2024-06-26,0.3854519978608278,-0.20930256051627616,-0.5430055147667114
2024-06-27,0.3808910958404481,0.24888582594321454,0.6534304126853903
2024-06-28,0.37735493665724534,0.03379396432912693,0.08955484888706325
2024-07-01,0.37087366926190063,0.16437097157896963,0.4431993565520432
2024-07-02,0.3658602540293864,0.08963889915259514,0.2450085740808435
2024-07-03,0.3599922852885413,0.581563131752911,1.6154877632635265
2024-07-05,0.371270685462187,0.2739649020336864,0.7379114828110743
2024-07-08,0.36869014364000646,0.07040777551722534,0.19096733864947674
2024-07-09,0.3625978289518079,-0.19747065060175725,-0.5445996496244953
2024-07-10,0.3584237316579174,0.09821998685141034,0.27403315733890166
2024-07-11,0.35281469332240234,0.4391016339013332,1.2445673102964616
2024-07-12,0.35705757434189717,0.2997372027875947,0.8394646251099664
2024-07-15,0.3557192784915148,0.09746569779219333,0.2739961078452436
2024-07-16,0.35016639765602325,-0.24195918956907086,-0.6909834615449113
2024-07-17,0.3473938698662086,0.4457858284741729,1.283228827975168
2024-07-18,0.35222610717197667,-0.17731848024902186,-0.5034223092453648
2024-07-19,0.347936659759081,-0.22356592628830296,-0.6425477741928802
2024-07-22,0.3447701701344025,-0.06772094024635357,-0.1964234325143436
2024-07-23,0.3392074306374042,-0.22426235786367488,-0.6611363360828028
2024-07-24,0.33632332623968997,-0.01264493474725047,-0.03759755497374783
2024-07-25,0.33070697300058366,0.07946663529259833,0.24029319542789948
2024-07-26,0.32557135549966176,-0.01263475442308077,-0.03880794243612103
2024-07-29,0.3201990750357774,-0.36325670104223007,-1.1344714253207684
2024-07-30,0.3226752009835586,-0.08669127524657987,-0.2686642015944605
2024-07-31,0.3178018849309531,0.13521933978482784,0.42548312705636127
2024-08-01,0.3136890061090815,-0.3088588224901623,-0.9846019990345483
2024-08-02,0.3143035536281688,1.1577086713741915,3.6834094238202537
2024-08-05,0.38169010659830066,0.3989967178120889,1.0453420482077156
2024-08-06,0.3829064539825148,-0.2775436930825408,-0.7248341995698371
2024-08-07,0.3800526626797247,-0.0033714472967206694,-0.008871000331766736
2024-08-08,0.3734551629981596,-0.09495576987089066,-0.25426283869948424
2024-08-09,0.3674610027128661,0.10651867365185504,0.28987749139488606
2024-08-12,0.3617269285877282,0.03323763656851973,0.09188598896490158
2024-08-13,0.35559123129221487,0.24341980519999804,0.6845495157892757
2024-08-14,0.3526876546187127,0.6427842428678071,1.8225311673092586
2024-08-15,0.3682937493390295,-0.3395164831969369,-0.9218632784462439
2024-08-16,0.36785808062354924,0.09676499014752453,0.2630497880690837
2024-08-19,0.36201225878745646,0.6764990936451094,1.868718744251955
2024-08-20,0.379087908798911,0.3304570617774878,0.871716174816803
2024-08-21,0.3779497733070676,0.3383809764406252,0.8953067321083046
2024-08-22,0.37711542959023253,-0.2548108688282666,-0.6756840182994897
2024-08-23,0.3738418416813857,0.5620861615835919,1.5035399971698227
2024-08-26,0.38311489807723775,-0.10164917616800787,-0.2653229531875707
2024-08-27,0.37696227259302906,-0.03005442020060817,-0.07972792607035006
2024-08-28,0.37047765242006836,-0.2903555258696739,-0.7837329025731692
2024-08-29,0.3683921880303577,-0.3633721659045688,-0.9863731580394554
2024-08-30,0.36880345193547376,-0.22902403845193667,-0.6209921226334046
2024-09-03,0.36514747625572447,-0.14804385102902126,-0.40543577774953976
2024-09-04,0.3600174098290105,0.3493001408099347,0.9702312479161329
2024-09-05,0.36024761147828177,0.14105675772467774,0.3915550116927885
2024-09-06,0.3551352648884832,-0.08438174960126117,-0.23760453535291146
2024-09-09,0.34946900955052274,-0.3919052616855308,-1.1214306590149106
2024-09-10,0.35180397043788875,-0.14829480100383916,-0.42152679749252775
2024-09-11,0.3470173852728589,-0.11220195336441256,-0.32333236928803566
2024-09-12,0.34184044580301964,0.2687843695543949,0.786286037402601
2024-09-13,0.34008418225873666,0.4035041130179629,1.186483035870737
2024-09-16,0.34335321653694484,0.3480008060522148,1.0135358845976323
2024-09-17,0.34420870946154447,-0.03918055597099086,-0.1138279041000506
2024-09-18,0.3384905742467349,-0.01220901321156017,-0.03606899021850071
2024-09-19,0.33282466324036125,0.2842706046134021,0.8541152024184755
2024-09-20,0.33186068181028977,0.11337583149825113,0.34163683049100446
2024-09-23,0.3270715074823438,-0.2544367397205834,-0.7779238909531689
2024-09-24,0.3253953100393411,0.18531471375791184,0.5695064066396864
2024-09-25,0.32201693311180646,-0.057018532230608265,-0.17706687558200873
2024-09-26,0.31690818038388546,0.3730501945442305,1.177155459011306
2024-09-27,0.3199590125794885,-0.21800237689856708,-0.6813446983132191
2024-09-30,0.3175151745433224,-0.11975658468270198,-0.37716806717961177
2024-10-01,0.3131746634224027,-0.6965445036279109,-2.224140663283568
2024-10-02,0.33622230669336123,-0.14794647999816937,-0.44002577179716496
2024-10-03,0.3318341914540285,-0.3114633190550692,-0.9386112916523208
2024-10-04,0.3318196740395315,-0.4856647501815165,-1.4636406101817114
2024-10-07,0.33953667565344253,0.14253672688477115,0.4197977335157018
2024-10-08,0.33497421690732265,-0.04889821774856547,-0.14597606406851946
2024-10-09,0.32951493775620916,-0.16756834746120286,-0.5085303525304152
2024-10-10,0.32565902825684434,-0.23192207930633757,-0.7121622899501583
2024-10-11,0.3233987467880052,0.16126691788851863,0.4986627792785869
2024-10-15,0.3195910765841237,-0.38797392155548,-1.2139698195026303
2024-10-16,0.32317093509340256,-0.23305753726575368,-0.7211587180585891
2024-10-17,0.3210217664079594,-0.3258632555849334,-1.015081498152438
2024-10-18,0.3219676089827461,0.16252852192594383,0.5047977417338697
2024-10-21,0.31822330091327294,-0.307958770397271,-0.9677442522702026
2024-10-22,0.31862158587925654,-0.13294689405814547,-0.4172563942623977
2024-10-23,0.31445092696881183,-0.23513786404531037,-0.7477728442779628
2024-10-24,0.31264635862120316,0.2559553141287409,0.8186735814148786
2024-10-25,0.31151607798520664,0.07053930604308004,0.22643873311229165
2024-10-28,0.30675981330601476,0.06125482609411444,0.19968334650474046
2024-10-29,0.30204243860311025,-0.18851013904363417,-0.6241180541233156
2024-10-30,0.2994285384318111,0.6151453539149735,2.0543978778264003
2024-10-31,0.31774458767658925,-0.07709529671804706,-0.24263291872816148
2024-11-01,0.3128970253259266,-0.05872576133105917,-0.18768398731144204
2024-11-04,0.30801497095381813,0.3370904241864978,1.0943962338669542
2024-11-05,0.30996463093734344,0.3359963914664037,1.0839830029972752
2024-11-06,0.3117827748275331,-1.7308223234476656,-5.551372504158043
2024-11-07,0.4539223936965322,0.5633000860981894,1.2409612169845516
2024-11-08,0.4588415269504737,-0.7569419926892528,-1.6496806592899238
2024-11-12,0.47371532057810706,-1.0454765870182128,-2.2069722924357746
2024-11-13,0.5071241431948392,-0.28715520927718907,-0.5662424341861059
2024-11-14,0.5008960079622007,-0.041546865524744764,-0.08294509212355318
2024-11-15,0.491778038767386,-0.08894243508232767,-0.18085889989161957
2024-11-18,0.4830920797699815,0.327477253968725,0.6778775055154069
2024-11-19,0.47848982493753167,-0.06981862731027677,-0.14591454963413655
2024-11-20,0.4699715274761471,-0.5345298298732667,-1.1373664118416114
2024-11-21,0.47286945891981863,-0.43239794990444397,-0.9144129352150925
2024-11-22,0.47174185873107777,-0.7224003611201009,-1.531346747696422
2024-11-25,0.4837704415154335,0.7625987826837082,1.5763649806607278
2024-11-26,0.49730379818757076,0.034408772091696335,0.06919064808493217
2024-11-27,0.48824093669518365,0.8986445263206182,1.8405759508888864
2024-11-29,0.5098377623732436,-0.2593451118959798,-0.5086816454880752
2024-12-02,0.5029721460174902,-0.5933359314412406,-1.1796596215898767
2024-12-03,0.5068948886000231,0.3295604224897309,0.6501553475907665
2024-12-04,0.5016481409199512,0.09131246209399584,0.18202491875389348
2024-12-05,0.4927651160439008,0.4228832036242887,0.8581841324713695
2024-12-06,0.4906121689279746,-0.06992594265959397,-0.14252794180052147
2024-12-09,0.48183429100712927,0.07202855600257964,0.14948823142501058
2024-12-10,0.4732564857682751,-0.5444523620986806,-1.150438247486091
2024-12-11,0.47642789355903287,-0.03227754000563827,-0.06774905592642183
2024-12-12,0.46780086678009336,0.06286450928675553,0.13438305430995975
2024-12-13,0.45947537993376303,-0.14651250482432787,-0.3188691086026172
2024-12-16,0.45205389225593823,0.13905134310513814,0.3075990395994905
2024-12-17,0.4447150965030341,-0.051312469158002263,-0.11538279127803834
2024-12-18,0.43683203210954574,-0.3470198675647101,-0.7944011474819842
2024-12-19,0.434218841059604,-1.0698075211571212,-2.4637519609847414
2024-12-20,0.4739559604622536,0.7081463924843873,1.4941185501575414
2024-12-23,0.4850608861207589,-0.19576379604449307,-0.4035860273338066
2024-12-24,0.4777117521820552,-0.19617082139244865,-0.410646839849333
2024-12-26,0.4705468757205718,0.34214234755879863,0.7271163941634062
2024-12-27,0.46671367697144167,0.005781451890478431,0.012387577600028636
2024-12-30,0.45825180748339345,-0.3498342816153295,-0.763410587590551
2024-12-31,0.455022506559153,-0.3317797501609324,-0.7291501967008768
2025-01-02,0.4513879543974477,-0.8675018002636177,-1.9218541208562716
2025-01-03,0.47391831742663804,0.3074408058330289,0.648721086583914
2025-01-06,0.4690835682507471,1.0208223095240458,2.176205645682239
2025-01-07,0.5010728500655098,-0.2638902900787412,-0.5266505460119031
2025-01-08,0.4945242518554515,-0.5357535723304222,-1.083371685656019
2025-01-09,0.49640070334552533,-0.13977191910775597,-0.2815707515435693
2025-01-10,0.4880601150372138,-0.5785599069653288,-1.1854275511147117
2025-01-13,0.49202864205197444,-0.2778789329608447,-0.5647617012740724
2025-01-14,0.48600957984199794,0.8155024751524087,1.6779555567969033
2025-01-15,0.5025121576105414,-0.09142862672799347,-0.18194311389945075
2025-01-16,0.49361127535590604,0.20981358485228832,0.4250583309731073
2025-01-17,0.48627542463672724,-0.14963382951332857,-0.3077141511420462
2025-01-21,0.4782748122996463,1.3191755127197111,2.7581956623992734
2025-01-22,0.5343562730547219,-0.02300519130595967,-0.043052159141778755
2025-01-23,0.5244924313692537,0.005781451890478431,0.011022946270902749
2025-01-24,0.5148164955482242,0.9133587348347114,1.7741442683612587
2025-01-27,0.5353038711952954,-0.21319326311312806,-0.39826587212433695
2025-01-28,0.5270156442977562,-0.6156651678266356,-1.1682104212428157
2025-01-29,0.5308031239980736,-0.09976958223377086,-0.18795967416750348
2025-01-30,0.5213513470315918,0.044176537791227835,0.08473467661060999
2025-01-31,0.5118110107849677,-0.18634156589891476,-0.364082760965071
2025-02-03,0.5036887601567952,-1.1839602985486093,-2.3505791516571657
2025-02-04,0.5448580303410658,0.99339598591207,1.8232198675501432
2025-02-05,0.5681983365916116,0.3904342965799571,0.6871443850434552
2025-02-06,0.5626992219992588,-0.4849108301223137,-0.8617584868865384
2025-02-07,0.5601290677472581,-0.3710852066517691,-0.6624994631044758
2025-02-10,0.5543729111424771,-0.15893928687053496,-0.28670103404400765
2025-02-11,0.5449413766668213,0.3349520463341933,0.6146570267483724
2025-02-12,0.5387445184912207,0.4494122305879779,0.8341843214415952
2025-02-13,0.5358611884346887,0.3516031221861673,0.6561459007942708
2025-02-14,0.5303216655325974,0.6748081277757608,1.272450611833965
2025-02-18,0.5366228857204424,-0.3855337694751484,-0.7184445161289581
2025-02-19,0.5319408035964194,-0.4831233229435243,-0.9082276066756995
2025-02-20,0.5303971486553051,0.6666717458994588,1.2569293548987683
2025-02-21,0.5363143812903944,-0.18533184086996957,-0.34556567441666125
2025-02-24,0.5276089552809279,0.22553026243358593,0.42745722978394346
2025-02-25,0.5196990924358525,0.19647563629848072,0.37805653147784185
2025-02-26,0.5115342348286822,0.15807540860529173,0.3090221491397007
2025-02-27,0.5030569382878587,-0.9498833137643974,-1.888222269624788
2025-02-28,0.5268681545024324,-0.10951448709219176,-0.20785937839726876
2025-03-03,0.5175746891358096,0.9053951369757355,1.7493033488315795
2025-03-04,0.5373505107932086,0.367170337836897,0.6832976436458569
2025-03-05,0.5321610886270216,2.202846636007916,4.139435751853394
2025-03-06,0.6739381628899251,0.4690455065768218,0.6959770679338
2025-03-07,0.6673726818728207,0.3840630304432886,0.5754850938242005
2025-03-10,0.6589483934200454,-0.19702097750004377,-0.29899303111959047
2025-03-11,0.647620474551385,0.8328400166654795,1.2860001333997328
2025-03-12,0.6554860563582099,-0.012523508804967769,-0.019105683001933948
2025-03-13,0.6431123012460183,-0.6001697227985606,-0.9332269366263759
2025-03-14,0.6415665508371389,0.12542621329839124,0.1954999261335097
2025-03-17,0.629939701423323,0.4646241400024265,0.7375692291700734
2025-03-18,0.6245770936776448,0.05155013775510423,0.08253606844843747
2025-03-19,0.6129124049418155,-0.452850795799038,-0.7388507593381596
2025-03-20,0.6077451637330245,-0.2611922394768544,-0.42977263343817107
2025-03-21,0.5984790952971659,-0.38213812572609357,-0.6385154113634471
2025-03-24,0.5918982511313011,-0.10532967065183006,-0.17795232618192805
2025-03-25,0.5811810382199873,0.09838262528228683,0.16928051469746552
2025-03-26,0.5706450330824558,-0.20732958544834817,-0.3633249628554813
2025-03-27,0.5614422329092484,0.18186230920980373,0.3239198951376356
2025-03-28,0.5521178292517444,0.24623287635169325,0.4459788532556528
2025-03-31,0.5439530958138422,-0.2717138700123279,-0.4995170945866202
2025-04-01,0.5364489614601607,0.04282534933207773,0.07983117203827068
2025-04-02,0.5265877997973052,0.633437195283203,1.2029089840801979
2025-04-03,0.531176474274749,1.68465300159735,3.171550479334613
2025-04-04,0.6147296338215115,-0.338640170197557,-0.5508765993472216
2025-04-07,0.6067285615863555,-0.9246275220278678,-1.523955819073907
2025-04-08,0.6216069551070625,0.005781451890478431,0.009300815962528384
2025-04-09,0.609923177027373,1.171975426674796,1.9215131852944791
2025-04-10,0.639932558774724,1.3732011033135467,2.1458528472794205
2025-04-11,0.6816916787625186,1.1871248524822502,1.7414395531969076
2025-04-14,0.7070631889132541,0.29674846050477993,0.41969157093424425
2025-04-15,0.6960026490230804,-0.594714877476533,-0.8544721464943899
2025-04-16,0.6924111903257583,0.8173596538266312,1.1804541365688912
2025-04-17,0.6974179033687253,-0.15248816700859247,-0.2186467629695647
2025-04-18,0.6848197846578068,0.23431279860539264,0.3421524959628246
2025-04-21,0.6733686592632542,1.036448274911546,1.539198863287674
2025-04-22,0.6903452613928658,-0.3598496684205647,-0.5212604308958664
2025-04-23,0.6808200138881213,-1.0110576039874613,-1.4850585813618689
2025-04-24,0.6959390943504081,0.12025335273651984,0.17279292643958263
2025-04-25,0.6831319289528633,0.16406498827853352,0.24016589084047063
2025-04-28,0.6709398924827854,0.058487004762002234,0.08717175028238891
2025-04-29,0.6583432712875555,0.08478773260986923,0.12878954841301185
2025-04-30,0.646114567233826,-0.4074967797755164,-0.6306881170008432
2025-05-01,0.6388043071626062,-0.6129230142317429,-0.959484786435112
2025-05-02,0.6378701817971582,0.4569299901040148,0.7163369650179351
2025-05-05,0.6320557620498363,-0.12669814355095046,-0.20045405984442333
2025-05-06,0.6206403015893447,0.2705653665209282,0.43594553210299186
2025-05-07,0.6112177317498694,0.03222132337046013,0.052716604405786724
2025-05-08,0.5997785600280381,-0.8704466617011285,-1.4512800551930989
2025-05-09,0.6121284263390401,0.19229067599007754,0.31413453078810843
2025-05-12,0.6017875552410068,-1.460101071336468,-2.426273289669009
2025-05-13,0.6545108748373472,0.634093365414985,0.9688049347882323
2025-05-14,0.6537491134617383,0.27385417073370283,0.41889796115146943
2025-05-15,0.643587685309702,-0.14603817986039658,-0.22691263862533553
2025-05-16,0.6320834777470679,-0.42413412294998337,-0.671009665466534
2025-05-19,0.6255810938611793,0.8548726683722482,1.3665257418440306
2025-05-20,0.6356756489044777,0.16585262879948853,0.26090763282393886
2025-05-21,0.624526161948941,0.7935007084723237,1.2705644003704644
2025-05-22,0.6316921293879205,-0.5423104435217458,-0.8585043540865687
2025-05-23,0.6286057354096046,0.6155663823533056,0.9792567068326183
2025-05-27,0.6281537443679723,-0.20589617168935637,-0.32777990027986276
2025-05-28,0.6176187858488514,-0.3480133625760174,-0.5634759993540513
2025-05-29,0.6097392501460965,0.7473102734401109,1.2256227121036603
2025-05-30,0.6154951787056886,-0.19671014346875487,-0.31959656269349235
2025-06-02,0.6051319983341015,0.7520863337618684,1.2428467439043465
2025-06-03,0.6113285841444991,-0.5116500906354083,-0.8369477624728081
2025-06-04,0.6079558966941124,0.4532094913825891,0.745464422414538
2025-06-05,0.6029516080325186,0.14573948733278252,0.24171008981689698
2025-06-06,0.5923205232445822,-0.3708008559148792,-0.626013857976296
2025-06-09,0.5856418121571771,0.2511588425575113,0.4288608452193372
2025-06-10,0.5767443425116149,-0.011725550955349669,-0.020330586866768495
2025-06-11,0.5659874013636624,0.5906039627758918,1.0434931260888836
2025-06-12,0.5670627577331658,0.7687468315053194,1.3556644675068874
2025-06-13,0.5760053741732404,-0.17576171446038646,-0.30513901838617924
2025-06-16,0.5662795703318798,0.21323247278411883,0.3765498244253268
2025-06-17,0.5572613096861077,-0.3922118057618765,-0.7038202705707315
2025-06-18,0.552134388202528,-0.11566200508957476,-0.20948161817290914
2025-06-20,0.542343433539649,-0.002898726926651568,-0.005344817964758582
2025-06-23,0.5322948970140805,0.16190950858571942,0.3041725733121889
2025-06-24,0.523391976773614,0.6106394266093987,1.1666961927341932
2025-06-25,0.5271275383138433,0.10910503607831343,0.20698033805502689
2025-06-26,0.5178252219002236,0.8370841781158257,1.6165380570765593
2025-06-27,0.5334284838333676,0.06550586815323403,0.12280159410028196
2025-06-30,0.5237182418661955,0.397371294244409,0.7587501493712208
2025-07-01,0.5197660341149407,0.05674552332397433,0.10917512803736934
2025-07-02,0.510305470856065,0.12459670816640733,0.24416102762408096
2025-07-03,0.5015035874432265,-0.2660040050311604,-0.530412965512981
2025-07-07,0.49498599551537137,-0.20706610196715916,-0.4183271927755558
2025-07-08,0.4875726822628706,-0.21606164250465187,-0.4431373010930176
2025-07-09,0.4804882009058595,0.005781451890478431,0.012032453407968643
2025-07-10,0.47173518982007295,-0.15664645302322527,-0.33206437934590516
2025-07-11,0.46415472642710937,0.07420430779291064,0.15986976662740857
2025-07-14,0.4559714390674297,-0.19962772680333338,-0.43780752411076373
2025-07-15,0.4493963621661748,-0.4493307500855023,-0.9998539995287095
2025-07-16,0.449769585477986,0.09181036290862483,0.20412754857813412
2025-07-17,0.44202266229649073,-0.2697719817435303,-0.6103125580529133
2025-07-18,0.43720636493581955,0.4188273880642965,0.9579626960046178
2025-07-21,0.43693925116388055,0.5197012125474457,1.1894129702541283
2025-07-22,0.44071536853639964,0.3809844161466178,0.8644681881910625
2025-07-23,0.43902772190019307,-0.0027302730157095683,-0.006218908008570489
2025-07-24,0.4311537629071915,0.15038233618569674,0.34879049917527327
2025-07-25,0.4244449229680192,-0.29215449950370137,-0.6883213432281163
2025-07-28,0.4206920867861907,-1.031118879058062,-2.4510061193095605
2025-07-29,0.45878340012814284,-0.6423649643773175,-1.400148663177217
2025-07-30,0.46729267522386436,-0.5506449533036706,-1.1783727468868945
2025-07-31,0.4710054112576769,-0.33481535787331557,-0.7108524655359963
2025-08-01,0.4669595231579163,1.084709520160752,2.3229197957569547
2025-08-04,0.5041735222019055,0.11822362089696943,0.234489943820621
2025-08-05,0.49544871207621194,0.10946212473450924,0.22093533006837512
2025-08-06,0.48683965496576737,0.5826978494570618,1.1968989040098528
2025-08-07,0.4910481401004281,-0.04574723355062517,-0.09316242098232781
2025-08-08,0.4821525325340711,0.16886461751471163,0.35023069696886616
2025-08-11,0.47448753892868795,-0.4498002016955795,-0.9479705256562727
2025-08-12,0.4739065533728013,0.5727932802945397,1.208662923561533
2025-08-13,0.47828732711683336,0.3649403808137436,0.7630149496405075
2025-08-14,0.4748501657600494,-0.6021231557477331,-1.268027683604089
2025-08-15,0.48052801448608845,0.5539157465167283,1.1527231083688763
2025-08-18,0.4837742612057718,-0.3450210469014713,-0.7131860344151664
2025-08-19,0.47961170626422583,-0.054234840046892364,-0.11308072621774898
2025-08-20,0.47099258458386434,-0.08860269858015286,-0.1881190946104511
2025-08-21,0.46275594212372795,-0.3726485172334722,-0.8052808906640392
2025-08-22,0.4600526217116878,0.9321110880241856,2.026096676845663
2025-08-25,0.4863479227824991,-0.3620075270368189,-0.7443385898837552
2025-08-26,0.48257212124017357,-0.10567738418645796,-0.2189877523692731
2025-08-27,0.4742141566603548,-0.3896118773921385,-0.821594783538251
2025-08-28,0.47164584046596936,0.5297701094520151,1.123237107166303
2025-08-29,0.4742693085428859,0.20264033345624863,0.4272684945159694
2025-09-02,0.4672913697613667,-0.3539927926111312,-0.7575419010881924
2025-09-03,0.4638919091572727,0.20296099196468215,0.4375178526682873
2025-09-04,0.4571754455333919,-0.23431470186332545,-0.5125268737693202
2025-09-05,0.4511943294586668,0.954222790585323,2.114882054768239
2025-09-08,0.4799327038374598,-0.06227469705699076,-0.12975714419761966
2025-09-09,0.4713438739928952,-0.23278047432080595,-0.49386549219119535
2025-09-10,0.464965690057361,-0.07102019031958126,-0.15274286219015382
2025-09-11,0.45674590565450846,0.15932579665187774,0.3488280785430727
2025-09-12,0.4495505946227968,-0.14776289287092925,-0.3286902400716704
2025-09-15,0.44237515507411235,0.49969372225406433,1.1295700414512413
2025-09-16,0.4450410423642904,0.6493061113176078,1.4589802950940318
2025-09-17,0.45470909868778314,-0.01954248358440637,-0.04297799107341994
2025-09-18,0.44651655093343584,-0.5444844868403491,-1.219404937402909
2025-09-19,0.450940749991262,-0.22368365538187496,-0.4960377951786556
2025-09-22,0.4449189866463825,0.17580614642473533,0.39514192853375446
2025-09-23,0.4382389328707403,0.23485718944639453,0.5359112845313228
2025-09-24,0.4327699734522567,-0.4869559310720091,-1.1252072947379057
2025-09-25,0.43533099892764376,-0.5835860452563115,-1.3405570627726173
2025-09-26,0.4421721667971788,0.16841790973780454,0.38088763242996393
2025-09-29,0.43544974252922264,0.330262993528948,0.7584411271222289
2025-09-30,0.43239218474114455,0.04839811565075144,0.11193106017798496
2025-10-01,0.4247629758400888,-0.09652906943909347,-0.2272539626321714
2025-10-02,0.41761159610297255,-0.22480065633636975,-0.5383008001553183
2025-10-03,0.4124928656762567,0.4408800353231137,1.0688185712019964
2025-10-06,0.41405663946605437,-0.3353120825308765,-0.8098217745361536
2025-10-07,0.4118524781488254,-0.2764992197031358,-0.6713549981438284
2025-10-08,0.4080784224335343,-0.5784126494277921,-1.4174056201709635
2025-10-09,0.41617446808480646,-0.4000036937381638,-0.9611442421706959
2025-10-10,0.4160411705409084,0.4718620470395351,1.1341715206359317
2025-10-14,0.4187186450316298,-0.037283016282917164,-0.08904073588626756
2025-10-15,0.4113432968069909,0.2638905171496114,0.6415335297743608
2025-10-16,0.40727201099228516,0.23751137578199855,0.5831762786824496
2025-10-17,0.4027071496270557,0.08290558271107953,0.2058706501433059
2025-10-20,0.39593935256538093,-0.14852633697907916,-0.37512395778985674
2025-10-21,0.39005245793086674,-0.337979629155868,-0.8664978832559281
2025-10-22,0.3887659604503774,-0.02865974011520207,-0.07371977752887714
2025-10-23,0.3820172939726169,0.005781451890478431,0.015134005663347919
2025-10-24,0.37537779557486073,0.12627376356801043,0.3363911372931166
2025-10-27,0.3696893783003933,0.09175858727011733,0.24820455402848593
2025-10-28,0.3637522382054662,0.20324878371037802,0.5587561047406464
2025-10-29,0.3596664819162127,0.048657583405288134,0.13528528748648677
2025-10-30,0.3536435930680066,-0.8552536593297874,-2.418405638032639
2025-10-31,0.38494887963809205,-0.19330971969272376,-0.5021698462259795
2025-11-03,0.380085317834185,-0.08090371303837096,-0.21285671727437208
2025-11-04,0.37381390281012444,-0.3417125994577678,-0.9141249078457571
2025-11-05,0.3732459890825081,-0.04644696155302427,-0.12444061801493841
2025-11-06,0.36690748562060116,0.4748580590373704,1.2942174189610156
2025-11-07,0.3721016481056183,0.3431957963186993,0.9223173239514535
2025-11-10,0.37164910440676185,-0.2796488331449324,-0.7524539406366033
2025-11-12,0.36921568994955684,0.4120576730827199,1.1160351098270398
2025-11-13,0.3714980533762142,0.4962948918163549,1.3359286470170533
2025-11-14,0.37748576940986517,-0.2692982367397507,-0.7133997055326157
2025-11-17,0.37457989881084486,-0.15790585581841446,-0.4215545370152221
2025-11-18,0.36936584104892495,-0.15817423052080806,-0.42823188541643414
2025-11-19,0.3642887785939515,-0.3316037031277692,-0.9102770181603256
2025-11-20,0.3637324850973589,-0.04622513678277886,-0.12708553312307522
2025-11-21,0.35760594335700263,-0.23727422332143636,-0.6635074940143331
2025-11-24,0.3544843019821678,0.11002051622835424,0.31036780927435476
2025-11-25,0.3491001674197763,0.3091928935305782,0.885685320106961
2025-11-26,0.3483546524925938,0.3341605924631256,0.9592539960987893
2025-11-28,0.34849909666906803,0.08339777246156063,0.2393055627939102
2025-12-01,0.3429792226799258,0.20386100681568223,0.594382963559075
2025-12-02,0.3394993798645557,-0.22678680832571757,-0.6680036011146614
2025-12-03,0.3366695310858402,0.5561784381842092,1.6520011074076113
2025-12-04,0.348061568150553,-0.0027952452287189683,-0.00803089305024878
2025-12-05,0.3421727307674265,-0.20028026779944996,-0.5853191963902573
2025-12-08,0.338636502398886,-0.07160129561913386,-0.21143998095867828
2025-12-09,0.3332465601939925,0.11753731995851763,0.35270377551712984
2025-12-10,0.32847764682364744,0.10024665707751153,0.30518562844957237
2025-12-11,0.3236108065993348,0.9115383063866164,2.8167733827109163
2025-12-12,0.36380543323648196,-0.20710235141828556,-0.5692667907014578
2025-12-15,0.35980033073292333,0.21866525519923424,0.6077405619772694
2025-12-16,0.35616707380631485,0.12479872344192694,0.3503937691606861
2025-12-17,0.3509272630685682,-0.18130934169069465,-0.5166578968681278
2025-12-18,0.34675016662919605,-0.15607912781008176,-0.45011983505977077
2025-12-19,0.34222316156480703,-0.062448827942015867,-0.18247984051246013
2025-12-22,0.336681400792068,0.25289503680296044,0.751140503181958
2025-12-23,0.3346388674186975,0.22681359152571143,0.677786155790218
2025-12-24,0.3319604176449438,0.03974307558249884,0.11972233275416287
2025-12-26,0.3265241153747867,-0.11313472622715247,-0.34648199290669734
2025-12-29,0.3218648545077466,-0.07924533666885916,-0.2462068646483796
2025-12-30,0.3169383033477509,0.08230881415597693,0.2596998005181661
2025-12-31,0.31215988778693965,-0.24101668197405568,-0.7720936975046526
2026-01-02,0.3106004880287365,0.02282158143670093,0.07347567797314437
2026-01-05,0.3055939158723987,-0.19035556574790016,-0.6229036504358401
2026-01-06,0.30291514483825155,-0.21640288152209036,-0.7144009971427596
2026-01-07,0.30097671437594625,0.014336137724847632,0.047632049391503894
2026-01-08,0.2961744171127,-0.2940688477351885,-0.9928907790279865
2026-01-09,0.29696416443724,-0.17456124802458978,-0.5878192352110596
2026-01-12,0.29418472209356056,0.3318780250819578,1.1281280099121174
2026-01-13,0.296552481917993,-0.21722232866515326,-0.7324920272467075
2026-01-14,0.29484661654981364,0.08303135916968514,0.2816086551756553
2026-01-15,0.290618317277669,-0.4241418242415163,-1.459446287538281
2026-01-16,0.2975668704738793,-0.045933770775653866,-0.1543645322562411
2026-01-20,0.29296581886526346,1.2055558915550673,4.115005280221816
2026-01-21,0.3707564493759459,-0.2842716434606102,-0.7667341834217417
2026-01-22,0.36848439202712535,0.2873155712173353,0.7797224996064014
2026-01-23,0.36637625550583325,0.2865251813105576,0.7820517214331203
2026-01-26,0.36431542125762006,0.9780172033030055,2.6845341872350104
2026-01-27,0.40492123845052824,0.7935170261739,1.9596824044359158
2026-01-28,0.4263383512532814,-0.3202921617150939,-0.7512628427012258
2026-01-29,0.4232896441605604,0.02252906539470433,0.05322375755112663
2026-01-30,0.41577556731389476,-0.4810417355227782,-1.1569745154351745
2026-02-02,0.4188554827202276,-0.6526710368279647,-1.5582248860376335
2026-02-03,0.4303290369149661,0.10736446240356123,0.24949388303717157
2026-02-04,0.42315037901474384,-0.12968550642667817,-0.30647616747652623
2026-02-05,0.4163720322297107,-0.0026913293050166683,-0.006463761003841568
2026-02-06,0.40898443961122455,0.09047697656041404,0.22122351805467297
2026-02-09,0.4021366940071332,0.731216940294247,1.8183293173471917
2026-02-10,0.4195880805281601,0.005781451890478431,0.013778875422774116
2026-02-11,0.4121323633847536,-0.11195466464480186,-0.27164735068448037
2026-02-12,0.4054141334732691,-0.11209344598795747,-0.27649121412622957
2026-02-13,0.3988522523613203,0.005781451890478431,0.014495221867873553
2026-02-17,0.3918452129182972,-0.32331888311462037,-0.8251188797399827
2026-02-18,0.3900304970892415,-0.17187605433500086,-0.44067337199961193
2026-02-19,0.38465197763550824,-0.4014819652602046,-1.043753805006156
2026-02-20,0.3858408471266287,0.16718827451228732,0.4333089038066983
2026-02-23,0.38049131673809944,0.20082073356155553,0.5277932103238636
2026-02-24,0.37589402015128903,-0.12137492517976206,-0.322896664147281
2026-02-25,0.37013189542982866,0.13293782896072112,0.3591633971623613
2026-02-26,0.3646589746532642,-0.09593071148073086,-0.2630696572652477
2026-02-27,0.3588797676153254,0.2598681474101605,0.724109216679796
2026-03-02,0.35630898997022775,-1.1170612399295838,-3.135091371180173
2026-03-03,0.41146593947994536,-0.7326094705914616,-1.780486305907633
2026-03-04,0.4282816604886758,0.2983554494225313,0.696633727164743
2026-03-05,0.424573935134473,-0.45066338312337517,-1.0614485389467891
2026-03-06,0.4260139892989196,0.18688624029817552,0.43868568871583175
2026-03-09,0.4199756005666182,-0.11491862311305537,-0.2736316656444105
2026-03-10,0.4131078820167235,0.4877100954853706,1.1805877271197334
2026-03-11,0.41660081683001265,-0.7006917199398887,-1.6819259387717302
2026-03-12,0.4310473287038272,-0.3753693906930526,-0.8708310333851275
2026-03-13,0.4295188596703065,-0.673486160342257,-1.5680013698565338
2026-03-16,0.44148522917851035,0.3808200494308061,0.8625884271132096
2026-03-17,0.4397651580242744,0.3360442238349932,0.7641447206612126
2026-03-18,0.4367343262496976,-0.09839426722801617,-0.22529547442020947
2026-03-19,0.42933071115407456,0.02315161000259973,0.05392488680897388
2026-03-20,0.42168782475557903,0.24864738790314864,0.5896480128333583
2026-03-23,0.41696564903710054,0.3862401901054885,0.9263117741172051
2026-03-24,0.41631633843510923,-0.07192198392076636,-0.17275801423291187
2026-03-25,0.40916594473074924,-0.06333899323228406,-0.15480025659018165
2026-03-26,0.40212015619437863,-0.23651703979058605,-0.5881750420793564
2026-03-27,0.39767810982005003,-0.18500865021247498,-0.46522211216551923
2026-03-30,0.3923288336361214,-0.5687826777174729,-1.449760071025036
2026-03-31,0.40084024256501644,0.5629829631719816,1.4045070913274522
2026-04-01,0.4085532501637405,0.8358052384282226,2.0457681785501585
2026-04-02,0.43264211962540167,-0.5814395792211488,-1.3439273543791384
2026-04-03,0.43952216457929955,-0.19362040879596107,-0.44052478896323705
2026-04-06,0.43325739488198056,0.19652192934860183,0.4535916332187116
2026-04-07,0.4271994367473207,0.23073396066465274,0.5401082979449875
2026-04-08,0.4219431216729888,0.9947390756949634,2.357519354151005
2026-04-09,0.4568814807152202,0.17678012556887554,0.38692775485698605
2026-04-10,0.44992671547553753,0.15090077395667492,0.33538967295414884
2026-04-13,0.4427820555819753,-0.10517319611603937,-0.23752813554696534
2026-04-14,0.4353027239664109,0.6951165503815003,1.596857800584628
2026-04-15,0.44813276591102597,0.07360680421506964,0.1642522257113505
2026-04-16,0.4402942121807481,-0.12991528676738096,-0.29506471621309566
2026-04-17,0.4331217250697319,0.15842734313127024,0.3657801813237692
2026-04-20,0.42647509004140377,-0.12989227366123196,-0.3045717714688132
2026-04-21,0.4196218253600057,-0.2746282997613538,-0.6544661959032808
2026-04-22,0.41556949600308274,-0.3180916685080932,-0.7654355566697647
2026-04-23,0.4128052293312204,-0.07962294308624847,-0.19288259311841668
2026-04-24,0.40578636539603613,0.12532719236782933,0.3088501809209718
2026-04-27,0.39936293665581685,0.11666039198912943,0.29211622131492615
2026-04-28,0.392990927592589,-0.13070240449196047,-0.3325837705532448
2026-04-29,0.3869358405914382,-0.16508574047118107,-0.4266488734123069
2026-04-30,0.3815242805563614,0.296082202213049,0.7760507451354979
2026-05-01,0.3792387721237121,0.22720889715694953,0.5991183229620608
2026-05-04,0.3752384896339724,-0.48029804522940617,-1.2799807549004754
2026-05-05,0.3802577951522732,0.08268809956061293,0.21745274025875186
2026-05-06,0.3739970341486114,0.3979388172086427,1.0640159703793741
2026-05-07,0.3754977856745439,0.09933080599362683,0.26453100333252044
2026-05-08,0.36949916939428856,0.08225679232159423,0.2226169884398817
2026-05-11,0.3634814483942359,0.06522186462855903,0.17943657074299618
2026-05-12,0.3574712439969205,-0.3939979263049081,-1.1021807569738455
2026-05-13,0.3595335786668058,-0.18189988625817297,-0.5059329560612387
2026-05-14,0.35513396163710886,-0.2764026679749668,-0.7783053659548532
2026-05-15,0.35315303548444216,-0.4318935655969836,-1.2229643304765259
2026-05-18,0.3570504388765763,0.19481742500735552,0.5456299833164445
2026-05-19,0.3529757792605869,-0.39850278548627077,-1.1289805388943508
2026-05-20,0.35542701850300873,0.16080688987974184,0.45243293702608767
2026-05-21,0.35075377158789495,-0.2613564552606373,-0.7451279969918849
2026-05-22,0.34848684429740745,0.12651275320593153,0.36303451701597766
2026-05-26,0.3434600515354673,0.15218805772613445,0.4431026462779727
2026-05-27,0.33895336827132816,0.10040104520414493,0.29620902048028946
2026-05-28,0.33383344029651796,0.16042065796430674,0.4805410081800604
2026-05-29,0.3297261571238698,0.2629832397693045,0.7975807623612594
2026-06-01,0.32821195538215475,-0.4662616509541626,-1.4206114168244395
2026-06-02,0.33512129733177,0.16051371004666234,0.47897197619091875
2026-06-03,0.330981022145715,-0.3125394604238499,-0.9442821174389081
2026-06-04,0.3310376323248107,0.21237531034106444,0.6415443128009204
2026-06-05,0.32811091055311287,-0.8231672548199732,-2.508807931538513
2026-06-08,0.359782333375609,0.10977660815618924,0.3051195069147089
2026-06-09,0.3542680116057625,0.10101543164349233,0.28513844980140235
2026-06-10,0.3487872817616269,-0.046153111728146366,-0.13232452598340147
2026-06-11,0.3429978549522318,-0.2977089176249263,-0.8679614561041126
2026-06-12,0.34209862271180325,0.5082080112196947,1.4855599452320165
2026-06-15,0.35039991124559783,0.23019031527032893,0.6569359976492314
2026-06-16,0.3473212292746122,0.14362932415381982,0.41353453819621894
2026-06-17,0.3425757708043882,-0.18380840152032357,-0.5365481659392622
2026-06-18,0.3386789795794614,-1.0608722028080269,-3.1323827777127318
2026-06-22,0.39109404855724667,-0.3260675994808279,-0.8337319391171956
2026-06-23,0.38939091156022276,-0.4237611765581771,-1.0882667365302352
2026-06-24,0.3912616810298919,-0.3021682877569904,-0.7722920551831528
2026-06-25,0.3888317641208063,0.3312997088002914,0.8520386948051903
2026-06-26,0.3873733387283499,0.16375936784232173,0.4227430013121267
2026-06-29,0.381929373392148,0.19852726239516982,0.5198009795159979
2026-06-30,0.3772476726452234,-0.06426495671736376,-0.17035216219292815
2026-07-01,0.3709193531188461,-0.2836797387734002,-0.7648016648042263
2026-07-02,0.3686248781890794,0.5663995985503248,1.5365202732187828
2026-07-06,0.37846574164221936,-0.18657674329741766,-0.4929818548115698
2026-07-07,0.3736476769322706,-0.02047790315558917,-0.0548053806294669
2026-07-08,0.36721176885074513,-0.23086355972435085,-0.628693248168161
2026-07-09,0.3636459795359936,0.3823967426779301,1.0515632351163684
2026-07-10,0.3649755073416596,-0.002960953150710768,-0.008112744803828634
2026-07-13,0.3587102096018706,-0.3094552364829425,-0.8626886779342138
2026-07-14,0.3576231756624758,0.23355202780412934,0.6530673728610793
2026-07-15,0.3544086105405932,0.07576046104435154,0.2137658589298696
2026-07-16,0.3486853348058834,0.10192269951787863,0.29230566744259556
2026-07-17,0.34334800153804335,-0.05538864657827566,-0.16131926305136376
2026-07-20,0.3377342291409264,-0.24803689802043757,-0.734414449643892
2026-07-21,0.33552141041878675,-0.02051242616976927,-0.06113596787807471
2026-07-22,0.3299379660694251,0.05836229614809323,0.17688869469424054
2026-07-23,0.32465323536630836,-0.3540732393304124,-1.0906197775325086
2026-07-24,0.3265479037510608,0.11123888323003793,0.3406510406351876
2026-07-27,0.3218633503264785,-0.07330119359131997,-0.22774010621888985
2026-07-28,0.31688336368422726,0.22530123096023963,0.7109910357577219
2026-07-29,0.3147290318035206,-0.14343955451264806,-0.4557557137029376
2026-07-30,0.31083499515087304,1.2107205041544824,3.8950585456660796
2026-07-31,0.3850924535416919,-0.020259084691723668,-0.05260836587526201
2026-08-03,0.3784041995481529,-0.08106934391104106,-0.21424007452307564
2026-08-04,0.3721724892081152,0.16205861514263523,0.4354395336620748
2026-08-05,0.3670872223067991,0.17913678697479912,0.4879951577968101
2026-08-06,0.36243320173151405,-0.21963913948976085,-0.6060127450808626
2026-08-07,0.35874568413698354,0.33507117751184773,0.9340075499943967
2026-08-10,0.3585190180520656,-0.05479576427550037,-0.1528392121935989
2026-08-11,0.3525556873045162,-0.07215749987904327,-0.20466979395716853
2026-08-12,0.3468466296839038,-0.02021170339169777,-0.05827273977007521
2026-08-13,0.3410069621486237,-0.07223857720694707,-0.21183900983072237
2026-08-14,0.3355667596986198,0.4384577932166135,1.3066186698897186
2026-08-17,0.34067288845537724,0.09209252232721764,0.2703253632678795
2026-08-18,0.3354223139432518,-0.08916482428540307,-0.2658285408539885
2026-08-19,0.3302674536846294,0.7285517640358048,2.205944775689266
2026-08-20,0.3540062190675089,0.13429965490305834,0.3793708914403208
2026-08-21,0.34895143955497354,0.04858417479711023,0.13922904246811774
2026-08-24,0.34317082827030587,-0.15696645331964657,-0.4574003393901785
2026-08-25,0.33875321606025716,0.07433917160375474,0.21944934565737478
2026-08-26,0.33338294396413853,-0.18286549138172878,-0.5485148376438818
2026-08-27,0.3297248030684354,0.03152700019832273,0.09561610138191275
2026-08-28,0.32430606172489423,-0.4758984747728811,-1.4674362614183305
2026-08-31,0.33195810744976567,0.16946875959936944,0.5105124887634043
2026-09-01,0.32807152369866327,-0.20102603241685596,-0.6127506287363734
2026-09-02,0.32496541118238753,-0.002844815097832169,-0.008754208909438397
2026-09-03,0.3195980895580056,0.2728503162094588,0.8537294969028209
2026-09-04,0.31874801571296263,-0.03724595723254777,-0.1168507893272293
2026-09-08,0.31360494083298796,0.08321746350352373,0.2653576288769049
2026-09-09,0.3089165015150095,0.005781451890478431,0.01871525756029425
2026-09-10,0.3039190293184618,0.02298131433397133,0.07561656927342426
2026-09-11,0.2990683134630261,-0.20942975328437888,-0.7002739636951567
