"Date","log_return","prob_regime_1","prob_regime_2"
2010-01-05,-0.117969549783483,0.0283583141884896,0.971641685811511
2010-01-06,0.0138859959953652,0.00462167648752661,0.995378323512474
2010-01-07,-0.6267866470223,0.00258676894980035,0.9974132310502
2010-01-08,0.299954882915105,0.000328256852520979,0.999671743147479
2010-01-11,1.23907029483133,0.000743679216565334,0.999256320783435
2010-01-12,-0.0894731468203074,0.000793463178066437,0.999206536821934
2010-01-13,-0.213682659283607,0.000658211414883165,0.999341788585117
2010-01-14,-0.0966517161881187,7.80021287330996e-05,0.999921997871267
2010-01-15,-0.707010638969176,1.39527722857841e-05,0.999986047227714
2010-01-19,-0.747079753281975,1.51213142546808e-05,0.999984878685745
2010-01-20,-1.23401770436075,0.00055152797920274,0.999448472020797
2010-01-21,0.0851063881156676,0.00070290236939826,0.999297097630602
2010-01-22,0.339703086760549,0.000782070641855518,0.999217929358144
2010-01-25,-0.0565371039794772,0.000600987427022603,0.999399012572977
2010-01-26,-0.588466372568753,0.000610421107098763,0.999389578892901
2010-01-27,-0.0711338769502824,0.000371944836872795,0.999628055163127
2010-01-28,-0.427869154503166,0.000163893151548265,0.999836106848451
2010-01-29,-0.882897024683611,0.000232333870400783,0.999767666129599
2010-02-01,0.244833419629608,0.000204010699865592,0.999795989300134
2010-02-02,0.366129846524914,0.000133969107196175,0.999866030892803
2010-02-03,-0.344555649181159,1.00361620300979e-05,0.999989963837969
2010-02-04,-1.06991550507945,3.35919408787579e-06,0.999996640805911
2010-02-05,-1.10353003521187,1.53750633863551e-05,0.999984624936613
2010-02-08,0.666498237569169,2.82707191302024e-05,0.999971729280869
2010-02-09,0.698337019999695,5.93596779635233e-05,0.999940640322036
2010-02-10,-0.530582340055027,8.48116704442285e-05,0.999915188329556
2010-02-11,-0.599373185338303,0.00012917316297525,0.999870826837025
2010-02-12,-0.110031186600827,7.51894401824652e-05,0.999924810559818
2010-02-16,0.855049605957654,0.000103000053922367,0.999896999946078
2010-02-17,-0.869729582496044,0.000279831062294062,0.999720168937706
2010-02-18,-0.441404380334601,0.000430363709568336,0.999569636290432
2010-02-19,-0.184495089416206,0.000440583795615456,0.999559416204384
2010-02-22,0.383368207663652,0.000396309985621344,0.999603690014379
2010-02-23,-0.390755095940322,0.000300764005127542,0.999699235994872
2010-02-24,0.287685072827608,9.65386629162409e-05,0.999903461337084
2010-02-25,-0.73932023876187,1.5183402517239e-05,0.999984816597483
2010-02-26,1.35615285983377,1.9261851223794e-05,0.999980738148776
2010-03-01,-1.05976852906007,6.4118791379125e-05,0.999935881208621
2010-03-02,0.354505541134882,6.16674157961514e-05,0.999938332584204
2010-03-03,1.22368260762225,0.000191918313063906,0.999808081686936
2010-03-04,-1.17208872403811,0.000876576995244361,0.999123423004756
2010-03-05,0.272269199432692,0.00130036529698575,0.998699634703014
2010-03-08,0.0367363436775336,0.00145305813607199,0.998546941863928
2010-03-09,-0.198536776122577,0.00142475654097371,0.998575243459026
2010-03-10,0.528557976978724,0.00140458603644519,0.998595413963554
2010-03-11,0.11707889527048,0.00117239691840502,0.998827603081595
2010-03-12,0.576076264096847,0.000993917265446717,0.999006082734553
2010-03-15,-0.737095108811013,0.000958150888925056,0.999041849111075
2010-03-16,0.773444205936181,0.00106869908898868,0.998931300911011
2010-03-17,-0.138196916201122,0.00101044361739573,0.998989556382604
2010-03-18,-0.994814729051806,0.00124869994680294,0.998751300053197
2010-03-19,-0.538091446859638,0.00150340216166673,0.998496597838333
2010-03-22,0.00739070988104119,0.00153526330524619,0.998464736694754
2010-03-23,0.0295573784757313,0.00135469387421914,0.998645306125781
2010-03-24,-1.39872825742501,0.0017507288834578,0.998249271116542
2010-03-25,-0.0224794875623499,0.00188866956616838,0.998111330433832
2010-03-26,0.403859646968491,0.0019429623808642,0.998057037619136
2010-03-29,0.498828417748645,0.00197743983546931,0.998022560164531
2010-03-30,-0.416760296605729,0.00193820823493252,0.998061791765068
2010-03-31,0.868763585524317,0.00216341551946552,0.997836584480535
2010-04-01,0.317402001106765,0.00224521188309037,0.99775478811691
2010-04-02,-0.606152062909519,0.00239194838422529,0.997608051615775
2010-04-05,-0.00741482223303798,0.00230278403927707,0.997697215960723
2010-04-06,-0.804054361617382,0.00243711325733357,0.997562886742667
2010-04-07,-0.104704220170626,0.00234723425349978,0.997652765746501
2010-04-08,-0.0299356386010433,0.00199720376210038,0.9980027962379
2010-04-09,0.805133319032843,0.00189538341311611,0.998104616586884
2010-04-12,0.879695194335844,0.00204190418134135,0.997958095818659
2010-04-13,0.0367931127444304,0.00197543059068593,0.998024569409314
2010-04-14,0.542961198895568,0.00191850656363712,0.998081493436363
2010-04-15,-0.926272887445759,0.00214423210622457,0.997855767893775
2010-04-16,-0.392200894940845,0.00227487718382591,0.997725122816174
2010-04-19,-0.215253376859425,0.00222736635110298,0.997772633648897
2010-04-20,-0.0892060719281366,0.00195414765841944,0.998045852341581
2010-04-21,-0.469641923260749,0.00164110750978023,0.99835889249022
2010-04-22,-0.637159683397412,0.00142159797321581,0.998578402026784
2010-04-23,0.465152012823636,0.00116062927808001,0.99883937072192
2010-04-26,-0.179802266000695,0.000679198771736394,0.999320801228263
2010-04-27,-0.798016732162851,0.000423110382187012,0.999576889617813
2010-04-28,-0.758728981215948,0.00027198944426496,0.999728010555735
2010-04-29,0.856942263012258,0.000207177039689708,0.99979282296031
2010-04-30,0.444528891740204,0.000101475766090463,0.999898524233909
2010-05-03,-0.89862790863965,4.81380621137993e-05,0.999951861937886
2010-05-04,-1.11366520951911,3.27086244707627e-05,0.999967291375529
2010-05-05,-1.13396517295458,3.49555749870755e-05,0.999965044425013
2010-05-06,-1.57163405363185,7.95680004270832e-05,0.999920431999573
2010-05-07,0.251869475929634,7.07512046135543e-05,0.999929248795387
2010-05-10,1.0945305109876,8.80020539355632e-05,0.999911997946065
2010-05-11,-1.14170774098667,0.000145981642182293,0.999854018357818
2010-05-12,-0.575779482397606,0.000179789246441885,0.999820210753559
2010-05-13,-0.587070309678706,0.000191321517318842,0.999808678482682
2010-05-14,-1.42642053122688,0.000308121858194886,0.999691878141806
2010-05-17,-0.737173738077767,0.000442252807302165,0.999557747192698
2010-05-18,0.478566837851443,0.000531869521147904,0.999468130478853
2010-05-19,-0.33232046794406,0.000549362450632027,0.999450637549368
2010-05-20,0.42937644450494,0.000513758388521985,0.999486241611479
2010-05-21,1.64365295814064,0.000658428170790124,0.999341571829211
2010-05-24,-1.35304894348772,0.00105448551930214,0.998945514480699
2010-05-25,-1.02897403725501,0.00173049222665265,0.998269507773348
2010-05-26,-0.448925375421104,0.00230129910272114,0.997698700897279
2010-05-27,1.18729539802319,0.00345216388924346,0.996547836110757
2010-05-28,-0.00808440115238611,0.00422545822495659,0.995774541775044
2010-06-01,-0.836213518908087,0.005285912883654,0.994714087116346
2010-06-02,-0.490357308148879,0.00624020457086672,0.993759795429134
2010-06-03,-0.106561754417537,0.00685266622673481,0.993147333773265
2010-06-04,-1.61220473472264,0.00857440345029637,0.991425596549704
2010-06-07,-0.325583624423093,0.00992972821166938,0.990070271788331
2010-06-08,0.30057633049876,0.0109508119104433,0.989049188089557
2010-06-09,0.415973977517671,0.0117816322780688,0.988218367721931
2010-06-10,0.546449447207897,0.0125701473677763,0.987429852632224
2010-06-11,-0.281131324567532,0.0130816787290377,0.986918321270962
2010-06-14,1.64247759054647,0.0147340934609879,0.985265906539012
2010-06-15,0.406438537067944,0.0161157790827233,0.983884220917277
2010-06-16,-0.0324543613396247,0.0170141910115989,0.982985808988401
2010-06-17,0.340246601739342,0.0176511113465719,0.982348888653428
2010-06-18,-0.040444894383481,0.0179142608161245,0.982085739183875
2010-06-21,0.202061091177807,0.0178721254869931,0.982127874513007
2010-06-22,-0.664292786329103,0.0179174160377444,0.982082583962256
2010-06-23,0.0568805118330468,0.0176110737300457,0.982388926269954
2010-06-24,-0.178876379104593,0.0169633461092256,0.983036653890774
2010-06-25,0.357433361858765,0.0160724553714682,0.983927544628532
2010-06-28,-0.129827996165006,0.014714750400853,0.985285249599147
2010-06-29,-1.05294202208888,0.0140548213621334,0.985945178637867
2010-06-30,0.849747739147856,0.0136992701041727,0.986300729895828
2010-07-01,1.39772018955487,0.0140100603864097,0.985989939613591
2010-07-02,0.90252599366261,0.0146426992697027,0.985357300730298
2010-07-06,0.547121057140281,0.0152359601409888,0.984764039859012
2010-07-07,-0.412044956987042,0.0156666826042247,0.984333317395776
2010-07-08,0.704200401874151,0.0162264079150527,0.983773592084948
2010-07-09,-0.347524242030331,0.0165731637063652,0.983426836293636
2010-07-12,-0.523561405394494,0.0168637451818331,0.983136254818168
2010-07-13,1.15452808583033,0.0177877450190167,0.982212254980984
2010-07-14,0.282641312442736,0.0184154667234111,0.98158453327659
2010-07-15,1.07611768349256,0.0197057504804827,0.980294249519519
2010-07-16,0.201456754946379,0.0205923699265974,0.979407630073404
2010-07-19,0.340004963974165,0.0212217387783944,0.978778261221607
2010-07-20,-0.448431244732869,0.0217103547921567,0.978289645207845
2010-07-21,-0.676440008854204,0.0223234302381717,0.97767656976183
2010-07-22,0.660940938767381,0.023049212843349,0.976950787156652
2010-07-23,-0.225006883928475,0.0234400073391073,0.976559992660894
2010-07-26,0.843103574769218,0.0241818465907745,0.975818153409227
2010-07-27,0,0.0245128876086243,0.975487112391377
2010-07-28,0.115469009404078,0.0244760745795377,0.975523925420464
2010-07-29,0.506485619600678,0.0243708234258797,0.975629176574122
2010-07-30,0.0382657946734929,0.0238708732227464,0.976129126777255
2010-08-02,0.800217660360229,0.0236713652459259,0.976328634754075
2010-08-03,0.492182873701881,0.0233903712447063,0.976609628755295
2010-08-04,-0.613708029171365,0.0231703294459951,0.976829670554006
2010-08-05,-0.0076002280104989,0.0225508893705015,0.9774491106295
2010-08-06,0.945579873482065,0.0224103134561855,0.977589686543816
2010-08-09,-0.309165876090213,0.0220176242031011,0.9779823757969
2010-08-10,-1.10875983979445,0.0222375656637503,0.977762434336251
2010-08-11,-1.50806889766763,0.0234237917045858,0.976576208295416
2010-08-12,-0.256161599419046,0.0242541541466485,0.975745845853353
2010-08-13,-0.77244561505948,0.0253807169076017,0.9746192830924
2010-08-16,0.554580605137274,0.0264893269442947,0.973510673055707
2010-08-17,0.40422940615094,0.0273826170948131,0.972617382905189
2010-08-18,-0.1397407261014,0.0278701982593432,0.972129801740658
2010-08-19,-0.272278358729248,0.0280573941151341,0.971942605884868
2010-08-20,-1.17537789443284,0.0290210331716309,0.970978966828371
2010-08-23,-0.189349168998983,0.0295905296009135,0.970409470399088
2010-08-24,0.0947194008775596,0.0297574911554957,0.970242508844506
2010-08-25,-0.181624403384443,0.029566621194728,0.970433378805274
2010-08-26,0.51243755952074,0.0293171016953743,0.970682898304628
2010-08-27,0.37673696548374,0.0288551218799005,0.971144878120101
2010-08-30,-0.620802748174182,0.028478557588816,0.971521442411186
2010-08-31,0.141788129307447,0.0276965081968142,0.972303491803188
2010-09-01,0.85433760226594,0.0273362331777646,0.972663766822237
2010-09-02,0.0858134779812497,0.0265571007956114,0.97344289920439
2010-09-03,0.474542879707657,0.0256719084411986,0.974328091558803
2010-09-07,-1.2652464943765,0.0256265514250082,0.974373448574994
2010-09-08,0.031434184934657,0.0251959932117572,0.974804006788245
2010-09-09,-0.149400460264034,0.0243788884665534,0.975621111533448
2010-09-10,0.180824767223851,0.0231380957312843,0.976861904268717
2010-09-13,1.24118528715877,0.0227725343312688,0.977227465668733
2010-09-14,0.957388412169631,0.0228518769358644,0.977148123064137
2010-09-15,-0.0461148267337548,0.0225757101570997,0.977424289842902
2010-09-16,0.544333770156057,0.0222810107707953,0.977718989229207
2010-09-17,-0.252631713311114,0.021695140156687,0.978304859843315
2010-09-20,0.214395181663343,0.0207625072077015,0.9792374927923
2010-09-21,0.473102751953474,0.0197248450439973,0.980275154956004
2010-09-22,1.87781242622434,0.0195359989071051,0.980464001092896
2010-09-23,-0.306783135592491,0.0191208339108178,0.980879166089184
2010-09-24,0.984347992791533,0.0191060103594255,0.980893989640576
2010-09-27,-0.00742087492455239,0.0187709236988604,0.981229076301141
2010-09-28,0.798289404529286,0.0186561448803883,0.981343855119613
2010-09-29,0.404100325810725,0.0183929482474066,0.981607051752595
2010-09-30,-0.271669464784463,0.0178825821678561,0.982117417832145
2010-10-01,1.1186371447028,0.0178785183309351,0.982121481669066
2010-10-04,-0.4810154307752,0.0177911186707866,0.982208881329214
2010-10-05,1.06097935885006,0.0181420657993923,0.981857934200609
2010-10-06,0.64846397707995,0.0185612199053957,0.981438780094605
2010-10-07,-0.0215478542762442,0.0186641689136339,0.981335831086367
2010-10-08,0.0143657520718462,0.0184551683436241,0.981544831656377
2010-10-12,-0.554576667131476,0.0182297023776355,0.981770297622366
2010-10-13,0.848620698695599,0.0182683968039557,0.981731603196045
2010-10-14,0.727794864303684,0.018453162917824,0.981546837082177
2010-10-15,-0.484607561847874,0.0185586393019488,0.981441360698052
2010-10-18,-0.142979721241059,0.0183740794226367,0.981625920577364
2010-10-19,-1.08614626484562,0.0186639286548203,0.98133607134518
2010-10-20,0.878461870361732,0.0192670050710642,0.980732994928936
2010-10-21,0.171907498821267,0.0195686601528314,0.980431339847169
2010-10-22,-0.495032757527458,0.0197988623280892,0.980201137671911
2010-10-25,0.588026075863883,0.0200468764875102,0.97995312351249
2010-10-26,-0.81123241830867,0.0205493394767392,0.979450660523261
2010-10-27,-0.614585644396954,0.0211025651260875,0.978897434873913
2010-10-28,1.01743490512754,0.0222030854350158,0.977796914564985
2010-10-29,-0.251590543520525,0.0229799796507942,0.977020020349206
2010-11-01,-0.0431934352694787,0.023383936119291,0.976616063880709
2010-11-02,0.988759219672429,0.024295089218013,0.975704910781987
2010-11-03,-0.0855920166376617,0.024819400481337,0.975180599518663
2010-11-04,1.48738488232067,0.0263332991086154,0.973666700891385
2010-11-05,-1.35189800025502,0.0292370670530159,0.970762932946984
2010-11-08,-0.758229669804372,0.0326750250565934,0.967324974943407
2010-11-09,-0.446172300321353,0.035806620290679,0.964193379709321
2010-11-10,-0.99301363221349,0.0403236635797181,0.959676336420282
2010-11-12,-0.204170991152721,0.0439203133025449,0.956079686697455
2010-11-15,-0.622370670835641,0.0477121660870356,0.952287833912964
2010-11-16,-0.722397362403227,0.0520808334059367,0.947919166594063
2010-11-17,0.28073304489382,0.05566540943889,0.94433459056111
2010-11-18,0.4636964110146,0.058975666644991,0.941024333355009
2010-11-19,0.26400719353137,0.0616154097263144,0.938384590273686
2010-11-22,-0.308076235742926,0.0637352889363345,0.936264711063665
2010-11-23,-1.65929732895791,0.0680841915975213,0.931915808402478
2010-11-24,-0.284239850282162,0.0716545192697033,0.928345480730296
2010-11-26,-0.804727390143116,0.0760914199687986,0.923908580031201
2010-11-29,-1.14677543058933,0.0831243821789565,0.916875617821043
2010-11-30,-0.428659566361886,0.0895103849424037,0.910489615057596
2010-12-01,0.863094912946665,0.0976705655949829,0.902329434405017
2010-12-02,0.599008501476456,0.106079442618859,0.893920557381141
2010-12-03,1.04531878697896,0.118276328000708,0.881723671999292
2010-12-06,-0.690641586133355,0.131743686574007,0.868256313425993
2010-12-07,0.360929785007247,0.143545617934945,0.856454382065055
2010-12-08,-0.609826847542059,0.155820976442904,0.844179023557095
2010-12-09,-0.272232473027479,0.166076860299073,0.833923139700927
2010-12-10,0.272232473027467,0.174611799038974,0.825388200961025
2010-12-13,1.10398778125882,0.187664830232928,0.812335169767072
2010-12-14,0.044802868132943,0.197896586470184,0.802103413529816
2010-12-15,-0.666644167687626,0.209096798835223,0.790903201164777
2010-12-16,-0.754378954731613,0.222264917353128,0.777735082646872
2010-12-17,-0.386935728012363,0.233982076397357,0.766017923602643
2010-12-20,-0.235929939340074,0.243576636600509,0.756423363399491
2010-12-21,0.0533231778012806,0.250986544502206,0.749013455497794
2010-12-22,-0.320366406728567,0.257232654476392,0.742767345523608
2010-12-23,0.0916380361951355,0.261936783369275,0.738063216630725
2010-12-27,0.342896666985082,0.265859270575034,0.734140729424965
2010-12-28,-0.182731891869866,0.268716517726137,0.731283482273863
2010-12-29,0.463790985314712,0.271309936933948,0.728690063066051
2010-12-30,0.650236677846658,0.27432727694735,0.72567272305265
2011-01-03,0.765769507822913,0.278311919661705,0.721688080338295
2011-01-04,-0.48731213128326,0.282084056759178,0.717915943240821
2011-01-05,-1.01976183027863,0.288290079800889,0.711709920199111
2011-01-06,-1.09933163014825,0.298398144421822,0.701601855578177
2011-01-07,-0.639176639929117,0.309377134955694,0.690622865044306
2011-01-10,0.00772528873649902,0.317806292527431,0.682193707472568
2011-01-11,0.254600299547587,0.32464943893003,0.67535056106997
2011-01-12,0.675782021958178,0.332441370706914,0.667558629293085
2011-01-13,2.25510880759516,0.343434209047315,0.656565790952685
2011-01-14,-0.269743907002322,0.352606411058462,0.647393588941538
2011-01-18,0.531299188198419,0.36159222241947,0.63840777758053
2011-01-19,0.713916916349693,0.371777691213957,0.628222308786042
2011-01-20,-0.386072199785218,0.380812903839702,0.619187096160298
2011-01-21,1.02132326498155,0.393792161705417,0.606207838294583
2011-01-24,0.52875205806832,0.406506572058493,0.593493427941507
2011-01-25,-0.0659413146215207,0.416511425241148,0.583488574758852
2011-01-26,0.321967203349307,0.425051295681997,0.574948704318003
2011-01-27,0,0.431607330629892,0.568392669370108
2011-01-28,-0.593517038117099,0.438426434616413,0.561573565383588
2011-01-31,0.79057581808451,0.446866038063733,0.553133961936267
2011-02-01,0.567109270381632,0.455439040235008,0.544560959764992
2011-02-02,-0.101552308161677,0.462071974553232,0.537928025446768
2011-02-03,-0.911317501567753,0.471228468706706,0.528771531293294
2011-02-04,-0.513988942709698,0.480151411510878,0.519848588489122
2011-02-07,-0.19896104717393,0.487272504456775,0.512727495543225
2011-02-08,0.954345813187695,0.497445056205426,0.502554943794574
2011-02-09,0.00730593607630802,0.505287998162734,0.494712001837266
2011-02-10,-0.373284971419554,0.512151801107256,0.487848198892744
2011-02-11,-0.861661626087874,0.521317882621206,0.478682117378794
2011-02-14,-0.34081680763501,0.529202699859633,0.470797300140367
2011-02-15,0.148323966676548,0.535316394798939,0.464683605201061
2011-02-16,0.391997839336579,0.540697327659305,0.459302672340695
2011-02-17,0.478663604006001,0.545792245494093,0.454207754505907
2011-02-18,0.447132868828529,0.550470719208722,0.449529280791279
2011-02-22,-0.0878027421594459,0.553801506928167,0.446198493071834
2011-02-23,0.707541519847206,0.557952743266627,0.442047256733374
2011-02-24,0.261324190527723,0.56112382074856,0.43887617925144
2011-02-25,-0.2685929530241,0.563433792880687,0.436566207119313
2011-02-28,0.261343161452437,0.564938148178352,0.435061851821648
2011-03-01,0.144896062444007,0.565491274318693,0.434508725681308
2011-03-02,0.404595595637525,0.565672623132781,0.434327376867219
2011-03-03,0.560829770235924,0.565993996977896,0.434006003022104
2011-03-04,0.257787468215621,0.565568971451264,0.434431028548736
2011-03-07,-0.0500733226958271,0.564087447885564,0.435912552114436
2011-03-08,-0.458979577977345,0.562397257442021,0.437602742557979
2011-03-09,-0.0431375375155815,0.559495288473525,0.440504711526475
2011-03-10,-0.598653019460585,0.556980251193583,0.443019748806417
2011-03-11,0.296168093108479,0.553619878356332,0.446380121643668
2011-03-14,0.797446662785771,0.55159424872771,0.44840575127229
2011-03-15,-0.0501019943916367,0.548284382905035,0.451715617094965
2011-03-16,-0.329867635077165,0.544157401654146,0.455842598345854
2011-03-17,0.708588299251956,0.541090196818922,0.458909803181078
2011-03-18,0.85221735866449,0.539569995362285,0.460430004637715
2011-03-21,0.303618944626749,0.537308538380034,0.462691461619967
2011-03-22,0.197210938687389,0.533924908931402,0.466075091068598
2011-03-23,-0.621120009264064,0.531105728204459,0.468894271795541
2011-03-24,0.536648654107504,0.528420797356771,0.47157920264323
2011-03-25,-0.395145871192726,0.525236149076453,0.474763850923547
2011-03-28,-0.283206079971851,0.521044526008537,0.478955473991464
2011-03-29,-0.0993119184980348,0.51509441755328,0.48490558244672
2011-03-30,0.0354798655486928,0.506805822891699,0.493194177108302
2011-03-31,0.62239397463945,0.499632167128904,0.500367832871097
2011-04-01,0.225368079049274,0.490396826041382,0.509603173958618
2011-04-04,0.0422000287596016,0.477763965670398,0.522236034329603
2011-04-05,0.0632666711201791,0.460633181413702,0.539366818586299
2011-04-06,0.72121588393176,0.447445189462683,0.552554810537318
2011-04-07,-0.32145380580575,0.431804095547218,0.568195904452783
2011-04-08,1.04443227646565,0.423388902744114,0.576611097255886
2011-04-11,0.11768372131118,0.412006722826688,0.587993277173313
2011-04-12,0.00691826075199717,0.396410362361625,0.603589637638376
2011-04-13,0.152080770359713,0.375794263867787,0.624205736132214
2011-04-14,-0.0898379522085837,0.347950362554004,0.652049637445997
2011-04-15,-0.1452935530791,0.311013748617911,0.68898625138209
2011-04-18,-1.61935555093052,0.295465381408532,0.704534618591469
2011-04-19,0.757101408214471,0.283736996442833,0.716263003557167
2011-04-20,1.34574727963567,0.278517748605591,0.72148225139441
2011-04-21,0.494880383145883,0.273174978848869,0.726825021151132
2011-04-22,-0.274631137251981,0.266455705098906,0.733544294901095
2011-04-25,0.212904857043754,0.257762358892985,0.742237641107016
2011-04-26,0.335605260031765,0.247502738142999,0.752497261857001
2011-04-27,0.232208818997391,0.234515626305888,0.765484373694113
2011-04-28,0.855867199654641,0.225726300345791,0.77427369965421
2011-04-29,0.243194067033753,0.214639766959649,0.785360233040352
2011-05-02,0.330066649728592,0.201544992645398,0.798455007354603
2011-05-03,0.0336190959629708,0.183787462540835,0.816212537459165
2011-05-04,-0.107620915748317,0.160060892038881,0.839939107961119
2011-05-05,-1.87492755427823,0.148970321507141,0.851029678492859
2011-05-06,-0.605270435780931,0.138785339581576,0.861214660418424
2011-05-09,-1.34742974828206,0.133866348667139,0.866133651332862
2011-05-10,0.397781326349305,0.128292043689523,0.871707956310478
2011-05-11,-0.621792620585301,0.123233963506045,0.876766036493956
2011-05-12,-0.280721638488383,0.116986564912578,0.883013435087423
2011-05-13,-0.6203756237915,0.111316164073931,0.88868383592607
2011-05-16,0.5500719088598,0.105780628927271,0.89421937107273
2011-05-17,-0.451117985037447,0.0998303681432531,0.900169631856748
2011-05-18,0.80915129248822,0.0954502795864126,0.904549720413588
2011-05-19,-0.112186240906605,0.0895695273457378,0.910430472654263
2011-05-20,-0.576938207645345,0.0840009578601392,0.915999042139862
2011-05-23,-1.1140002386474,0.0809969965987295,0.919003003401271
2011-05-24,0.65429434756137,0.0784029171864664,0.921597082813534
2011-05-25,-0.0354496795516597,0.074750575498046,0.925249424501955
2011-05-26,-0.0993260102943662,0.0698038113739138,0.930196188626087
2011-05-27,1.4026661689116,0.0676031321215117,0.932396867878489
2011-05-31,0.621011659823691,0.0656209322960688,0.934379067703932
2011-06-01,0.381852097268286,0.0632630100932749,0.936736989906726
2011-06-02,-0.0346536372459742,0.0599506001994533,0.940049399800548
2011-06-03,1.22633297119094,0.0584184147609031,0.941581585239098
2011-06-06,0.109499052824211,0.0561841907760267,0.943815809223974
2011-06-07,0.375491139252776,0.0535458676712685,0.946454132328732
2011-06-08,-0.601464461008385,0.0510965666018316,0.948903433398169
2011-06-09,-0.363998890963209,0.0481979913917136,0.951802008608287
2011-06-10,-1.16960397631912,0.046796613106194,0.953203386893807
2011-06-13,0.0208819128590998,0.0447201763597892,0.955279823640211
2011-06-14,0.728133309562371,0.0430817303592592,0.956918269640741
2011-06-15,-1.75650992649083,0.0426878835851092,0.957312116414891
2011-06-16,-0.46518268266963,0.0421658715310854,0.957834128468915
2011-06-17,1.20081496283966,0.0424473451912325,0.957552654808768
2011-06-20,-0.0418906659760055,0.042300772399339,0.957699227600661
2011-06-21,0.550159819363398,0.0421355635903653,0.957864436409635
2011-06-22,0.0277758490779566,0.0415261389843931,0.958473861015607
2011-06-23,-1.6591790885482,0.0418992182000156,0.958100781799984
2011-06-24,0.162228919374536,0.0418914277012071,0.958108572298793
2011-06-27,0.653298660174183,0.0419880508356337,0.958011949164366
2011-06-28,0.600350843292561,0.0421218772442872,0.957878122755713
2011-06-29,0.41672514814487,0.0420759474331173,0.957924052566883
2011-06-30,0.656283658437426,0.0421440782308948,0.957855921769105
2011-07-01,-0.103337820501095,0.0418028043283568,0.958197195671643
2011-07-05,-0.262268077726341,0.0411242506091004,0.9588757493909
2011-07-06,-0.979208490892672,0.0410082790936415,0.958991720906359
2011-07-07,0.13947976318038,0.0404932492707445,0.959506750729256
2011-07-08,-0.685317367519442,0.0401454589005432,0.959854541099457
2011-07-11,-1.53441228609782,0.0407326809298646,0.959267319070136
2011-07-12,-0.142612688175479,0.0409302175064275,0.959069782493573
2011-07-13,1.08584864488717,0.0417842849001332,0.958215715099868
2011-07-14,0.105823848459084,0.0422155646744467,0.957784435325554
2011-07-15,-0.183499239858797,0.0422765751413234,0.957723424858677
2011-07-18,-0.808572388815994,0.0426507988146251,0.957349201185376
2011-07-19,0.808572388816002,0.0433518732090723,0.956648126790929
2011-07-20,0.225797442815861,0.0436917034632782,0.956308296536723
2011-07-21,1.28853323398968,0.0449485417408817,0.955051458259119
2011-07-22,-0.0417565598662392,0.0457196308499885,0.954280369150012
2011-07-25,-0.0626675507053108,0.0460483949588094,0.953951605041191
2011-07-26,0.956613422806201,0.046923201538543,0.953076798461458
2011-07-27,-0.845231580452407,0.0482398300271759,0.951760169972825
2011-07-28,-0.488214109633183,0.0494339212546917,0.950566078745309
2011-07-29,0.592522036061463,0.0506717796416276,0.949328220358373
2011-08-01,-1.30117260734758,0.0531918654641184,0.946808134535882
2011-08-02,0.211015060363229,0.0551250770124553,0.944874922987545
2011-08-03,0.616421116896543,0.0571638374945297,0.942836162505471
2011-08-04,-1.1377326180502,0.0605648037317158,0.939435196268285
2011-08-05,0,0.0631171642464068,0.936882835753594
2011-08-08,0.584529288529309,0.0657215762881099,0.934278423711891
2011-08-09,0.00702173226424085,0.0675968384963046,0.932403161503696
2011-08-10,-0.34464602428122,0.0690917532318449,0.930908246768156
2011-08-11,0.26035267846404,0.0701343550514166,0.929865644948584
2011-08-12,0.0632266697096461,0.0706340749205248,0.929365925079476
2011-08-15,1.48481344865362,0.0724634270068678,0.927536572993133
2011-08-16,-0.214733570546054,0.0737625973191873,0.926237402680813
2011-08-17,0.103960920060889,0.074508882475643,0.925491117524357
2011-08-18,-0.806792524804265,0.0757051859716149,0.924294814028385
2011-08-19,0.612644634115558,0.0770000395010931,0.922999960498907
2011-08-22,-0.166713014439061,0.0777657916752779,0.922234208324722
2011-08-23,0.326219272467645,0.0781834951604992,0.921816504839502
2011-08-24,-0.201158462726573,0.0781363138631426,0.921863686136858
2011-08-25,-0.152873353377438,0.0775836125466502,0.92241638745335
2011-08-26,0.575531179869426,0.0770735492506327,0.922926450749368
2011-08-29,0.324440280450163,0.0762064696244029,0.923793530375598
2011-08-30,-0.518225378119813,0.0752843976430873,0.924715602356913
2011-08-31,-0.201102664772713,0.0738285543535059,0.926171445646495
2011-09-01,-0.857476758667994,0.0730121077911347,0.926987892208866
2011-09-02,-0.56168089815004,0.0722228676373567,0.927777132362644
2011-09-06,-1.44673114063028,0.0726676703115274,0.927332329688473
2011-09-07,0.420573026102549,0.0729029836785698,0.92709701632143
2011-09-08,-0.79271973771562,0.0735528889320151,0.926447111067985
2011-09-09,-2.03534350179709,0.0752668971174895,0.924733102882511
2011-09-12,-0.227098006103472,0.076482821247841,0.923517178752159
2011-09-13,0.329489589685271,0.0773420871711697,0.92265791282883
2011-09-14,0.219058137981846,0.0777551086504301,0.92224489134957
2011-09-15,1.07371896309666,0.0790085846637701,0.92099141533623
2011-09-16,-0.542673449288766,0.0802155504126491,0.919784449587351
2011-09-19,-1.07225944366452,0.0824154370730644,0.917584562926935
2011-09-20,0.446347647702748,0.084368581748596,0.915631418251404
2011-09-21,0.19692942435192,0.0857549323260958,0.914245067673904
2011-09-22,-2.04644609493584,0.088335139821981,0.911664860178019
2011-09-23,0.534046663131728,0.0908125419069472,0.909187458093052
2011-09-26,-0.0147961826118857,0.0925939997303998,0.9074060002696
2011-09-27,0.663670307082568,0.0945471783699278,0.905452821630072
2011-09-28,0.161562787585117,0.0959131776235617,0.904086822376438
2011-09-29,0.0806836146017918,0.0967035236266217,0.903296476373378
2011-09-30,-1.40285821033259,0.0987990090222037,0.901200990977796
2011-10-03,-1.25703114232984,0.102406465066372,0.897593534933628
2011-10-04,0.0978363201276261,0.10517669346521,0.89482330653479
2011-10-05,0.255427980509692,0.107352220569225,0.892647779430775
2011-10-06,0.598445831524027,0.109573820230054,0.890426179769946
2011-10-07,0.772663576577175,0.112264501791601,0.887735498208399
2011-10-11,1.06740311907885,0.116299949174952,0.883700050825047
2011-10-12,1.07786346858305,0.12210966350965,0.87789033649035
2011-10-13,-0.544762560223807,0.127795371864481,0.872204628135519
2011-10-14,0.949592145133628,0.135207940912845,0.864792059087155
2011-10-17,-0.658682849065255,0.143058411158242,0.856941588841758
2011-10-18,-0.371057939653571,0.149998523937681,0.850001476062319
2011-10-19,0.407362169495029,0.156242459887294,0.843757540112705
2011-10-20,-0.750540922568838,0.163363221981587,0.836636778018412
2011-10-21,1.45945592852987,0.174910678582289,0.82508932141771
2011-10-24,0.424384740516631,0.185466304332102,0.814533695667897
2011-10-25,-0.150845842632131,0.194096541179702,0.805903458820298
2011-10-26,-0.526146300081423,0.202473146683288,0.797526853316711
2011-10-27,2.38497559266062,0.211879453739951,0.788120546260048
2011-10-28,-0.0564652753568206,0.219548676347866,0.780451323652133
2011-10-31,-1.54391028730999,0.23135849924394,0.768641500756059
2011-11-01,-1.96219595995026,0.247939803004392,0.752060196995607
2011-11-02,0.924348806438642,0.267515914302141,0.732484085697858
2011-11-03,-0.428359459954171,0.285520223947655,0.714479776052344
2011-11-04,0.123613904124512,0.300666606552207,0.699333393447792
2011-11-07,-0.123613904124506,0.313370374781217,0.686629625218782
2011-11-08,0.297867923386045,0.32445146000135,0.675548539998649
2011-11-09,-1.38054126418906,0.340396929005192,0.659603070994807
2011-11-10,0.0294160908136859,0.353683727467425,0.646316272532574
2011-11-14,0.183654780730133,0.364929358853653,0.635070641146346
2011-11-15,-0.744045570366825,0.377150101280488,0.622849898719512
2011-11-16,-0.140589760106067,0.387380628808894,0.612619371191105
2011-11-17,0.125800142390737,0.395876127446067,0.604123872553932
2011-11-18,-0.00739562918652433,0.402799667802733,0.597200332197266
2011-11-21,0.0295792355924313,0.408374100568224,0.591625899431775
2011-11-22,-0.185013928816137,0.412900336246404,0.587099663753595
2011-11-23,-1.13980449523694,0.419441806837344,0.580558193162656
2011-11-25,-0.774702080701458,0.426841571255293,0.573158428744707
2011-11-28,0.677254451086847,0.434689529276005,0.565310470723994
2011-11-29,0.0674738564415545,0.441063144690635,0.558936855309364
2011-11-30,0.821022674312214,0.448536044118674,0.551463955881325
2011-12-01,0.252412903131484,0.454850103439594,0.545149896560406
2011-12-02,-0.751687385627008,0.4619482197987,0.538051780201299
2011-12-05,0.573579731864733,0.469033841473996,0.530966158526003
2011-12-06,-0.491438070224914,0.475760088987303,0.524239911012696
2011-12-07,-0.0821416616398246,0.481154568278121,0.518845431721878
2011-12-08,-0.464246434701721,0.486169359079634,0.513830640920365
2011-12-09,0.329687096165945,0.490447610152305,0.509552389847694
2011-12-12,-1.3556466083608,0.497403412672798,0.502596587327201
2011-12-13,-0.715321519058501,0.505055132631602,0.494944867368397
2011-12-14,-0.936092157382804,0.514720101588425,0.485279898411574
2011-12-15,0.315566934954879,0.523155287727122,0.476844712272876
2011-12-16,0.0921729844810434,0.53001415671482,0.469985843285179
2011-12-19,-0.061439215510722,0.535495664802476,0.464504335197523
2011-12-20,0.452229337764077,0.540565061800662,0.459434938199337
2011-12-21,-0.275693236345734,0.54477091888279,0.455229081117209
2011-12-22,0.038336209018483,0.547928948659867,0.452071051340131
2011-12-23,-0.0383362090184846,0.550150751925801,0.449849248074198
2011-12-27,0.260396869203086,0.551715975902297,0.448284024097702
2011-12-28,-1.1384738349834,0.554896345031815,0.445103654968184
2011-12-29,0.200942953463018,0.557262941662914,0.442737058337085
2011-12-30,0.162005821354137,0.558834588425502,0.441165411574496
2012-01-03,0.676041600650885,0.560754432461215,0.439245567538784
2012-01-04,-1.00804978116181,0.564044827375846,0.435955172624153
2012-01-05,-1.14340295978813,0.569382711642158,0.430617288357841
2012-01-06,-0.47047840253213,0.574388825535197,0.425611174464802
2012-01-09,0.17276586675154,0.578340267645426,0.421659732354573
2012-01-10,0.289889340001136,0.581550158060106,0.418449841939893
2012-01-11,-0.753890801638469,0.585466984172707,0.414533015827292
2012-01-12,1.03514098703297,0.59128692215903,0.408713077840969
2012-01-13,-1.06667678041953,0.599652458648898,0.400347541351101
2012-01-17,0.45629848661775,0.607487353099848,0.392512646900151
2012-01-18,0.664974091281601,0.615953054259737,0.384046945740261
2012-01-19,0.869503187893165,0.626492201917533,0.373507798082466
2012-01-20,0.0849913128232933,0.635034651031846,0.364965348968153
2012-01-23,0.669671132146717,0.644306454051926,0.355693545948073
2012-01-24,-0.238104494380622,0.652086357942082,0.347913642057917
2012-01-25,-0.200138624268214,0.658476146734285,0.341523853265715
2012-01-26,1.33182221148473,0.668801071992571,0.331198928007428
2012-01-27,0.303674694347359,0.677737651898518,0.322262348101481
2012-01-30,-0.524416934314816,0.686509473189218,0.313490526810782
2012-01-31,-0.534842350749699,0.69518698974965,0.304813010250349
2012-02-01,0.960666125509964,0.706750650462626,0.293249349537373
2012-02-02,-0.091095428754568,0.716133368047586,0.283866631952413
2012-02-03,-0.464355875690152,0.725002926664469,0.274997073335531
2012-02-06,0.182954769739962,0.732283679507501,0.267716320492499
2012-02-07,0.864493137029499,0.741527115505838,0.258472884494161
2012-02-08,0.067932221354166,0.748932346411331,0.251067653588668
2012-02-09,0.331450397602737,0.755376467002671,0.244623532997328
2012-02-10,-0.830695004900689,0.76344882459503,0.236551175404969
2012-02-13,0.181832007065503,0.770038052227805,0.229961947772194
2012-02-14,-0.470410579143516,0.776298009685893,0.223701990314107
2012-02-15,-0.472633903143824,0.782255872398851,0.217744127601148
2012-02-16,0.175592670226479,0.787027168139868,0.212972831860131
2012-02-17,0.297041232917325,0.79101962474938,0.208980375250619
2012-02-21,0.802912963620705,0.796137511934354,0.203862488065646
2012-02-22,-0.0301818458489699,0.800052625746328,0.199947374253671
2012-02-23,0.429233687373129,0.803631206139348,0.196368793860651
2012-02-24,1.15798238408676,0.809689554443029,0.19031044555697
2012-02-27,-0.394448470351064,0.815147603553863,0.184852396446136
2012-02-28,0.31270965844361,0.819795261245455,0.180204738754544
2012-02-29,-0.693747887034803,0.82516954371764,0.174830456282359
2012-03-01,-0.292364989543192,0.829687272188791,0.170312727811208
2012-03-02,-0.8898331845664,0.835893146372222,0.164106853627777
2012-03-05,0.181625598589145,0.840874900263262,0.159125099736737
2012-03-06,-0.850422741104307,0.847463277625464,0.152536722374536
2012-03-07,0.266534826335422,0.852970310757625,0.147029689242374
2012-03-08,0.810457001947993,0.859987740181142,0.140012259818857
2012-03-09,-1.12275492876936,0.87095411066506,0.129045889334939
2012-03-12,0.251438282493296,0.880161731878212,0.119838268121787
2012-03-13,-0.243809644582887,0.887845191696464,0.112154808303536
2012-03-14,-0.64284295762415,0.896265939546644,0.103734060453355
2012-03-15,0.344893999669988,0.9036679686432,0.0963320313567997
2012-03-16,0.769791538077888,0.912706883473713,0.0872931165262872
2012-03-19,0.537615348574507,0.921811694205528,0.0781883057944722
2012-03-20,-0.151148759126799,0.929142924240356,0.0708570757596433
2012-03-21,-0.242314218216326,0.93523309547795,0.0647669045220496
2012-03-22,0.0303214071455979,0.939983117455468,0.0600168825445321
2012-03-23,0.521602271153681,0.944748129634527,0.0552518703654729
2012-03-26,0.488888191227096,0.949401893262862,0.0505981067371381
2012-03-27,0.0600060024005905,0.953008620138113,0.0469913798618871
2012-03-28,-0.270311022078467,0.956002937624981,0.0439970623750191
2012-03-29,-0.263504763800511,0.958461303637895,0.0415386963621051
2012-03-30,0.518817660616512,0.960952703888394,0.0390472961116059
2012-04-02,-0.0675194143960016,0.962813277574486,0.037186722425514
2012-04-03,0.0900157588349289,0.964160984104704,0.0358390158952959
2012-04-04,-1.59471315887265,0.967189499423663,0.0328105005763372
2012-04-05,-0.473464038336703,0.970115030447284,0.0298849695527161
2012-04-06,0.191182714141828,0.972447968178854,0.0275520318211455
2012-04-09,-0.0152811736238722,0.974204793311744,0.0257952066882564
2012-04-10,-0.145287733451983,0.975532362394614,0.0244676376053857
2012-04-11,0.275103337189002,0.976589116250196,0.0234108837498044
2012-04-12,0.509991590619583,0.977669120108688,0.0223308798913123
2012-04-13,-0.678020347788841,0.979032118462208,0.0209678815377925
2012-04-16,-0.114727153201192,0.980024061181721,0.0199759388182792
2012-04-17,0.427644790714053,0.98094090383922,0.0190590961607797
2012-04-18,-0.00762049914638454,0.981537829473222,0.0184621705267782
2012-04-19,0.0761788716660449,0.981861353776533,0.018138646223467
2012-04-20,0.607350788919701,0.982323127264224,0.0176768727357762
2012-04-23,-0.630198357656991,0.982954722863254,0.0170452771367459
2012-04-24,0.592346810969405,0.983717406398034,0.0162825936019656
2012-04-25,0.0227126472566686,0.984189960375405,0.0158100396245953
2012-04-26,0.16640197471016,0.984438292723352,0.0155617072766477
2012-04-27,0.120845936156833,0.98445889179974,0.0155411082002593
2012-04-30,-0.143520816266083,0.984258083561581,0.0157419164384188
2012-05-01,-0.0226800227772378,0.983791377324747,0.016208622675252
2012-05-02,-0.545869437331142,0.983409502969589,0.0165904970304104
2012-05-03,-0.053229916469201,0.982731948145602,0.0172680518543975
2012-05-04,-0.426862451650522,0.982001413971486,0.0179985860285135
2012-05-07,-0.298359246688782,0.981063792773255,0.0189362072267441
2012-05-08,-0.28388402845454,0.979870847798288,0.0201291522017115
2012-05-09,-0.469791768580337,0.978672805065153,0.0213271949348466
2012-05-10,0.038590669255208,0.976951950297654,0.0230480497023456
2012-05-11,-0.16991045175125,0.9746490374711,0.0253509625288993
2012-05-14,-0.698110188629239,0.972952297370177,0.0270477026298222
2012-05-15,-0.608996260692856,0.971563319377438,0.0284366806225613
2012-05-16,-0.305894587322898,0.969846611929237,0.0301533880707619
2012-05-17,-0.165100866938182,0.967503703313184,0.0324962966868152
2012-05-18,0.0943767274140483,0.964257541943837,0.0357424580561621
2012-05-21,0.376618726847022,0.960618358770643,0.0393816412293562
2012-05-22,-0.266625001112365,0.95608907139569,0.0439109286043088
2012-05-23,-1.312064348872,0.954407424385481,0.0455925756145181
2012-05-24,0.111323166713041,0.951988140648358,0.0480118593516408
2012-05-25,-0.517908810732106,0.949699239288796,0.0503007607112033
2012-05-29,-0.239942528937889,0.946716414186983,0.0532835858130159
2012-05-30,-0.666856606936663,0.94444925647138,0.0555507435286191
2012-05-31,-0.331059287389449,0.941721515497813,0.0582784845021865
2012-06-01,0.451905223546298,0.938900067104746,0.0610999328952533
2012-06-04,0.602048778158302,0.936559889716004,0.063440110283995
2012-06-05,-0.465266361531178,0.934182327835118,0.0658176721648811
2012-06-06,0.784883093865274,0.932827997038003,0.0671720029619963
2012-06-07,0.262916934306318,0.930946235244581,0.0690537647554185
2012-06-08,-0.686629444146871,0.929720648442137,0.0702793515578619
2012-06-11,0.176098660732431,0.927820238666118,0.0721797613338812
2012-06-12,-0.21616436902911,0.925174181169321,0.0748258188306777
2012-06-13,0.949235380989393,0.92413473345925,0.0758652665407491
2012-06-14,0.0952229876744969,0.922337984072087,0.0776620159279118
2012-06-15,0.198090473237721,0.919760325802519,0.0802396741974802
2012-06-18,-0.436318172658881,0.917030478130482,0.0829695218695163
2012-06-19,0.902261759963755,0.915860777450645,0.0841392225493536
2012-06-20,0.086631232037444,0.913861407128382,0.0861385928716165
2012-06-21,-0.925310093658189,0.913296228398222,0.0867037716017767
2012-06-22,-0.32629052863562,0.912362745197019,0.0876372548029801
2012-06-25,-0.519481687710391,0.911556479637021,0.0884435203629776
2012-06-26,-0.0721414002671468,0.909954677535188,0.0900453224648105
2012-06-27,-0.112323503465446,0.907420239199996,0.092579760800003
2012-06-28,-0.192848593315513,0.903862673859385,0.0961373261406132
2012-06-29,1.87249007055928,0.90313093742958,0.0968690625704189
2012-07-02,-0.665296292041665,0.902876635732498,0.0971233642675003
2012-07-03,0.28566913570904,0.902169617919544,0.0978303820804547
2012-07-05,-1.88775402656958,0.903395107442584,0.0966048925574142
2012-07-06,-0.818912429041402,0.905531458530797,0.0944685414692017
2012-07-09,0.130176570331624,0.906916482608717,0.0930835173912813
2012-07-10,-0.358394128019751,0.907962253314358,0.092037746685641
2012-07-11,-0.0897995896909877,0.90835546880771,0.091644531192288
2012-07-12,-0.368203991656547,0.908470123494753,0.0915298765052457
2012-07-13,0.270148746016074,0.908140831043938,0.0918591689560607
2012-07-16,0.285726142385372,0.907376797478918,0.0926232025210804
2012-07-17,-0.269376923024174,0.906117184948077,0.0938828150519215
2012-07-18,0.220453242987686,0.904213474333429,0.0957865256665689
2012-07-19,-0.0326290891221826,0.901316679351838,0.0986833206481605
2012-07-20,-0.663040123969807,0.899075985943624,0.100924014056374
2012-07-23,-0.411489346979117,0.896550825229902,0.103449174770096
2012-07-24,-0.529189262074384,0.894156962119021,0.105843037880977
2012-07-25,0.578657479753969,0.892075280515663,0.107924719484335
2012-07-26,1.21253328926616,0.89197611189479,0.108023888105208
2012-07-27,0.730226368540024,0.892503477587464,0.107496522412534
2012-07-30,-0.974824941366059,0.894414412115258,0.10558558788474
2012-07-31,0.529209458176531,0.896406284980885,0.103593715019113
2012-08-01,-0.130007331222785,0.89762138263536,0.102378617364638
2012-08-02,-1.22710963876683,0.901167876415428,0.0988321235845698
2012-08-03,1.96428337684459,0.908736040352389,0.0912639596476083
2012-08-06,0.25793984960601,0.914882916826898,0.0851170831730998
2012-08-07,0,0.919478118639854,0.0805218813601435
2012-08-08,-0.468006986724137,0.923829979432202,0.0761700205677959
2012-08-09,-0.69799812645652,0.929039779476839,0.0709602205231587
2012-08-10,0.162760452597345,0.933040737191364,0.0669592628086337
2012-08-13,0.332833038511886,0.936410219522958,0.0635897804770392
2012-08-14,-0.0810767029980948,0.938858302355127,0.0611416976448704
2012-08-15,-0.333103448109949,0.940871311378177,0.0591286886218203
2012-08-16,0.551859865101899,0.94299398380295,0.0570060161970478
2012-08-17,-0.332374348383402,0.944721834638428,0.0552781653615695
2012-08-20,0.227106918929039,0.945950729274179,0.0540492707258189
2012-08-21,1.03970309936839,0.948541337194332,0.0514586628056653
2012-08-22,0,0.950360088695345,0.0496399113046527
2012-08-23,0.886056485435529,0.953283978971449,0.0467160210285484
2012-08-24,-0.398153098044556,0.955886587411021,0.0441134125889766
2012-08-27,-0.151714805321348,0.957799416096084,0.0422005839039139
2012-08-28,0.398756410022832,0.959483841365297,0.0405161586347005
2012-08-29,-0.207154882462328,0.96069100659525,0.0393089934047483
2012-08-30,-0.327541734813014,0.961620571802803,0.0383794281971949
2012-08-31,0.646064061766492,0.962840012713401,0.0371599872865965
2012-09-04,-0.0954502140556368,0.963580818828295,0.0364191811717027
2012-09-05,0.294012687459941,0.964047596843942,0.0359524031560559
2012-09-06,0.182329909007927,0.964157261164127,0.0358427388358706
2012-09-07,1.33744421418378,0.965554136423534,0.0344458635764631
2012-09-10,-0.00781524755194222,0.966441618540244,0.0335583814597531
2012-09-11,0.491171610774275,0.967324222011149,0.0326757779888483
2012-09-12,0.279590116893344,0.967920059387265,0.0320799406127322
2012-09-13,0.139502463916451,0.96814672212585,0.0318532778741473
2012-09-14,1.76560969480833,0.96970456102666,0.0302954389733376
2012-09-17,-0.129439999798875,0.970794294369141,0.029205705630856
2012-09-18,-0.565404929229693,0.971989020378691,0.0280109796213065
2012-09-19,0.107213978718519,0.972768544946176,0.0272314550538207
2012-09-20,-0.899556290857787,0.974231985068443,0.0257680149315537
2012-09-21,0.323849461851028,0.975423986664414,0.0245760133355828
2012-09-24,-0.625508815793586,0.976835735745514,0.023164264254483
2012-09-25,0.278487067892873,0.97793850113518,0.0220614988648169
2012-09-26,-0.721017194988904,0.979434669936674,0.0205653300633224
2012-09-27,0.171033237681223,0.980527836529025,0.0194721634709712
2012-09-28,-0.139914519521264,0.981270227575781,0.0187297724242151
2012-10-01,0.3416682932415,0.981849880119497,0.0181501198804992
2012-10-02,0.394569387382356,0.982330250857733,0.017669749142264
2012-10-03,-0.32482627168779,0.982654635928669,0.0173453640713279
2012-10-04,0.710153505545943,0.983255406004028,0.016744593995969
2012-10-05,0.44512736582386,0.983813119075421,0.0161868809245753
2012-10-09,-1.41124378017084,0.985556982893056,0.0144430171069402
2012-10-10,0.0931532438111485,0.986836896541593,0.0131631034584033
2012-10-11,0.309885590406636,0.987887723949626,0.0121122760503699
2012-10-12,0.139135834457881,0.988633679002941,0.011366320997055
2012-10-15,0.0308928022228331,0.989104232533292,0.0108957674667044
2012-10-16,0.661897282976857,0.989768230289137,0.0102317697108591
2012-10-17,0.741338562770752,0.990747276460018,0.00925272353997805
2012-10-18,-0.205800598571766,0.991479320374407,0.00852067962558847
2012-10-19,-0.642990580263476,0.992400506759523,0.00759949324047248
2012-10-22,0.314357168975589,0.993162368810658,0.00683763118933825
2012-10-23,-0.706771014589023,0.994196187100504,0.00580381289949159
2012-10-24,-0.192923623521753,0.994985937895578,0.00501406210441829
2012-10-25,0.0926497904447121,0.99555043365199,0.00444956634800634
2012-10-26,-0.154464040597183,0.995950243578975,0.00404975642102046
2012-10-29,-0.247639810814578,0.996243185003925,0.00375681499607034
2012-10-30,0.564034719197397,0.996609376793392,0.00339062320660397
2012-10-31,-0.161930867785638,0.996854315721694,0.00314568427830178
2012-11-01,-0.162193509200065,0.996995796021535,0.00300420397846026
2012-11-02,-0.690326573135909,0.997279315677166,0.00272068432282926
2012-11-05,-0.452454161365461,0.997570306759887,0.00242969324010879
2012-11-06,0.21868174912838,0.997776956617462,0.00222304338253323
2012-11-07,-0.461352814242892,0.997999584625164,0.00200041537483099
2012-11-08,-0.149025479558895,0.998138107887735,0.0018618921122606
2012-11-09,-0.196425126993426,0.998211949893978,0.00178805010601747
2012-11-13,0.00786441744734113,0.998205775594571,0.00179422440542432
2012-11-14,0.188560709546098,0.99813731366291,0.00186268633708513
2012-11-15,0.336951304186747,0.998043361616132,0.00195663838386346
2012-11-16,-0.533376431180168,0.99800279594446,0.00199720405553587
2012-11-19,0.713141222252734,0.998098853760661,0.00190114623933461
2012-11-20,0.0624512120219437,0.998110145941289,0.00188985405870667
2012-11-21,0.0156067109173572,0.998034590092252,0.00196540990774363
2012-11-23,1.1096137127274,0.998270888706044,0.00172911129395191
2012-11-26,0.0540019299526412,0.99841271215813,0.00158728784186551
2012-11-27,-0.200725768004935,0.99849410133835,0.00150589866164535
2012-11-28,-0.131461952970021,0.998509085030691,0.00149091496930415
2012-11-29,0.231875200506449,0.998476945196406,0.00152305480358931
2012-11-30,0.439087097629497,0.998460903163066,0.00153909683692919
2012-12-03,0.429514389414463,0.998457514364258,0.00154248563573795
2012-12-04,0.114735928753135,0.998382191802534,0.00161780819746091
2012-12-05,-0.0305833781724759,0.998217713567926,0.00178228643206941
2012-12-06,-0.837017749099038,0.998257260178209,0.0017427398217865
2012-12-07,-0.200694779830065,0.998234028532575,0.00176597146741986
2012-12-10,-0.0927643851308286,0.998125742334496,0.0018742576654989
2012-12-11,0.478359063555609,0.998051539926823,0.00194846007317242
2012-12-12,0.353438708302553,0.997955929478431,0.00204407052156456
2012-12-13,0.298679142201776,0.997814196391187,0.00218580360880859
2012-12-14,0.434932584441542,0.997685642988193,0.0023143570118026
2012-12-17,0.26612949593022,0.997489760005307,0.00251023999468832
2012-12-18,0.416777779063993,0.997295224170448,0.0027047758295471
2012-12-19,0.271862423899346,0.997020975070807,0.00297902492918828
2012-12-20,-0.271862423899338,0.996651334375141,0.00334866562485373
2012-12-21,-0.439561147303811,0.99629322103602,0.00370677896397491
2012-12-24,0.0986904616067354,0.995726358945404,0.00427364105459086
2012-12-26,0.371114145779398,0.995093245050667,0.00490675494932845
2012-12-27,0,0.994116823033697,0.0058831769662985
2012-12-28,-0.0604960696006105,0.992656231928197,0.00734376807179824
2012-12-31,-0.257517373243234,0.990766387833066,0.00923361216692911
2013-01-02,0.0682309264179476,0.987965439696238,0.0120345603037578
2013-01-03,-0.646267217967887,0.985987991231565,0.0140120087684308
2013-01-04,-0.481707549199743,0.984131032892866,0.0158689671071291
2013-01-07,0.397766913190097,0.982123612494345,0.0178763875056501
2013-01-08,-0.236939767668819,0.979428583395937,0.0205714166040583
2013-01-09,0.0764935400260472,0.975390037475776,0.0246099625242196
2013-01-10,1.07994052844561,0.974094768327059,0.0259052316729364
2013-01-11,1.00102442782866,0.974030024380824,0.0259699756191713
2013-01-14,0.11975152991586,0.973531219020242,0.0264687809797538
2013-01-15,-0.202163971366176,0.97261527271265,0.0273847272873457
2013-01-16,-0.277704985767118,0.971326660209037,0.0286733397909583
2013-01-17,0.382581765175546,0.969860842501662,0.030139157498333
2013-01-18,-0.397614837963929,0.968246140882232,0.0317538591177628
2013-01-22,0.00751681888578668,0.965659030840058,0.0343409691599365
2013-01-23,0.0300616265603765,0.961670005768616,0.0383299942313792
2013-01-24,0.524620853998617,0.958180271074395,0.0418197289256003
2013-01-25,0.581353653437571,0.955454728586832,0.0445452714131625
2013-01-28,0.0222924020986384,0.951206988541802,0.0487930114581924
2013-01-29,0.185577012023573,0.945197781656254,0.0548022183437412
2013-01-30,0.591542689157799,0.940554324412561,0.059445675587434
2013-01-31,0.147340530559936,0.933769395501523,0.0662306044984716
2013-02-01,0.791909109894723,0.93020165864804,0.0697983413519548
2013-02-04,-1.2124032560882,0.929779201576229,0.0702207984237655
2013-02-05,0.310009105675891,0.928951977354355,0.0710480226456398
2013-02-06,-0.302616756753664,0.927663974750462,0.0723360252495331
2013-02-07,-1.08510912356539,0.928417175892201,0.0715828241077941
2013-02-08,-0.119635127174688,0.928443160321565,0.07155683967843
2013-02-11,0.358476858866694,0.928198934659892,0.0718010653401028
2013-02-12,0.268016837030259,0.927453911814315,0.0725460881856798
2013-02-13,-0.0148709941533589,0.92578526497542,0.074214735024574
2013-02-14,-0.851323191044627,0.925589548817909,0.0744104511820853
2013-02-15,0.209769330741732,0.92476423630265,0.075235763697345
2013-02-19,0.186922930047505,0.923178204861526,0.076821795138468
2013-02-20,-0.276770195750211,0.920925162704294,0.0790748372957007
2013-02-21,-1.09965708553119,0.921056150293051,0.0789438497069435
2013-02-22,-0.288206494526163,0.920722495633507,0.0792775043664879
2013-02-25,0.0455615468432924,0.91952009879355,0.0804799012064446
2013-02-26,-0.899876430109214,0.919887248919589,0.0801127510804056
2013-02-27,0.382292689768812,0.920029014431096,0.0799709855688985
2013-02-28,-0.190963660369828,0.919503425750688,0.0804965742493066
2013-03-01,-0.698203626641583,0.919815842040721,0.0801841579592737
2013-03-04,0.0615763566254409,0.91931438379893,0.0806856162010647
2013-03-05,0.17682111084062,0.918059929271143,0.0819400707288513
2013-03-06,-0.222999823275192,0.91601970794753,0.0839802920524643
2013-03-07,0.827971611335378,0.915532560841887,0.0844674391581076
2013-03-08,-0.81257633765398,0.916321938068376,0.0836780619316184
2013-03-11,0.169191765347023,0.916382243519172,0.0836177564808222
2013-03-12,0.0691323912773863,0.915599922618564,0.0844000773814301
2013-03-13,-0.569845989886321,0.915233554261602,0.0847664457383917
2013-03-14,0.192878970416079,0.914139519409152,0.0858604805908421
2013-03-15,0.783113407110056,0.91427637373635,0.0857236262636445
2013-03-18,-0.921948755288131,0.916222673451669,0.083777326548325
2013-03-19,-0.526235543440977,0.918464765740845,0.0815352342591496
2013-03-20,0.479914227087359,0.920793127336898,0.0792068726630963
2013-03-21,-0.170028636680721,0.922196443172324,0.0778035568276706
2013-03-22,0.524611602811439,0.923864966427499,0.0761350335724953
2013-03-25,-0.888826039290312,0.927858096669531,0.0721419033304628
2013-03-26,-0.178717169445586,0.930593435571604,0.0694065644283904
2013-03-27,-0.592825449140497,0.93407179697892,0.0659282030210746
2013-03-28,0.468311814376665,0.937583302617219,0.0624166973827757
2013-03-29,-0.202665904585322,0.940023432713082,0.0599765672869123
2013-04-01,0.319401977610836,0.941927594511554,0.0580724054884402
2013-04-02,-0.163468685450132,0.943038264145282,0.056961735854712
2013-04-03,0.0856597801862053,0.943406910199784,0.0565930898002102
2013-04-04,0.0544725899621999,0.94306582144755,0.0569341785524443
2013-04-05,1.33690797663325,0.945275415323493,0.0547245846765015
2013-04-08,-0.145957390997227,0.946631296851815,0.053368703148179
2013-04-09,0.643680383347927,0.948686787366237,0.0513132126337576
2013-04-10,-0.244723279064898,0.950095558338092,0.0499044416619023
2013-04-11,0.488849125057013,0.951606276613898,0.0483937233860962
2013-04-12,-0.228850507995561,0.952537180784876,0.0474628192151179
2013-04-15,-0.091687047987849,0.952811313139079,0.0471886868609155
2013-04-16,0.449987412248009,0.953080738793633,0.0469192612063612
2013-04-17,-0.70256111813913,0.954074620223563,0.0459253797764315
2013-04-18,0.176103563753714,0.954490087355923,0.0455099126440711
2013-04-19,-0.0459101699088463,0.954268996798029,0.0457310032019658
2013-04-22,-0.122530264985619,0.953421813068145,0.0465781869318495
2013-04-23,-0.291612515759743,0.952146390918257,0.0478536090817376
2013-04-24,-0.115344701165356,0.94997515295433,0.050024847045664
2013-04-25,0.0538440842207549,0.946479442337386,0.0535205576626082
2013-04-26,0.153680681852567,0.941308088130761,0.0586919118692329
2013-04-29,0.505477066162405,0.936639571040703,0.0633604289592917
2013-04-30,0.594106401290554,0.933105383535842,0.0668946164641523
2013-05-01,0.18209413225837,0.927956129559477,0.0720438704405172
2013-05-02,-0.959714883873914,0.926187533058848,0.0738124669411459
2013-05-03,0.35144050229699,0.924000433718936,0.0759995662810578
2013-05-06,-0.34378734345194,0.921306948888442,0.0786930511115518
2013-05-07,0.137656797510008,0.917120949692274,0.0828790503077199
2013-05-08,0.700634958100599,0.914667594607637,0.0853324053923569
2013-05-09,-0.547904878774559,0.912730560941332,0.087269439058662
2013-05-10,-1.15120227612963,0.913422763281277,0.0865772367187175
2013-05-13,0.200493589678405,0.913413748580935,0.0865862514190593
2013-05-14,-0.0924855557253088,0.912537357391586,0.0874626426084081
2013-05-15,-0.867348425149252,0.913224888780292,0.0867751112197019
2013-05-16,0.318385048607389,0.91348191313467,0.0865180868653242
2013-05-17,-0.622182750615049,0.914367082805588,0.0856329171944061
2013-05-20,0.366001265167236,0.914953498935619,0.0850465010643756
2013-05-21,0.349175912484363,0.915203698711128,0.0847963012888667
2013-05-22,-0.356949242194052,0.915147793149947,0.084852206850048
2013-05-23,0.619964787952543,0.915709415151755,0.0842905848482399
2013-05-24,-0.185586196168004,0.915549440963941,0.084450559036054
2013-05-28,-0.387747674642054,0.915179374403722,0.0848206255962725
2013-05-29,0.57333387081006,0.915259688791133,0.0847403112088612
2013-05-30,0.754255865487476,0.916524554343698,0.0834754456562968
2013-05-31,-0.414906473041111,0.917643928408688,0.0823560715913069
2013-06-03,0.843369255526242,0.920690362360933,0.0793096376390611
2013-06-04,-0.175753684487519,0.922642615567677,0.0773573844323178
2013-06-05,0.0993769909404536,0.923619680460116,0.0763803195398786
2013-06-06,1.21508177825127,0.928434597505078,0.0715654024949165
2013-06-07,-0.0453001140249504,0.931533620281106,0.068466379718889
2013-06-10,-0.0604320912786687,0.933406715232677,0.0665932847673172
2013-06-11,0.331925470710005,0.93483336219543,0.0651666378045649
2013-06-12,0.570743513870925,0.936727406487194,0.0632725935128004
2013-06-13,-0.299985225716523,0.938087642683511,0.0619123573164836
2013-06-14,0.120102101210549,0.938664271131367,0.0613357288686275
2013-06-17,0.0824866006051846,0.938503332192276,0.0614966678077183
2013-06-18,0.493495842275507,0.938477772645245,0.0615222273547498
2013-06-19,-0.0223788744360116,0.937664765045716,0.0623352349542785
2013-06-20,-1.42762962673701,0.93957643972169,0.0604235602783044
2013-06-21,-0.767276905840681,0.943032102449656,0.0569678975503385
2013-06-24,-0.167913335132512,0.945364692230974,0.0546353077690201
2013-06-25,-0.0840625168909251,0.946740301586718,0.0532596984132768
2013-06-26,-0.567355658209261,0.948508653971361,0.0514913460286336
2013-06-27,0.0768580469776631,0.949448590467962,0.0505514095320328
2013-06-28,-0.0461077392322932,0.949683562037578,0.050316437962416
2013-07-01,0.383583132387119,0.949744195401709,0.0502558045982852
2013-07-02,-0.329792836396164,0.949509155188311,0.0504908448116839
2013-07-03,-0.0922296583708583,0.948583143990934,0.0514168560090607
2013-07-05,-1.34697809877337,0.949935324741138,0.0500646752588562
2013-07-08,0.249085518369719,0.950758934217518,0.0492410657824769
2013-07-09,-0.694311795718089,0.95234398222433,0.0476560177756646
2013-07-10,0.562062369620329,0.954291552814763,0.0457084471852321
2013-07-11,1.54490945383036,0.961696320117049,0.0383036798829462
2013-07-12,0.015329194480853,0.96677592330379,0.0332240766962044
2013-07-15,-0.0689998877377454,0.970254191880488,0.0297458081195069
2013-07-16,0.802051429363161,0.975932379276208,0.0240676207237863
2013-07-17,-0.381127071606738,0.980931547197293,0.0190684528027016
2013-07-18,-0.122268087981524,0.984448089854102,0.0155519101458922
2013-07-19,0.488177933659182,0.988032230510572,0.0119677694894226
2013-07-22,0.38731774259634,0.991226270042341,0.00877372995765315
2013-07-23,0.143912162690364,0.993494106855702,0.00650589314429259
2013-07-24,0.121028759100322,0.995078824230559,0.00492117576943557
2013-07-25,0.0453480470321402,0.99614965279774,0.00385034720225459
2013-07-26,0.264121196443174,0.996978766498901,0.00302123350109341
2013-07-29,-0.0527684607623463,0.997526488832972,0.0024735111670228
2013-07-30,0.0301568156688281,0.997872076878016,0.00212792312197804
2013-07-31,0.120536401515768,0.998080056443714,0.00191994355628057
2013-08-01,-0.490585534285219,0.998335222702638,0.00166477729735672
2013-08-02,0.385124130913614,0.998574983529572,0.00142501647042287
2013-08-05,-0.0829406268093306,0.99870858072727,0.0012914192727244
2013-08-06,0.293752329637954,0.998803131644339,0.00119686835565498
2013-08-07,0.247887450878877,0.99884973245185,0.00115026754814458
2013-08-08,0.471540112523836,0.998932914679903,0.00106708532009102
2013-08-09,-0.404040953700486,0.999024623813017,0.000975376186977575
2013-08-12,-0.195122013126192,0.999062713985168,0.000937286014826049
2013-08-13,-0.489477237672828,0.999145370180844,0.00085462981915017
2013-08-14,0.0679168422137215,0.999162111784346,0.000837888215648595
2013-08-15,0.0527923387954064,0.99911393278078,0.000886067219214439
2013-08-16,0.436353385710995,0.999090798004813,0.000909201995181148
2013-08-19,0.202482351980172,0.999017914313966,0.000982085686028816
2013-08-20,0.582656462743217,0.999033918903222,0.000966081096772473
2013-08-21,-0.432933422346717,0.999073819355707,0.000926180644287205
2013-08-22,-0.0448933789806957,0.999041743406903,0.000958256593091832
2013-08-23,0.22426562438338,0.998961780011836,0.00103821998815835
2013-08-26,-0.171891974613394,0.998810753013114,0.00118924698688111
2013-08-27,0.134549280277528,0.998556752646428,0.00144324735356665
2013-08-28,-0.456707266341526,0.998342637898042,0.001657362101953
2013-08-29,-0.738121902079907,0.99834703649189,0.00165296350810463
2013-08-30,-0.242204175321129,0.99828633617147,0.00171366382852463
2013-09-03,-0.242792228524159,0.998154963541946,0.00184503645804856
2013-09-04,0.363967644744973,0.998006327195628,0.00199367280436656
2013-09-05,-0.698772401260015,0.998061996328241,0.00193800367175393
2013-09-06,0.34999655297419,0.998094635155003,0.0019053648449918
2013-09-09,0.711423571203151,0.998346210976655,0.00165378902333904
2013-09-10,0,0.998464502266517,0.00153549773347751
2013-09-11,0.30872356134427,0.99854405626494,0.0014559437350545
2013-09-12,0.105199889473627,0.99852657853615,0.00147342146384436
2013-09-13,-0.293332540816733,0.998467813213969,0.00153218678602493
2013-09-16,0.555849098853051,0.998507918084256,0.00149208191573805
2013-09-17,0.0524207148709791,0.998441580773091,0.00155841922690285
2013-09-18,-0.0449303587010517,0.998253177430119,0.00174682256987468
2013-09-19,1.3096399699099,0.998609723711282,0.0013902762887122
2013-09-20,-0.0369699438570631,0.998820125146322,0.00117987485367255
2013-09-23,-0.0147918053668132,0.998922963699695,0.0010770363002995
2013-09-24,-0.222140039515361,0.998969535033235,0.0010304649667588
2013-09-25,0.340413264420287,0.999003678223052,0.000996321776942669
2013-09-26,-0.384900549205308,0.999044089397542,0.000955910602451829
2013-09-27,0.392287983183484,0.999094351384348,0.000905648615645835
2013-09-30,-0.0147754137384584,0.999066854966854,0.000933145033140668
2013-10-01,-0.00738852562307423,0.998954644064632,0.0010453559353625
2013-10-02,0.427634655959709,0.998868634892879,0.00113136510711589
2013-10-03,0.367188486289672,0.998779256611382,0.00122074338861214
2013-10-04,-0.440788254092792,0.998723284145531,0.00127671585446335
2013-10-07,-0.0957607527783963,0.998564952589413,0.00143504741058199
2013-10-08,0.0957607527783977,0.998271627427379,0.00172837257261617
2013-10-09,-0.50932016356507,0.998071160745131,0.00192883925486349
2013-10-10,0.162673801031547,0.997726521590283,0.00227347840971226
2013-10-11,0.177161041390774,0.997190080875831,0.00280991912416393
2013-10-15,-0.480539127493857,0.996749113314209,0.00325088668578576
2013-10-16,-0.029647198556907,0.995982899626426,0.00401710037356913
2013-10-17,1.28159668265497,0.996145648295847,0.00385435170414789
2013-10-18,0.212011630388243,0.996168590945998,0.00383140905399652
2013-10-21,-0.153480753680681,0.9960251036606,0.003974896339395
2013-10-22,0.772317135771438,0.996248407292271,0.00375159270772306
2013-10-23,0.0580467292455962,0.996276060626547,0.00372393937344781
2013-10-24,0.173938295774054,0.996148748150689,0.00385125184930545
2013-10-25,-0.115925241210124,0.995819325277173,0.00418067472282131
2013-10-28,-0.0580130545639358,0.995200577687055,0.00479942231293967
2013-10-29,-0.116127172289658,0.994188078588468,0.00581192141152661
2013-10-30,0.0072619004425264,0.992511339235728,0.00748866076426662
2013-10-31,-1.29364128205424,0.99243391811363,0.00756608188636407
2013-11-01,-0.782811766494678,0.992854863213538,0.00714513678645688
2013-11-04,0.207376759254389,0.993054202449014,0.00694579755098094
2013-11-05,-0.340917842977089,0.993168484940181,0.00683151505981385
2013-11-06,0.444445176042398,0.993315245273648,0.00668475472634729
2013-11-07,-1.04012824796156,0.994459256765769,0.00554074323422596
2013-11-08,-0.246756770811268,0.995293968539453,0.0047060314605418
2013-11-12,0.530148712282012,0.996317361762537,0.00368263823745802
2013-11-13,0.208302411280365,0.997036576687384,0.00296342331261138
2013-11-14,0.0891398068235954,0.997478922686603,0.00252107731339182
2013-11-15,0.0890604185333058,0.997725619446841,0.00227438055315411
2013-11-18,0.296296513065705,0.997901135110724,0.00209886488927076
2013-11-19,0.0665459006405068,0.997937921554341,0.00206207844565395
2013-11-20,-0.578207689477875,0.998105133933531,0.00189486606646352
2013-11-21,0.141153769582821,0.998155565890694,0.00184443410930085
2013-11-22,0.570013017632679,0.998327493301407,0.00167250669858779
2013-11-25,-0.332729797892061,0.998465035986546,0.00153496401344876
2013-11-26,0.391766033094998,0.99860496195897,0.00139503804102447
2013-11-27,0.0590014029949048,0.998634673184518,0.0013653268154774
2013-11-29,0.316537494229128,0.998634923922179,0.00136507607781653
2013-12-02,-0.397673401317056,0.99864588051588,0.00135411948411589
2013-12-03,0.382972923525052,0.998660143658268,0.00133985634172701
2013-12-04,-0.360838419432028,0.998666841610149,0.00133315838984614
2013-12-05,0.800915409558531,0.998947981974026,0.0010520180259696
2013-12-06,0.190100225414343,0.999132181275878,0.000867818724117064
2013-12-09,0.26262051860854,0.999266875628986,0.00073312437100955
2013-12-10,0.283729410812771,0.999369877239385,0.000630122760610492
2013-12-11,0.239451552934631,0.999435375423991,0.000564624576004417
2013-12-12,-0.333938604336879,0.999496785385985,0.000503214614009916
2013-12-13,-0.203814308434483,0.999522728554943,0.000477271445052063
2013-12-16,0.240166048265516,0.999524244073229,0.000475755926766697
2013-12-17,-0.0654426491270988,0.999473137197935,0.000526862802059815
2013-12-18,0.130842498858508,0.999365439530591,0.000634560469403352
2013-12-19,-0.729078761758594,0.999424176539609,0.000575823460385384
2013-12-20,0.0512088968357971,0.999420537438652,0.000579462561343224
2013-12-23,0.204573754402714,0.999377010753459,0.000622989246535712
2013-12-24,-0.182635109391691,0.999281509699354,0.000718490300641132
2013-12-26,0.102316752330277,0.999098040060063,0.000901959939932594
2013-12-27,0.553614467581505,0.999024214815878,0.000975785184116536
2013-12-30,0.362555686820499,0.998950697693128,0.00104930230686687
2013-12-31,-0.268164683261147,0.998830325398921,0.0011696746010737
2014-01-02,-0.794204327590779,0.998973503064594,0.00102649693540109
2014-01-03,-0.469277881298916,0.999176354914477,0.000823645085518069
2014-01-06,0.220248235278763,0.999310970557148,0.00068902944284665
2014-01-07,-0.132090721488177,0.999373450637558,0.000626549362437234
2014-01-08,-0.235259629166461,0.999399147598276,0.000600852401718662
2014-01-09,0.036795820410004,0.999356851103375,0.000643148896619465
2014-01-10,0.535682807300383,0.999398243111738,0.000601756888257262
2014-01-13,-0.124491979023733,0.999380337374566,0.000619662625429432
2014-01-14,0.256138308282951,0.999332433638767,0.00066756636122877
2014-01-15,-0.571723319385725,0.999388457754021,0.000611542245974443
2014-01-16,-0.0294074402942719,0.999373525848865,0.000626474151130375
2014-01-17,-0.338808602808525,0.999357915904287,0.000642084095707664
2014-01-21,0.0442575798328367,0.999265407266859,0.000734592733136534
2014-01-22,-0.103298171953769,0.999078600791158,0.000921399208837499
2014-01-23,0.984361140169261,0.999255946777875,0.000744053222120162
2014-01-24,0,0.99933496231992,0.000665037680075067
2014-01-27,-0.00731020870972975,0.999336259560271,0.000663740439724347
2014-01-28,-0.12435537976496,0.999270946568146,0.00072905343184886
2014-01-29,0.00731930466932839,0.999108797542904,0.000891202457091555
2014-01-30,-0.837870549205679,0.999225060964383,0.000774939035612265
2014-01-31,-0.36230584199102,0.999343505888194,0.000656494111801502
2014-02-03,0.170225404683905,0.999399157812822,0.000600842187173162
2014-02-04,-0.118386991259574,0.999391957877048,0.000608042122947542
2014-02-05,0.0888033803641353,0.999314954955242,0.000685045044753016
2014-02-06,0.626776376268068,0.999376642754913,0.000623357245082301
2014-02-07,0.0734807880810648,0.999366883490448,0.000633116509546966
2014-02-10,0.220118953063981,0.999314201456284,0.00068579854371094
2014-02-11,0.0732654439689145,0.999173925303877,0.000826074696118542
2014-02-12,-0.455113462645762,0.99909144812214,0.00090855187785491
2014-02-13,0.564911080088512,0.999130140625916,0.000869859374079456
2014-02-14,0.153514412984163,0.999093424719936,0.000906575280059141
2014-02-18,0.495483380346474,0.999136183988586,0.00086381601140948
2014-02-19,0.0290697676465912,0.999083843736078,0.000916156263917978
2014-02-20,-0.524553147993068,0.999129690474066,0.000870309525929461
2014-02-21,0.233474496834166,0.999124511145149,0.000875488854846563
2014-02-24,0.160198097320036,0.999042323733328,0.000957676266667204
2014-02-25,0.0363728953197127,0.998836331333108,0.00116366866688766
2014-02-26,-0.590875994205127,0.998799964075306,0.00120003592468921
2014-02-27,0.408879074315781,0.998795498719815,0.0012045012801805
2014-02-28,0.595715528508054,0.9989570658344,0.00104293416559519
2014-03-03,-0.311944828388836,0.999087881273743,0.000912118726252784
2014-03-04,-0.232778165778079,0.999158227660302,0.000841772339693625
2014-03-05,0.0218459858869907,0.999131655017807,0.000868344982188518
2014-03-06,0.826630767542349,0.999424217699091,0.000575782300904752
2014-03-07,0.144320994886893,0.99960679042715,0.000393209572845411
2014-03-10,0.0864927255881327,0.999710661817352,0.000289338182643433
2014-03-11,-0.0937038306931138,0.999764690264616,0.000235309735379862
2014-03-12,0.266465175130917,0.999810904430882,0.000189095569113651
2014-03-13,0.16528335479187,0.999836086107344,0.000163913892651435
2014-03-14,-0.021543212176238,0.999834669231503,0.000165330768492819
2014-03-17,0.0215432121762379,0.99980571026122,0.00019428973877555
2014-03-18,-0.100574721121523,0.999744449046166,0.000255550953829409
2014-03-19,-0.0215648924388101,0.999625362519974,0.00037463748002115
2014-03-20,-0.909950670972302,0.999758273806296,0.000241726193700033
2014-03-21,-0.00725505133266727,0.999832241791563,0.000167758208432988
2014-03-24,0.00725505133267051,0.999870870669475,0.000129129330520378
2014-03-25,-0.0507964163166621,0.99988746458359,0.000112535416406017
2014-03-26,0.0653049400998277,0.999887628363669,0.000112371636327273
2014-03-27,-0.246931638291205,0.999890697595223,0.000109302404772929
2014-03-28,0.00727140520225018,0.99987600087045,0.000123999129545859
2014-03-31,0.174355292989117,0.999850748760258,0.0001492512397377
2014-04-01,0.195787017329512,0.999812920286412,0.000187079713583344
2014-04-02,-0.311990095261237,0.999783738662777,0.00021626133721845
2014-04-03,-0.385890027078227,0.999783989204353,0.000216010795642483
2014-04-04,-0.0291842990543546,0.999744576724703,0.000255423275292455
2014-04-07,0.298736059539026,0.99970615835893,0.000293841641065808
2014-04-08,0.413838758120107,0.999708023636155,0.000291976363840764
2014-04-09,0.101383164596731,0.999664044717298,0.000335955282697113
2014-04-10,0.548579403745014,0.999718899448014,0.000281100551981721
2014-04-11,0.0431810010307883,0.999723107958124,0.000276892041871392
2014-04-14,-0.53387328304357,0.999817586091048,0.000182413908947174
2014-04-15,-0.130293178041602,0.999874209947892,0.000125790052102901
2014-04-16,0.10135380582399,0.999906125243349,9.38747566456605e-05
2014-04-17,0.0867930041465699,0.9999224123112,7.75876887943509e-05
2014-04-18,-0.115740753661194,0.999930322717665,6.96772823301639e-05
2014-04-21,-0.188364903916697,0.999938954717677,6.10452823176495e-05
2014-04-22,0.101471343054661,0.99994265401528,5.73459847148903e-05
2014-04-23,0.0724165431024083,0.9999409106918,5.9089308194664e-05
2014-04-24,0.101295139259692,0.99993442625204,6.55737479551127e-05
2014-04-25,0.0722909017241154,0.999918873159341,8.11268406543873e-05
2014-04-28,0.0433494696478585,0.999886404550801,0.000113595449194461
2014-04-29,-0.260379143202575,0.999856990005716,0.000143009994279732
2014-04-30,0.448009998566801,0.999880341118469,0.0001196588815267
2014-05-01,-0.0216317555012999,0.999877739076294,0.000122260923700721
2014-05-02,-0.0216364358422201,0.999847595461575,0.000152404538419699
2014-05-05,0.144154558623495,0.999789796802756,0.000210203197238865
2014-05-06,0.287687194965274,0.999732077179321,0.000267922820674055
2014-05-07,-0.0502855511476215,0.999601616188181,0.000398383811813571
2014-05-08,-0.381556202441122,0.999509554740306,0.000490445259688785
2014-05-09,-0.731172041590948,0.99967536236314,0.000324637636854343
2014-05-12,-0.0217999492198003,0.999751135645599,0.000248864354395718
2014-05-13,-0.356740213067957,0.999850485362954,0.000149514637041381
2014-05-14,0.051040870261163,0.999902086090575,9.79139094196977e-05
2014-05-15,-0.0437477221705594,0.99992751423633,7.24857636649829e-05
2014-05-16,-0.0291757843061497,0.999937306135909,6.26938640853033e-05
2014-05-19,0.058343058831138,0.99993657700619,6.34229938055682e-05
2014-05-20,-0.102122701996644,0.999927440756012,7.25592439831504e-05
2014-05-21,-0.328959688441999,0.999941661280367,5.83387196280256e-05
2014-05-22,-0.0366179651826855,0.999945168263971,5.48317360240482e-05
2014-05-23,-0.17595312457404,0.999949728976803,5.02710231922546e-05
2014-05-27,-0.0734052737945362,0.999947898751325,5.2101248670372e-05
2014-05-28,-0.161681522690528,0.999946076802213,5.39231977825165e-05
2014-05-29,0.0882223259691166,0.9999368011594,6.31988405945438e-05
2014-05-30,0.234879732175555,0.999934722666359,6.5277333635975e-05
2014-06-02,-0.249578049244707,0.999942066943401,5.79330565944711e-05
2014-06-03,0.132207143751812,0.999943891767651,5.61082323436927e-05
2014-06-04,-0.0367066773566849,0.99993423796606,6.57620339350574e-05
2014-06-05,-0.00734295260455311,0.999907080318834,9.29196811613464e-05
2014-06-06,0.154088888396327,0.999862893651902,0.000137106348092494
2014-06-09,-0.367269400637762,0.999854667485438,0.000145332514557435
2014-06-10,-0.339083326512611,0.99987269738987,0.000127302610125116
2014-06-11,-0.0812557754772289,0.999859838918348,0.000140161081647732
2014-06-12,0.17720028263428,0.999827083958491,0.000172916041503804
2014-06-13,-0.251126507631862,0.999788820358788,0.000211179641207009
2014-06-16,0.413284721096911,0.999808549452713,0.000191450547282356
2014-06-17,-0.258102720622093,0.999824656528911,0.000175343471084178
2014-06-18,0.177056482993728,0.999815991797571,0.000184008202424158
2014-06-19,0.389892721819492,0.999854300358294,0.000145699641700619
2014-06-20,-0.249944995225621,0.999889235239611,0.000110764760384131
2014-06-23,0.0515103584000558,0.999892595717697,0.000107404282298283
2014-06-24,-0.0367904054773288,0.999864943883389,0.000135056116606422
2014-06-25,0.367296380012349,0.999875105244104,0.000124894755891007
2014-06-26,-0.205519743508641,0.999875164677509,0.000124835322486255
2014-06-27,0.154179392533126,0.9998536158084,0.000146384191595392
2014-06-30,0.431902871165147,0.999895419726473,0.000104580273521785
2014-07-01,-0.0657630362380383,0.999906173107458,9.3826892537331e-05
2014-07-02,-0.182902344583762,0.999907542010111,9.24579898837344e-05
2014-07-03,-0.337416882876479,0.999937625453881,6.23745461146504e-05
2014-07-07,-0.0440949518425579,0.999949064806892,5.0935193103514e-05
2014-07-08,0.0734807880810648,0.999949746153016,5.02538469797457e-05
2014-07-09,0.117457068268163,0.999943558398888,5.64416011074429e-05
2014-07-10,-0.22034529664348,0.999943142263835,5.68577361606452e-05
2014-07-11,-0.014706963773863,0.999926188978604,7.38110213914935e-05
2014-07-14,0.161657761709857,0.999898286798924,0.000101713201072027
2014-07-15,-0.345677540553831,0.999903529772512,9.6470227483232e-05
2014-07-16,-0.317308313313136,0.999932915341941,6.70846580541019e-05
2014-07-17,0,0.999939750133241,6.02498667546563e-05
2014-07-18,-0.110926245428573,0.999934495406781,6.55045932143176e-05
2014-07-21,0.0665705117228683,0.9999096609038,9.03390961955872e-05
2014-07-22,-0.400089442336694,0.999936233324529,6.37666754664294e-05
2014-07-23,-0.0594088833751227,0.999943015174674,5.69848253211095e-05
2014-07-24,0.0445599710306691,0.999933084232756,6.6915767239325e-05
2014-07-25,-0.275103337188987,0.999939062104669,6.09378953259458e-05
2014-07-28,0.0669867168065455,0.999927670911654,7.23290883411714e-05
2014-07-29,-0.223463780141638,0.999919029954318,8.09700456771207e-05
2014-07-30,-0.238913059737075,0.999915490432293,8.45095677021148e-05
2014-07-31,0.0896593006864667,0.99988649349646,0.000113506503535072
2014-08-01,0.342951204696507,0.99989277878523,0.000107221214765863
2014-08-04,-0.163873407250081,0.999880890112823,0.000119109887173307
2014-08-05,-0.358476858866701,0.999910367325464,8.96326745315844e-05
2014-08-06,-0.0823322526954305,0.999911716916376,8.82830836201254e-05
2014-08-07,0.052401094136159,0.999882426291675,0.000117573708321089
2014-08-08,0.373497110069646,0.999900992295172,9.90077048234091e-05
2014-08-11,-0.201515163166624,0.999911371921081,8.86280789151794e-05
2014-08-12,-0.209408497734744,0.99991797172504,8.20282749553825e-05
2014-08-13,0.0748390994367616,0.999898271920014,0.000101728079981799
2014-08-14,0.0673073353009735,0.999838148302922,0.000161851697073987
2014-08-15,0.119545740477373,0.99971244916873,0.000287550831265888
2014-08-18,-0.254205744367521,0.999559988654117,0.000440011345879074
2014-08-19,-0.284879119120119,0.999398322796376,0.000601677203620098
2014-08-20,-0.270636159774302,0.999206041589559,0.000793958410437718
2014-08-21,0,0.998707640784454,0.0012923592155418
2014-08-22,-0.354436478286631,0.998312292797476,0.00168770720252003
2014-08-25,-0.234466695925425,0.997728956937814,0.00227104306218213
2014-08-26,-0.128812292863187,0.996517489030996,0.00348251096899983
2014-08-27,0.0227436413550035,0.993653586813681,0.00634641318631486
2014-08-28,-0.106181276566951,0.987567645369189,0.0124323546308068
2014-08-29,-0.212701386785466,0.978002723914249,0.0219972760857468
2014-09-02,-0.197914352491829,0.962154801292427,0.0378451987075685
2014-09-03,0.0913937611217225,0.92732953508833,0.0726704649116659
2014-09-04,-1.61157658693688,0.928047990309135,0.0719520096908606
2014-09-05,0.231821446837925,0.927960209149552,0.0720397908504441
2014-09-08,-0.0617665245085097,0.926284511368112,0.0737154886318841
2014-09-09,-0.301659353942568,0.924113087486266,0.0758869125137302
2014-09-10,-0.00774683348568625,0.918875082747164,0.0811249172528318
2014-09-11,0.216684808509051,0.910563248440177,0.0894367515598192
2014-09-12,0.14676917392675,0.895156410648922,0.104843589351074
2014-09-15,-0.0308808772623262,0.862359046643978,0.137640953356018
2014-09-16,0.1928492131607,0.807910123797305,0.192089876202691
2014-09-17,-0.138813934529165,0.705753260037201,0.294246739962795
2014-09-18,-0.34788021632511,0.603627442504995,0.396372557495001
2014-09-19,-0.60587415414107,0.568046047013806,0.431953952986191
2014-09-22,-0.0467581055900738,0.493188773591286,0.50681122640871
2014-09-23,0.225795245229198,0.379522367717028,0.620477632282968
2014-09-24,-0.54589545219001,0.327965614255512,0.672034385744484
2014-09-25,-0.313283464250499,0.268603387622014,0.731396612377983
2014-09-26,-0.487537334338461,0.233665607962929,0.766334392037068
2014-09-29,0.133916282961833,0.168090719415531,0.831909280584466
2014-09-30,-0.592161534557845,0.142623447773034,0.857376552226962
2014-10-01,-0.0792204747127371,0.0911874311743581,0.908812568825638
2014-10-02,0.411262838442996,0.0495102105276422,0.950489789472354
2014-10-03,-1.21492739871611,0.0469747104279526,0.953025289572043
2014-10-06,0.597397132916107,0.0462015115589376,0.953798488441059
2014-10-07,0.269648827038625,0.0447929681952199,0.955207031804776
2014-10-08,0.450433413985867,0.0438517068494202,0.956148293150576
2014-10-09,0,0.0412726189611427,0.958727381038853
2014-10-10,-0.371263114545367,0.038635085444175,0.961364914555821
2014-10-14,0.189753377619141,0.0340912684473562,0.96590873155264
2014-10-15,0.92775254641214,0.0339578601787484,0.966042139821248
2014-10-16,0.265728956676003,0.0333232183349437,0.966676781665053
2014-10-17,-0.445888015313685,0.0329625236248342,0.967037476375162
2014-10-20,0.219281159210981,0.0319046296117265,0.96809537038827
2014-10-21,-0.462618929898703,0.0312373569572792,0.968762643042717
2014-10-22,-0.520054753378405,0.0311695371192398,0.968830462880756
2014-10-23,0,0.0300831658789748,0.969916834121021
2014-10-24,0.134212312413332,0.0277398277195406,0.972260172280455
2014-10-27,0.291487975716798,0.024609286444886,0.97539071355511
2014-10-28,0.274952056636923,0.020310603053083,0.979689396946913
2014-10-29,0.117605564537107,0.0123844841471003,0.987615515852896
2014-10-30,-1.10306822841073,0.0116100838033038,0.988389916196692
2014-10-31,-0.731555425407094,0.0117669242904757,0.988233075709521
2014-11-03,-0.343766577496888,0.0117786830308187,0.988221316969177
2014-11-04,0.535123676233197,0.0121213776695763,0.98787862233042
2014-11-05,-0.527115668220917,0.0128175731760216,0.987182426823975
2014-11-06,-0.594331522166983,0.0142732279813335,0.985726772018663
2014-11-07,0.0644226145650217,0.0148781576141794,0.985121842385817
2014-11-10,0.0241477845581259,0.0148331011709182,0.985166898829078
2014-11-12,0.249186254900492,0.0144098233582473,0.985590176641749
2014-11-13,0.16043642138596,0.0133491854551273,0.986650814544869
2014-11-14,0.144173032582127,0.0113199329155496,0.988680067084447
2014-11-17,-0.376889905253773,0.00917090077292989,0.990829099227067
2014-11-18,0.696532178364332,0.0084215461786596,0.991578453821337
2014-11-19,0.111633852594789,0.00689186826085078,0.993108131739146
2014-11-20,-0.175480622521059,0.0043005222946926,0.995699477705304
2014-11-21,-1.05939995633053,0.0040092116159524,0.995990788384044
2014-11-24,0.265904028394166,0.00348285231957945,0.996517147680417
2014-11-25,0.361460693161793,0.00285063377461266,0.997149366225384
2014-11-26,0.248248375738712,0.0018704051892815,0.998129594810715
2014-11-28,-0.521231283116505,0.00116222598720746,0.998837774012789
2014-12-01,0.417202145578878,0.000455293981098746,0.999544706018898
2014-12-02,-0.803862849643529,0.00022835896799505,0.999771641032002
2014-12-03,-0.696528287776306,0.000126115232991064,0.999873884767006
2014-12-04,1.03493808620035,0.000151019122492338,0.999848980877504
2014-12-05,-1.03493808620036,0.000349579119722391,0.999650420880274
2014-12-08,-0.0975768495049783,0.000416597725125104,0.999583402274871
2014-12-09,0.995677469189169,0.000787023258920983,0.999212976741075
2014-12-10,0.0805153022562365,0.000952193210968945,0.999047806789027
2014-12-11,-0.225606412668254,0.000988778136321542,0.999011221863675
2014-12-12,0.699331655252311,0.00116511395340782,0.998834886046589
2014-12-15,-0.112206471658775,0.00117121555057807,0.998828784449418
2014-12-16,0.272283342723022,0.00106395291735078,0.998936047082646
2014-12-17,-0.786836656824975,0.00114511665589246,0.998854883344104
2014-12-18,-0.931293931808198,0.00160385888024017,0.998396141119756
2014-12-19,-0.456659033820883,0.00205333661379807,0.997946663386199
2014-12-22,0.13884920758938,0.00225422786221026,0.997745772137786
2014-12-23,-0.589392668877791,0.00257616994467975,0.997423830055317
2014-12-24,0.0656598841711689,0.0026447141321257,0.997355285867871
2014-12-29,-0.0738704018489295,0.00247715979599798,0.997522840203999
2014-12-30,-0.0410627033240747,0.00202242524744026,0.997977574752556
2014-12-31,-0.601443625581736,0.00173160842984456,0.998268391570152
2015-01-02,-0.713222462748319,0.00164772901769185,0.998352270982305
2015-01-05,-0.810600686364515,0.00180378759274226,0.998196212407255
2015-01-06,0.15091811366179,0.00177889924507537,0.998221100754921
2015-01-07,-0.976603148345293,0.00215328020144377,0.997846719798553
2015-01-08,-0.0761711348241867,0.00228476419507762,0.997715235804919
2015-01-09,0.160737736058536,0.00222424944443849,0.997775750555559
2015-01-12,0.0169047418203197,0.00192580349339438,0.998074196506603
2015-01-13,-0.448944043185129,0.00160696412066649,0.998393035879331
2015-01-14,0.22895918418503,0.00107173420430992,0.998928265795687
2015-01-15,-1.77752073642489,0.00112085881490416,0.998879141185093
2015-01-16,-0.700846476747855,0.00126369847456856,0.998736301525429
2015-01-20,0.364014962535977,0.00132847229620887,0.998671527703788
2015-01-21,0.216048133123047,0.00126307083935724,0.99873692916064
2015-01-22,-1.47841635288444,0.00165077166600679,0.99834922833399
2015-01-23,-1.18980824567367,0.00289566526165129,0.997104334738346
2015-01-26,0.0974788503790928,0.00368042559607178,0.996319574403925
2015-01-27,0.706092960087393,0.00482026752352459,0.995179732476472
2015-01-28,-0.246565817060837,0.0056060300383299,0.994393969961667
2015-01-29,-0.300220976049247,0.00614933414606574,0.993850665853931
2015-01-30,-0.15930616697733,0.00639412306534885,0.993605876934648
2015-02-02,0.415433487389098,0.00654889041451515,0.993451109585482
2015-02-03,1.09655030940842,0.00746934702606683,0.99253065297393
2015-02-04,-0.384615858747839,0.00821393987061781,0.991786060129379
2015-02-05,0.122538308549889,0.00858398123064363,0.991416018769353
2015-02-06,-0.896236558765137,0.00958161242977599,0.990418387570221
2015-02-09,-0.123642160059429,0.0101382692442113,0.989861730755785
2015-02-10,0,0.0103063819522238,0.989693618047773
2015-02-11,-0.141492772102591,0.010145528894181,0.989854471105816
2015-02-12,0.96874381556896,0.0105964929104996,0.989403507089497
2015-02-13,-0.0175300202044179,0.0106692919579805,0.989330708042016
2015-02-17,-0.114020097429261,0.0103957119499334,0.989604288050063
2015-02-18,-0.466201310581119,0.0100795993646484,0.989920400635348
2015-02-19,0.439870507778353,0.00968787239401265,0.990312127605984
2015-02-20,-0.175716088086661,0.00892748238127579,0.991072517618721
2015-02-23,-0.228893488437788,0.00776262821046619,0.992237371789531
2015-02-24,-0.344325595126735,0.00629965327742687,0.99370034672257
2015-02-25,0.494045998276391,0.00486791433678674,0.99513208566321
2015-02-26,-1.33778296333303,0.00457560139404017,0.995424398605957
2015-02-27,-0.133874802448203,0.00400028648460111,0.995999713515396
2015-03-02,-0.0625362954225994,0.00303117030365934,0.996968829696338
2015-03-03,0.196411097870786,0.00161467141037839,0.998385328589619
2015-03-04,-1.27458865819963,0.00117730616053795,0.998822693839459
2015-03-05,-0.579816808297839,0.00077938840714462,0.999220611592852
2015-03-06,-1.3814775307312,0.0007030219587255,0.999296978041272
2015-03-09,-0.0829454911386134,0.000504084675640925,0.999495915324356
2015-03-10,-1.28986152427359,0.000482265790041884,0.999517734209955
2015-03-11,-1.23104500668025,0.000591314163668534,0.999408685836328
2015-03-12,0.368081204588893,0.000636816304590139,0.999363183695407
2015-03-13,-0.860973197717327,0.000749160159326354,0.999250839840671
2015-03-16,0.483436175429551,0.000823083871113096,0.999176916128884
2015-03-17,0.283286308430411,0.000812692382542004,0.999187307617455
2015-03-18,0.357681104226144,0.000733220298277109,0.99926677970172
2015-03-19,-0.206922571950468,0.000550164786974957,0.999449835213022
2015-03-20,1.59719455660522,0.000553220894682147,0.999446779105315
2015-03-23,1.25231839229796,0.000684109837672846,0.999315890162324
2015-03-24,-0.183183784509216,0.000720770447064238,0.999279229552933
2015-03-25,0.712526993708653,0.000774019247542122,0.999225980752455
2015-03-26,-0.611734388849945,0.000818736450253021,0.999181263549744
2015-03-27,-0.256763093837994,0.000777997612983083,0.999222002387014
2015-03-30,-0.672534664431403,0.000745366323209579,0.999254633676788
2015-03-31,-0.71432188333253,0.00073024599564142,0.999269754004356
2015-04-01,0.251057828646198,0.000630238003989929,0.999369761996008
2015-04-02,0.97958458213569,0.000609238935543673,0.999390761064454
2015-04-03,1.06111496918011,0.000674648021512202,0.999325351978486
2015-04-06,0.163651277545779,0.000650323815472485,0.999349676184525
2015-04-07,-1.44572012045194,0.000771640884047809,0.99922835911595
2015-04-08,-0.295366653723324,0.000814055754110147,0.999185944245888
2015-04-09,-1.36816318148075,0.00102130606771628,0.998978693932282
2015-04-10,-0.686447756385735,0.00124606251906951,0.998753937480928
2015-04-13,-0.151085958863035,0.00135179638575109,0.998648203614247
2015-04-14,0.846904469132788,0.00152843360705996,0.998471566392938
2015-04-15,-0.71469177634445,0.00173814871953187,0.998261851280466
2015-04-16,1.36847200734442,0.00226063805632059,0.997739361943677
2015-04-17,0.353127399758352,0.00265908465024729,0.997340915349751
2015-04-20,-0.15782391986899,0.00289247186441072,0.997107528135587
2015-04-21,-0.0464662431110336,0.00296489782314116,0.997035102176856
2015-04-22,-0.269930819644179,0.00291553010935298,0.997084469890645
2015-04-23,0.687351768023883,0.0028986836340588,0.997101316365939
2015-04-24,0.673465343537618,0.00290782245906461,0.997092177540933
2015-04-27,0.147004804128897,0.00277050095386628,0.997229499046131
2015-04-28,0.795578244108241,0.00271441273980926,0.997285587260188
2015-04-29,1.76052937843616,0.00295561200439756,0.997044387995599
2015-04-30,-0.107449867071504,0.00304428558219191,0.996955714417805
2015-05-01,0.286276810292599,0.00301722322448758,0.99698277677551
2015-05-04,-0.438695363133562,0.00291996472905496,0.997080035270942
2015-05-05,0.259868419912483,0.00269626001203902,0.997303739987958
2015-05-06,1.51874671948481,0.0027453187863239,0.997254681213673
2015-05-07,-0.547995007549599,0.00276228343030563,0.997237716569691
2015-05-08,-0.372935967664904,0.00269126854787709,0.99730873145212
2015-05-11,-0.88460568810363,0.00271431816037588,0.997285681839621
2015-05-12,0.87570928669212,0.00282813080560582,0.997171869194391
2015-05-13,1.16753493232083,0.00315313913647439,0.996846860863522
2015-05-14,-0.0351802993953832,0.00331467306309148,0.996685326936905
2015-05-15,0.526409357372714,0.00343505530068517,0.996564944699311
2015-05-18,-0.649637961999227,0.00356488801174445,0.996435111988252
2015-05-19,-1.80409247653096,0.00402629478760157,0.995973705212395
2015-05-20,-0.647775544468878,0.00450134171381076,0.995498658286186
2015-05-21,0.423328711456564,0.00487724211854485,0.995122757881452
2015-05-22,-0.83939298749325,0.00538016176585585,0.994619838234141
2015-05-26,-1.43322550079448,0.00638998062232946,0.993610019377667
2015-05-27,0.110273857894073,0.00712062572577319,0.992879374274223
2015-05-28,0.23851034148752,0.00764216477305199,0.992357835226944
2015-05-29,0.73033006744285,0.00824773321920042,0.991752266780796
2015-06-01,-0.739493030751583,0.00895467982146598,0.991045320178531
2015-06-02,1.96894261565008,0.0102901571328391,0.989709842867158
2015-06-03,1.38302449820456,0.0125286599188301,0.987471340081167
2015-06-04,-0.124135500955755,0.0142774122938275,0.985722587706169
2015-06-05,-1.45674858153884,0.017213519446046,0.982786480553951
2015-06-08,1.11012778389021,0.021324092759165,0.978675907240832
2015-06-09,0.461894585629468,0.0250897498681236,0.974910250131873
2015-06-10,0.203620981335829,0.0281507828834252,0.971849217116571
2015-06-11,-0.62990937111109,0.0312732444371132,0.968726755562883
2015-06-12,0.373101614299322,0.0339759648681189,0.966024035131878
2015-06-15,-0.106458491246801,0.0360656619849311,0.963934338015065
2015-06-16,-0.24884477825159,0.0377120991595773,0.962287900840419
2015-06-17,0.0533760354279115,0.0388790756261773,0.961120924373819
2015-06-18,1.412951800614,0.0411057595840844,0.958894240415912
2015-06-19,-0.606888709093338,0.0433476171375654,0.956652382862431
2015-06-22,0.378638236896338,0.0452545441391851,0.954745455860811
2015-06-23,-1.66611440046217,0.0486564715159332,0.951343528484063
2015-06-24,-0.107296147632753,0.051331037330477,0.94866896266952
2015-06-25,0.160901080570069,0.0534106266459094,0.946589373354087
2015-06-26,-0.357910188796452,0.0551378789529975,0.944862121046999
2015-06-29,0.214899796171074,0.0564142039615303,0.943585796038466
2015-06-30,-0.23282897595913,0.057290881564319,0.942709118435678
2015-07-01,-0.629555096662992,0.0582139052758754,0.941786094724121
2015-07-02,0.0541174361543591,0.0586844397905886,0.941315560209408
2015-07-06,-0.126319605356031,0.0587396017894542,0.941260398210542
2015-07-07,-1.12585173225677,0.0594672999717689,0.940532700028227
2015-07-08,1.0897310889166,0.0608985032940946,0.939101496705902
2015-07-09,-0.425397754240398,0.0620978081148618,0.937902191885135
2015-07-10,1.12740765732179,0.0641569944683405,0.935843005531656
2015-07-13,-1.17276941813592,0.0673859783923195,0.932614021607677
2015-07-14,-0.0453823470462179,0.0698684246640476,0.930131575335949
2015-07-15,-0.454959838445482,0.0721012489703048,0.927898751029691
2015-07-16,-0.61290957089449,0.0743837273250757,0.92561627267492
2015-07-17,-0.459855496286699,0.0764350359800366,0.92356496401996
2015-07-20,0.018434878842877,0.0778789733379242,0.922121026662072
2015-07-21,0.707171060213974,0.0795422299811046,0.920457770018892
2015-07-22,-0.394296966760838,0.0809087345903652,0.919091265409631
2015-07-23,0.841725006252944,0.0827569307845821,0.917243069215414
2015-07-24,0,0.0840043293631041,0.915995670636892
2015-07-27,1.23145344685132,0.0864036538311888,0.913596346168808
2015-07-28,-0.514279114263304,0.0886680421031427,0.911331957896854
2015-07-29,-0.262669414191767,0.0904178357441031,0.909582164255894
2015-07-30,-1.02097514034518,0.0931046700752592,0.906895329924737
2015-07-31,1.03911243975101,0.0969997866654306,0.903000213334566
2015-08-03,-0.600274653762562,0.100962678779125,0.899037321220872
2015-08-04,-0.0821355282315326,0.104026662612189,0.895973337387808
2015-08-05,-0.77906997775081,0.107663213281914,0.892336786718082
2015-08-06,0.495641216586067,0.111087706408232,0.888912293591764
2015-08-07,0.329067938626217,0.113952548720664,0.886047451279333
2015-08-10,0.327988632224457,0.116306112271277,0.88369388772872
2015-08-11,0.435651442338447,0.118374341367849,0.881625658632148
2015-08-12,1.40290070648485,0.122273064953514,0.877726935046483
2015-08-13,-0.483395444919685,0.125917302183024,0.874082697816973
2015-08-14,-0.305563282596596,0.128929820767054,0.871070179232942
2015-08-17,-0.28844440406265,0.131344398949129,0.868655601050867
2015-08-18,-0.452366644936179,0.133499607208048,0.866500392791949
2015-08-19,0.2987914758567,0.135143671402943,0.864856328597054
2015-08-20,1.24883703809317,0.138337224926306,0.86166277507369
2015-08-21,1.38324603096758,0.143855463170933,0.856144536829064
2015-08-24,1.95332335341243,0.152230373341275,0.847769626658721
2015-08-25,-1.47893082708648,0.165146930566078,0.834853069433918
2015-08-26,-0.175438641489347,0.175942020184053,0.824057979815944
2015-08-27,-1.33459049229609,0.191826967686394,0.808173032313603
2015-08-28,-0.597922445319965,0.207771901548814,0.792228098451182
2015-08-31,0.196727238623753,0.221214027859903,0.778785972140093
2015-09-01,0.614509659639175,0.234872113036477,0.765127886963519
2015-09-02,-0.186625248567626,0.246319036115457,0.753680963884539
2015-09-03,-1.23513608154346,0.262691153454851,0.737308846545146
2015-09-04,0.117006448702909,0.276271017854503,0.723728982145493
2015-09-08,0.582987435297582,0.289845487734924,0.710154512265072
2015-09-09,-0.152145731233235,0.301124338252859,0.698875661747137
2015-09-10,0.865034154030556,0.314594663208881,0.685405336791115
2015-09-11,0.672568906968504,0.328845482046916,0.67115451795308
2015-09-14,-0.273791294900378,0.34110011548254,0.658899884517456
2015-09-15,-0.416538024156384,0.352296221832927,0.647703778167069
2015-09-16,0.390002267068205,0.362379903012687,0.637620096987309
2015-09-17,0.0707463771990477,0.370546580257908,0.629453419742088
2015-09-18,0.405823230102384,0.377925611137747,0.622074388862249
2015-09-21,-1.36514840573786,0.389463692302559,0.610536307697437
2015-09-22,-0.635718665129192,0.401464538282834,0.598535461717162
2015-09-23,0.242228620659472,0.411628371797404,0.588371628202592
2015-09-24,0.820993367444551,0.423617988738117,0.576382011261879
2015-09-25,-0.534665326443041,0.435350178071378,0.564649821928619
2015-09-28,0.39236718788172,0.445943168843265,0.554056831156731
2015-09-29,0.0889600628012904,0.454531280870731,0.545468719129266
2015-09-30,-0.749735750376813,0.464302013387754,0.535697986612243
2015-10-01,0.339862593480695,0.472865837093741,0.527134162906256
2015-10-02,0.676279495081715,0.482145207049068,0.517854792950928
2015-10-05,-0.676279495081709,0.492196086134395,0.507803913865601
2015-10-06,0.587556217147337,0.502433447543632,0.497566552456364
2015-10-07,-0.151010466183337,0.510786661264613,0.489213338735383
2015-10-08,0.292929950709567,0.517902621432572,0.482097378567425
2015-10-09,0.715392761808776,0.525935617835402,0.474064382164594
2015-10-13,0.167069724506006,0.532432549947154,0.467567450052843
2015-10-14,0.482055361814741,0.538600062690908,0.461399937309088
2015-10-15,-0.166265625701229,0.543487457276441,0.456512542723556
2015-10-16,-0.509264424906212,0.548217344427135,0.451782655572861
2015-10-19,-0.352734051796841,0.552257778550877,0.447742221449119
2015-10-20,0.343930847424778,0.555639396233373,0.444360603766623
2015-10-21,-0.123326301747941,0.558024907784636,0.44197509221536
2015-10-22,-1.82348837326671,0.562803281748824,0.437196718251172
2015-10-23,-1.11934730727844,0.570120435090544,0.429879564909453
2015-10-26,0.317216018029156,0.576403272835845,0.423596727164151
2015-10-27,0.00904854545250312,0.581281284131186,0.418718715868811
2015-10-28,0.126593741474791,0.585020953628685,0.414979046371312
2015-10-29,-0.935137778351504,0.590313453296111,0.409686546703885
2015-10-30,0.718021716944991,0.596380922101858,0.403619077898138
2015-11-02,-0.145006369436111,0.601164247001374,0.398835752998622
2015-11-03,-0.728202744576549,0.606745072933498,0.393254927066498
2015-11-04,-0.779570142382738,0.613480542665923,0.386519457334073
2015-11-05,0.0736309283150844,0.618745211857648,0.381254788142348
2015-11-06,-1.13811082744202,0.626943706956406,0.37305629304359
2015-11-09,0.195230852695012,0.633636295910741,0.366363704089255
2015-11-10,-0.755142729800031,0.641504244950499,0.358495755049497
2015-11-12,0.764429936679247,0.650768370084555,0.349231629915441
2015-11-13,-0.428106749702599,0.659300313058333,0.340699686941664
2015-11-16,-0.130657974723993,0.666133813157547,0.333866186842449
2015-11-17,-0.693471057595939,0.673821729655964,0.326178270344032
2015-11-18,0.037608123797928,0.679845612117511,0.320154387882485
2015-11-19,1.01010959865039,0.688538115263823,0.311461884736173
2015-11-20,-0.80351735689312,0.69911871230678,0.300881287693217
2015-11-23,-0.54557561720842,0.709696431275549,0.290303568724447
2015-11-24,0.470500538607138,0.719738582762209,0.280261417237787
2015-11-25,-0.338537092177927,0.728522222748608,0.271477777251388
2015-11-27,-0.188572562008311,0.735667125182346,0.26433287481765
2015-11-30,-0.321391712508193,0.741803988389692,0.258196011610304
2015-12-01,0.547636152905149,0.747998520412918,0.252001479587078
2015-12-02,-0.443543406340345,0.753757998917973,0.246242001082023
2015-12-03,3.06426768916998,0.755692867094187,0.24430713290581
2015-12-04,-0.165243772108925,0.75698784360342,0.243012156396576
2015-12-07,-0.405082490949965,0.757974021750236,0.242025978249761
2015-12-08,0.331553075872397,0.758547267342309,0.241452732657687
2015-12-09,0.988114169544578,0.760020947644391,0.239979052355605
2015-12-10,-0.328287728723732,0.761062066556181,0.238937933443815
2015-12-11,0.492028327483385,0.76196079998148,0.238039200018516
2015-12-14,0.208834687964329,0.76230267240462,0.237697327595376
2015-12-15,-1.03939666599481,0.763653533053285,0.236346466946711
2015-12-16,0.238008168012695,0.764462023783702,0.235537976216294
2015-12-17,-1.22351004227194,0.766638157994857,0.233361842005139
2015-12-18,0.397210812771138,0.768466235959365,0.231533764040632
2015-12-21,0.670742625867863,0.770550305808513,0.229449694191484
2015-12-22,0.529729981093847,0.77256264798417,0.227437352015826
2015-12-23,-0.942669315294982,0.775550132302459,0.224449867697538
2015-12-24,0.732939607268201,0.779021724286441,0.220978275713556
2015-12-28,0.255264975877921,0.781821017715966,0.218178982284031
2015-12-29,-0.611901996011691,0.784759962086423,0.215240037913573
2015-12-30,-0.0366501744985702,0.786900650040629,0.213099349959367
2015-12-31,-0.48688718663428,0.788887324243934,0.211112675756063
2016-01-04,-0.517035589991552,0.790791854236173,0.209208145763824
2016-01-05,-0.556949365044255,0.792708663411946,0.207291336588051
2016-01-06,0.176703138282264,0.793996273370316,0.206003726629681
2016-01-07,0.906490343856148,0.796137512423669,0.203862487576328
2016-01-08,0.229938018072129,0.797688012435589,0.202311987564408
2016-01-11,-0.0643293685741708,0.798564632836839,0.201435367163158
2016-01-12,-0.37761960599108,0.799123222700333,0.200876777299664
2016-01-13,0.230425467179535,0.799162451933685,0.200837548066312
2016-01-14,0,0.798543511464823,0.201456488535174
2016-01-15,0.934671882788584,0.798802212593373,0.201197787406623
2016-01-19,-0.530408193666954,0.799042698037559,0.200957301962438
2016-01-20,0.0183368479472229,0.798622081453725,0.201377918546272
2016-01-21,-0.689943401991172,0.798548712998564,0.201451287001432
2016-01-22,-0.175544000361735,0.797882550876594,0.202117449123403
2016-01-25,0.166312521010611,0.796584072423645,0.203415927576352
2016-01-26,0.129163224894979,0.79456097290299,0.205439027097006
2016-01-27,0.193432566184569,0.791794109771184,0.208205890228813
2016-01-28,0.779141390543308,0.789785813350101,0.210214186649896
2016-01-29,-1.10173718162286,0.789186395057571,0.210813604942425
2016-02-01,0.51565491792458,0.788549137748471,0.211450862251526
2016-02-02,0.183519963417705,0.787275085838806,0.212724914161191
2016-02-03,1.30244566233031,0.787616551915603,0.212383448084394
2016-02-04,1.33035669939114,0.789613525767405,0.210386474232592
2016-02-05,-0.609048008946769,0.791786327306566,0.208213672693431
2016-02-08,0.349760457002063,0.793524987777354,0.206475012222643
2016-02-09,1.15711126371855,0.796914153054919,0.203085846945077
2016-02-10,-0.692658838951449,0.800796501044731,0.199203498955265
2016-02-11,1.2398316806155,0.807228078564892,0.192771921435104
2016-02-12,-1.12405484976428,0.816722688788051,0.183277311211945
2016-02-16,-0.849167113815437,0.828345377344961,0.171654622655036
2016-02-17,0,0.83773948260725,0.162260517392747
2016-02-18,-0.431810674560646,0.846433561430449,0.153566438569548
2016-02-19,0.315045942203189,0.853984407281277,0.14601559271872
2016-02-22,-0.984428812503882,0.864229097235146,0.135770902764851
2016-02-23,-0.018153762417101,0.872482393391592,0.127517606608405
2016-02-24,0.0453782283051218,0.879103633867559,0.120896366132438
2016-02-25,0.0453576458086805,0.884374876536333,0.115625123463664
2016-02-26,-0.856185210167032,0.891080862989037,0.10891913701096
2016-02-29,-0.587157650172026,0.897999921515317,0.102000078484679
2016-03-01,-0.193414750602084,0.903693411400821,0.0963065885991762
2016-03-02,-0.0184399779242714,0.908192750457191,0.0918072495428055
2016-03-03,0.945264689959491,0.914381437175261,0.0856185628247356
2016-03-04,0.564715955615584,0.920684354548335,0.0793156454516619
2016-03-07,-0.0545107672260384,0.925701716846302,0.0742982831536949
2016-03-08,0.217865009922217,0.929833880319694,0.0701661196803025
2016-03-09,-0.0544217700506695,0.933063544481922,0.0669364555180748
2016-03-10,1.26218769051982,0.938550936680769,0.0614490633192281
2016-03-11,0.161131536071132,0.943005533197385,0.0569944668026126
2016-03-14,-0.65509275419702,0.947909436911646,0.0520905630883518
2016-03-15,0.0450065267059537,0.951790271884298,0.048209728115699
2016-03-16,-0.333528952084329,0.955171159720154,0.0448288402798433
2016-03-17,2.15273375081213,0.95986427030149,0.0401357296985073
2016-03-18,-0.212314304807787,0.963781044309251,0.0362189556907458
2016-03-21,-0.283788767969861,0.967135356685622,0.032864643314375
2016-03-22,-0.284596421190816,0.970002465632646,0.0299975343673517
2016-03-23,-0.48210074626791,0.972759009582942,0.0272409904170551
2016-03-24,-0.0984913004361806,0.974960706628834,0.0250392933711634
2016-03-25,0.0089577641480502,0.976683298303863,0.0233167016961343
2016-03-28,0.411192140999274,0.978257841689287,0.0217421583107103
2016-03-29,-0.0535379686206408,0.979463108725815,0.0205368912741827
2016-03-30,1.11832176420528,0.981487448000792,0.018512551999205
2016-03-31,0.528170241917576,0.983516392407294,0.0164836075927031
2016-04-01,-0.04390779433878,0.985115636550242,0.0148843634497551
2016-04-04,0.00878310131872481,0.986358401218208,0.0136415987817892
2016-04-05,-0.105448164428232,0.987318628989007,0.0126813710109904
2016-04-06,0.491142892211148,0.988266936829641,0.0117330631703567
2016-04-07,-0.385694727782914,0.989118156525602,0.0108818434743953
2016-04-08,0.175500220545697,0.989771462095861,0.0102285379041372
2016-04-11,0.0525900616906499,0.99022838075064,0.00977161924935737
2016-04-12,-0.149077065360605,0.990527640293342,0.00947235970665563
2016-04-13,-1.00547680748642,0.991205241642258,0.00879475835773911
2016-04-14,-0.168566779035654,0.991713314863606,0.00828668513639086
2016-04-15,0.292592308753981,0.992116582670133,0.00788341732986412
2016-04-18,0.238758569450175,0.992404306381496,0.0075956936185015
2016-04-19,0.467022922254587,0.992689576646141,0.00731042335385639
2016-04-20,-0.396388979709909,0.992935814736778,0.00706418526321998
2016-04-21,-0.256285766190115,0.993086653000151,0.00691334699984618
2016-04-22,-0.550134484188386,0.993286039051619,0.00671396094837835
2016-04-25,0.310931712325318,0.993413909773289,0.00658609022670786
2016-04-26,0.389518906094869,0.993506812554848,0.00649318744514951
2016-04-27,0.0353356894136198,0.993467464018737,0.00653253598126076
2016-04-28,0.0264935754629498,0.993290948364113,0.00670905163588424
2016-04-29,1.0190723349709,0.993440058748228,0.00655994125176926
2016-05-02,0.653397803112258,0.993704077519224,0.00629592248077348
2016-05-03,-0.0694927060627909,0.993831860112566,0.00616813988743133
2016-05-04,-0.191354324719664,0.993852153879574,0.00614784612042309
2016-05-05,-0.716473139167922,0.994024412794202,0.00597558720579497
2016-05-06,0.148959501804424,0.994078713952242,0.00592128604775505
2016-05-09,-0.166498745907964,0.994020663159276,0.00597933684072163
2016-05-10,-0.140424808050005,0.993839558717944,0.00616044128205348
2016-05-11,0.508104465897379,0.993690785287559,0.00630921471243786
2016-05-12,-0.560814648967913,0.993606976809537,0.0063930231904599
2016-05-13,-0.758581744753987,0.993713452791443,0.00628654720855427
2016-05-16,0.300592570071916,0.993744496399318,0.00625550360067878
2016-05-17,0.0794176084097589,0.993637428257849,0.00636257174214858
2016-05-18,-0.539513978359548,0.993584326436991,0.00641567356300674
2016-05-19,-0.55135755503853,0.993592953081441,0.00640704691855617
2016-05-20,-0.0624414631589735,0.993455772871044,0.00654422712895301
2016-05-23,-0.133934570671098,0.993172899486576,0.00682710051342114
2016-05-24,-0.420827052534779,0.992868010810962,0.0071319891890357
2016-05-25,0.0807211129529733,0.992374954099434,0.00762504590056278
2016-05-26,0.268600752409253,0.991736065851569,0.00826393414842762
2016-05-27,-0.394195099231647,0.991032468532202,0.00896753146779554
2016-05-31,-0.0448933789807179,0.990024400973214,0.00997559902678308
2016-06-01,0.269058458279027,0.988769573095851,0.0112304269041459
2016-06-02,-0.0716781681078685,0.98703907183145,0.0129609281685476
2016-06-03,1.53869714288724,0.986511704857204,0.0134882951427934
2016-06-06,0.211602970861951,0.985753970301849,0.0142460296981485
2016-06-07,-0.0352360821122759,0.98463775613648,0.0153622438635166
2016-06-08,0.439561147303791,0.983467403756409,0.0165325962435875
2016-06-09,-0.624754550909812,0.982535952444474,0.0174640475555231
2016-06-10,-0.424591526856823,0.981534313708314,0.0184656862916828
2016-06-13,0.00886406950011301,0.980071509450497,0.0199284905494996
2016-06-14,-0.675918617469159,0.978990565437578,0.021009434562419
2016-06-15,0.294052339303709,0.977629460012324,0.0223705399876725
2016-06-16,-0.723314311279343,0.97673166475971,0.0232683352402868
2016-06-17,0.874459038875146,0.976441024566281,0.0235589754337156
2016-06-20,0.549305890824407,0.976252894182518,0.0237471058174783
2016-06-21,-0.496015188790516,0.976096698168522,0.0239033018314747
2016-06-22,0.212879271452153,0.975668408850291,0.0243315911497046
2016-06-23,0.767910565535914,0.975663508714757,0.0243364912852386
2016-06-24,-2.1957413549206,0.976364771657765,0.0236352283422312
2016-06-27,-0.920999738179866,0.977692996634204,0.0223070033657921
2016-06-28,0.271763913976831,0.978733497262392,0.0212665027376043
2016-06-29,0.56831148404067,0.979873269834996,0.0201267301650005
2016-06-30,-0.767532776047717,0.981460393862485,0.0185396061375111
2016-07-01,1.01908263468315,0.984164531878211,0.0158354681217854
2016-07-05,-0.584928551869441,0.987060829501136,0.0129391704988602
2016-07-06,-0.027079478434219,0.989261250077254,0.0107387499227424
2016-07-07,-0.108391303178267,0.990946247751654,0.00905375224834266
2016-07-08,-0.244310848570355,0.992309119866386,0.00769088013361031
2016-07-11,0.0633971854771002,0.993327094535036,0.00667290546496054
2016-07-12,0.262218152869479,0.994150755327871,0.0058492446721254
2016-07-13,0.342558705126723,0.994861517075809,0.00513848292418743
2016-07-14,-0.0270014852457276,0.995366982524498,0.0046330174754987
2016-07-15,-0.451101450636229,0.995862487715489,0.00413751228450784
2016-07-18,0.153602921549237,0.996216809544604,0.00378319045539251
2016-07-19,-0.561341446842561,0.99663692847586,0.00336307152413649
2016-07-20,-0.0635756799035012,0.996921486904316,0.00307851309568103
2016-07-21,0.0817327385099011,0.997094656236241,0.0029053437637554
2016-07-22,-0.43668191663404,0.997268973446347,0.00273102655364986
2016-07-25,0.109349382137129,0.997350917585763,0.0026490824142334
2016-07-26,0.0364232384285249,0.997340035772077,0.00265996422792035
2016-07-27,0.0364099767357385,0.997234000020459,0.00276599997953785
2016-07-28,0.960065340001539,0.997378124266908,0.00262187573308882
2016-07-29,0.664812438697383,0.99763759203646,0.00236240796353734
2016-08-01,0.0716075934643867,0.997797315333346,0.00220268466665083
2016-08-02,0.437481167365739,0.997963195836035,0.0020368041639618
2016-08-03,-0.491182054720872,0.998158348349166,0.0018416516508309
2016-08-04,-0.322812331979334,0.998320147487057,0.00167985251293923
2016-08-05,-0.486180844217817,0.998510193214393,0.00148980678560383
2016-08-08,-0.0180521708225818,0.998623867289909,0.00137613271008802
2016-08-09,0.28844440406265,0.998707352400752,0.0012926475992449
2016-08-10,0.547553093717273,0.998842769857659,0.00115723014233764
2016-08-11,-0.0268588568694586,0.998916540841957,0.00108345915803994
2016-08-12,0.0358102062913586,0.998935705834811,0.00106429416518548
2016-08-15,0.241384051762604,0.998924478323454,0.00107552167654281
2016-08-16,0.69407646495942,0.999014189650805,0.000985810349191795
2016-08-17,-0.124223618459106,0.999056342872238,0.000943657127758712
2016-08-18,0.628404068186792,0.999176808270311,0.000823191729685619
2016-08-19,-0.0706090055814224,0.999248173952804,0.000751826047192701
2016-08-22,-0.106007077064935,0.999279616563988,0.000720383436008685
2016-08-23,-0.0530457089620036,0.999270659056681,0.000729340943315855
2016-08-24,-0.460912001925608,0.999288738341047,0.000711261658949566
2016-08-25,0.159786984729546,0.999274288953173,0.000725711046823855
2016-08-26,-0.328728473361797,0.999254963051238,0.000745036948759046
2016-08-29,-0.490656232131159,0.999271781450436,0.000728218549561254
2016-08-30,-0.286584469832587,0.999274692006287,0.000725307993710635
2016-08-31,-0.0358808758783122,0.999233090947621,0.000766909052376269
2016-09-01,0.429723132182322,0.999211350491256,0.000788649508741515
2016-09-02,-0.322119104583125,0.999181151436992,0.000818848563005205
2016-09-06,0.705517550242879,0.999259892263091,0.000740107736906471
2016-09-07,0.00889877642410967,0.999289495128529,0.000710504871468573
2016-09-08,0.160042712208142,0.999283319715727,0.00071668028427071
2016-09-09,-0.37383221106071,0.999283222124588,0.000716777875409727
2016-09-12,0.142577104887097,0.99924376886104,0.000756231138957893
2016-09-13,0.106799582953153,0.999155716711596,0.000844283288402199
2016-09-14,0.257629068005825,0.999036393517673,0.000963606482324736
2016-09-15,-0.222054538993156,0.998868146412602,0.00113185358739609
2016-09-16,-0.767655291684499,0.998865837609664,0.00113416239033366
2016-09-19,0.170106133502367,0.998808202827036,0.00119179717296233
2016-09-20,-0.0626370205258326,0.998672637404573,0.00132736259542495
2016-09-21,-0.0626762790809116,0.998438391781559,0.00156160821843891
2016-09-22,0.571583229828042,0.998301591360699,0.00169840863929856
2016-09-23,-0.0534473556282733,0.998049772339665,0.00195022766033336
2016-09-26,0.417908401756598,0.997806597682199,0.00219340231779877
2016-09-27,-0.5516519016979,0.997659874672844,0.00234012532715442
2016-09-28,-0.0714030733656952,0.997374859495055,0.00262514050494325
2016-09-29,0.392087474323644,0.99707692955267,0.00292307044732772
2016-09-30,-0.0533760354279075,0.996579656469591,0.00342034353040704
2016-10-03,-0.249465560593783,0.995914737789031,0.00408526221096767
2016-10-04,0.0178396218473289,0.994880226531176,0.00511977346882167
2016-10-05,-0.142806164933482,0.993372533984995,0.00662746601500357
2016-10-06,-0.33998422298705,0.991618187609408,0.00838181239058994
2016-10-07,-0.0179259658094075,0.9889276334363,0.011072366563698
2016-10-11,-0.846165819275612,0.987726412622304,0.0122735873776937
2016-10-12,-0.43486207321966,0.986530869545577,0.0134691304544211
2016-10-13,0.217667417701974,0.984843772072764,0.015156227927234
2016-10-14,-0.481315918073591,0.983306762116662,0.0166932378833363
2016-10-17,0.136456696179717,0.980983823756105,0.0190161762438925
2016-10-18,-0.0272764469573286,0.977364489629128,0.0226355103708696
2016-10-19,-0.282293134694059,0.972758825583849,0.0272411744161493
2016-10-20,-0.292237650904927,0.966977355109684,0.0330226448903143
2016-10-21,-0.623855234347618,0.962955857382123,0.0370441426178745
2016-10-24,0.202261721983354,0.957296045373633,0.0427039546263648
2016-10-25,0.0183671595704168,0.948469208007825,0.0515307919921733
2016-10-26,0.238466590122279,0.936577698014481,0.0634223019855171
2016-10-27,-0.10999084518604,0.918574025766269,0.0814259742337291
2016-10-28,0.274750607857588,0.895383962521686,0.104616037478312
2016-10-31,0.255754615111719,0.864726366580086,0.135273633419912
2016-11-01,0.727143723792832,0.847699253809455,0.152300746190544
2016-11-02,0.694917285925931,0.837571135326074,0.162428864673924
2016-11-03,-0.225093508806947,0.823585588448269,0.176414411551729
2016-11-04,0.243079120366221,0.804722722194156,0.195277277805842
2016-11-07,-0.749134781939559,0.794706009208495,0.205293990791503
2016-11-08,-0.0362450167070415,0.778869522279466,0.221130477720532
2016-11-09,-0.745932686409129,0.770437647254428,0.22956235274557
2016-11-10,-0.641203992241411,0.764977714385444,0.235022285614554
2016-11-14,-1.4719080825725,0.765530624203929,0.234469375796069
2016-11-15,0.0279733322724758,0.764699293618263,0.235300706381735
2016-11-16,-0.25204214042639,0.762884697424537,0.237115302575462
2016-11-17,-0.402716535843618,0.760791079191342,0.239208920808656
2016-11-18,-0.526911268001188,0.759214394733472,0.240785605266526
2016-11-21,-0.0283058925322457,0.755888492600539,0.244111507399459
2016-11-22,0.197973196878073,0.750769044508572,0.249230955491426
2016-11-23,-0.547739588336434,0.746677242488094,0.253322757511904
2016-11-25,0.330891344214707,0.741566687266742,0.258433312733257
2016-11-28,-0.179490861093199,0.733912716354804,0.266087283645194
2016-11-29,0.471654491942095,0.726659199335646,0.273340800664353
2016-11-30,-0.452745538496327,0.719533701901416,0.280466298098583
2016-12-01,0.528004243835832,0.713530207146679,0.28646979285332
2016-12-02,0.300469709626385,0.70582377615956,0.294176223840439
2016-12-05,0.532985505959812,0.699399581058568,0.30060041894143
2016-12-06,-0.0559701507148512,0.68909417692814,0.310905823071859
2016-12-07,0.381839812019092,0.677639423252613,0.322360576747385
2016-12-08,-1.24399490405704,0.675433420857372,0.324566579142627
2016-12-09,-0.79372995374283,0.675556034613818,0.324443965386181
2016-12-12,0.614746344188611,0.676710426913052,0.323289573086947
2016-12-13,0.273056993726223,0.676914080177419,0.323085919822579
2016-12-14,0.197266514583294,0.675883663624877,0.324116336375121
2016-12-15,-2.67240476812713,0.67678040009117,0.323219599908829
2016-12-16,0.777691020515872,0.679106445769968,0.32089355423003
2016-12-19,-0.11483254850385,0.680128580677578,0.31987141932242
2016-12-20,-0.518384572574649,0.68124237862679,0.318757621373208
2016-12-21,0.336296257372916,0.681695111616953,0.318304888383045
2016-12-22,0.258657997350082,0.681253104505858,0.31874689549414
2016-12-23,-0.0287067606392248,0.679469172936461,0.320530827063537
2016-12-27,0.0860955713965214,0.676161756756638,0.32383824324336
2016-12-28,-0.661968167754445,0.673905042206899,0.3260949577931
2016-12-29,0.929348006194655,0.673897011997891,0.326102988002108
2016-12-30,0.627438126467229,0.674523302285962,0.325476697714036
2017-01-03,-1.29723299487999,0.67924848189104,0.320751518108959
2017-01-04,0.574384117925209,0.684492344193918,0.31550765580608
2017-01-05,1.15783774251048,0.696433583463139,0.303566416536859
2017-01-06,-0.359202579245495,0.706587600153248,0.293412399846751
2017-01-09,0.151400483121501,0.713952382600967,0.286047617399031
2017-01-10,-0.037828636728782,0.718975623179846,0.281024376820152
2017-01-11,-0.673850601818639,0.725386122092482,0.274613877907516
2017-01-12,1.55906214545541,0.742697094040461,0.257302905959538
2017-01-13,-0.385139736792989,0.757848029808537,0.242151970191461
2017-01-17,0.656662772388834,0.775636321273464,0.224363678726535
2017-01-18,-0.12162606167903,0.788757803497236,0.211242196502762
2017-01-19,-0.487988956372205,0.801519068908005,0.198480931091994
2017-01-23,1.02948967268623,0.824404836858612,0.175595163141386
2017-01-24,0.0837637910207696,0.841200739115072,0.158799260884926
2017-01-25,-0.0558347306521064,0.853402953847931,0.146597046152068
2017-01-26,-0.681831437074341,0.868282436271421,0.131717563728578
2017-01-27,0.187265972329183,0.879568493414771,0.120431506585228
2017-01-30,-0.0842262929395334,0.887750183752756,0.112249816247242
2017-01-31,1.05239620888926,0.903109116844292,0.0968908831557063
2017-02-01,-0.33407603454001,0.916021600179489,0.0839783998205091
2017-02-02,0.408163831964846,0.927637121145696,0.0723628788543021
2017-02-03,-0.0926183265244738,0.936117910062895,0.0638820899371033
2017-02-06,-0.56683699604644,0.945230105855386,0.0547698941446117
2017-02-07,-0.382802390803648,0.953242517344507,0.0467574826554908
2017-02-08,0.16824006211522,0.959234827046957,0.0407651729530416
2017-02-09,-0.468034178351551,0.965013288598169,0.0349867114018295
2017-02-10,-0.0750891719156491,0.969164912648935,0.0308350873510627
2017-02-13,-0.442291221177287,0.973068072606297,0.0269319273937015
2017-02-14,-0.24551475977453,0.976098394586775,0.0239016054132233
2017-02-15,0.188910984678307,0.978342276495484,0.0216577235045146
2017-02-16,0.592747654499958,0.980936570833129,0.0190634291668693
2017-02-17,-0.432453433199542,0.983362447617298,0.0166375523826997
2017-02-21,-0.595324224574813,0.986168636414334,0.0138313635856638
2017-02-22,0.0379039140328915,0.988143196520382,0.0118568034796162
2017-02-23,0.293269213551167,0.989732553512621,0.0102674464873765
2017-02-24,-0.0566947005642427,0.99082335600757,0.00917664399242761
2017-02-27,0.415016630392471,0.991831574533569,0.00816842546642926
2017-02-28,-0.0564918572598219,0.992492493395663,0.00750750660433492
2017-03-01,-0.5098679726594,0.993214710854323,0.00678528914567501
2017-03-02,-0.474429203762958,0.993954801269712,0.00604519873028591
2017-03-03,0.360771301775716,0.994591155337394,0.00540884466260392
2017-03-06,0.321695802078247,0.995105991214472,0.00489400878552622
2017-03-07,-0.0377928953855788,0.995406384936323,0.00459361506367482
2017-03-08,-0.33129851874629,0.995632111101686,0.0043678888983123
2017-03-09,0.369091414131869,0.995812943849363,0.00418705615063492
2017-03-10,0.762249020754997,0.996269094085086,0.00373090591491199
2017-03-13,0.0281201670316162,0.996537203827975,0.00346279617202347
2017-03-14,-0.234576696821912,0.996698355689474,0.00330164431052353
2017-03-15,-0.141010599158633,0.996734881208766,0.00326511879123169
2017-03-16,1.01086596465214,0.997192165532687,0.00280783446731084
2017-03-17,0.0372439482889911,0.997477301431531,0.00252269856846693
2017-03-20,0.111648690421864,0.997635752028891,0.00236424797110679
2017-03-21,0.519385326363066,0.997852226840994,0.00214777315900428
2017-03-22,-0.092549752094281,0.997956612087594,0.00204338791240328
2017-03-23,-0.120442873688212,0.997965348251861,0.00203465174813594
2017-03-24,0.175983002858211,0.997890126328535,0.0021098736714621
2017-03-27,0.700851264185956,0.997974221810623,0.00202577818937465
2017-03-28,-0.276065326704834,0.998003860407206,0.00199613959279113
2017-03-29,-0.888565639006707,0.998312184413632,0.00168781558636561
2017-03-30,-0.279303784588465,0.998552537170939,0.00144746282905867
2017-03-31,-0.261389245167498,0.998731846801528,0.00126815319846915
2017-04-03,-0.402754255847806,0.998912180463373,0.00108781953662437
2017-04-04,0.0844317325827164,0.999013610656361,0.000986389343635947
2017-04-05,-0.0281359908069396,0.999046217407312,0.000953782592685116
2017-04-06,-0.0938438507309493,0.999018203884974,0.000981796115022868
2017-04-07,-0.329148743112207,0.998976058659567,0.00102394134042991
2017-04-10,-0.0942418314968243,0.998864438345982,0.00113556165401517
2017-04-11,0.0754005690764875,0.998663602844226,0.00133639715577108
2017-04-12,-0.0282685514249898,0.998336319510931,0.00166368048906641
2017-04-13,0.178899346240326,0.997867704700304,0.00213229529969308
2017-04-14,-0.0470477543376012,0.997148427389969,0.00285157261002797
2017-04-17,0.328870392721802,0.996299501524301,0.00370049847569651
2017-04-18,0.430591323349089,0.995450889518306,0.00454911048169137
2017-04-19,0.00934012049433351,0.99413140656508,0.0058685934349173
2017-04-20,0.475193067491797,0.992906625551292,0.00709337444870504
2017-04-21,-0.596682732451116,0.992032165619358,0.00796783438063904
2017-04-24,1.41135118923291,0.992236286083234,0.00776371391676347
2017-04-25,0.872085207578395,0.99302453063118,0.00697546936881769
2017-04-26,-0.632652364581036,0.994141804770255,0.00585819522974202
2017-04-27,-0.0736106032502205,0.994871854606871,0.00512814539312651
2017-04-28,0.284939758024288,0.995432495368296,0.00456750463170137
2017-05-01,0.15591327045231,0.995780831162348,0.00421916883764938
2017-05-02,-0.0183301256126779,0.995930781620831,0.00406921837916606
2017-05-03,0.0916170471779582,0.9959139197727,0.00408608022729736
2017-05-04,0.429479346131282,0.995906377254254,0.00409362274574281
2017-05-05,0.264080652492744,0.995797141187946,0.00420285881205109
2017-05-08,-0.62032674745649,0.995859653304933,0.00414034669506429
2017-05-09,-0.486172585368652,0.995977378700808,0.00402262129918962
2017-05-10,-0.0183924959135374,0.995918290810741,0.0040817091892557
2017-05-11,-0.0367951434562454,0.995671441352977,0.00432855864702056
2017-05-12,0.523056939247616,0.995520682623389,0.00447931737660787
2017-05-15,0.483908727906943,0.995428502400534,0.00457149759946322
2017-05-16,0.843504162271821,0.995736066386304,0.00426393361369356
2017-05-17,0.558409088600219,0.996181625885244,0.00381837411475364
2017-05-18,-0.0359324473862467,0.996414151438579,0.00358584856141742
2017-05-19,0.53763570363805,0.996753308486611,0.00324669151338567
2017-05-22,0.410238691816339,0.997084602910295,0.00291539708970256
2017-05-23,-0.33877183152957,0.997357424755331,0.002642575244667
2017-05-24,-0.205605042706894,0.997512376582358,0.00248762341763942
2017-05-25,0.384049058651256,0.99765391742858,0.00234608257141763
2017-05-26,-0.42880180050358,0.9978119245523,0.00218807544769784
2017-05-30,0.116315496494209,0.997849520701808,0.00215047929818976
2017-05-31,0.47281411959459,0.997933450505918,0.00206654949407925
2017-06-01,-0.19599115405164,0.997925552097883,0.00207444790211413
2017-06-02,0.498133035020416,0.997980784207472,0.00201921579252518
2017-06-05,-0.177619940125578,0.997939598786246,0.00206040121375129
2017-06-06,0.142121182209308,0.997784839571141,0.00221516042885654
2017-06-07,-0.266643123052507,0.997548803406712,0.00245119659328513
2017-06-08,-0.169242457891088,0.997158069604531,0.00284193039546708
2017-06-09,-0.240996233925238,0.996609457203067,0.00339054279693091
2017-06-12,0.125033507402821,0.995750227047898,0.00424977295209975
2017-06-13,-0.0892936928694327,0.994400061590932,0.00559993840906519
2017-06-14,0.738733278098272,0.993755544212556,0.00624445578744136
2017-06-15,-1.11463992319826,0.993954582343751,0.00604541765624668
2017-06-16,0.375906645099967,0.994110775850708,0.0058892241492898
2017-06-19,-0.304196351600281,0.994162746384177,0.0058372536158206
2017-06-20,-0.323102058144653,0.994128900487672,0.00587109951232547
2017-06-21,0.170656169319855,0.993895596111112,0.00610440388888494
2017-06-22,0.0448611554784929,0.993372751635217,0.00662724836478008
2017-06-23,0.429646203350533,0.992865319504145,0.00713468049585243
2017-06-26,0,0.991949619303244,0.00805038069675303
2017-06-27,0.924615406508783,0.991860660096163,0.00813933990383398
2017-06-28,0.564773827364688,0.991961157358099,0.00803884264189747
2017-06-29,0.491574023592252,0.992153591755726,0.00784640824427048
2017-06-30,-0.0788401775321445,0.992073639116416,0.00792636088358072
2017-07-03,-0.386338174796917,0.991956874680409,0.00804312531958732
2017-07-05,-0.27309183161942,0.991677156944621,0.0083228430553758
2017-07-06,0.641901522585298,0.99170984635425,0.00829015364574731
2017-07-07,-0.114010097857051,0.991469025038122,0.00853097496187463
2017-07-10,0,0.990876605637249,0.00912339436274737
2017-07-11,0.297906117105747,0.990078820932997,0.00992117906699944
2017-07-12,-0.166367535417671,0.98881407013307,0.0111859298669268
2017-07-13,-0.228110293683958,0.987018711487957,0.0129812885120402
2017-07-14,0.586768772016562,0.985783455933252,0.0142165440667445
2017-07-17,0.15705439054108,0.983852653369346,0.0161473466306508
2017-07-18,0.937181451553342,0.983429038805861,0.0165709611941353
2017-07-19,-0.51957165723323,0.983196240870876,0.0168037591291207
2017-07-20,1.00208164040891,0.984145759893672,0.0158542401063252
2017-07-21,0.180342699915073,0.984676081891011,0.0153239181089858
2017-07-24,-0.111602363817678,0.984806407250827,0.01519359274917
2017-07-25,0.120182004335995,0.984561806271559,0.0154381937284377
2017-07-26,-0.206114810174015,0.983980571167986,0.0160194288320103
2017-07-27,0.20611481017401,0.982990141990551,0.0170098580094457
2017-07-28,0.837253929755497,0.982933643792903,0.0170663562070934
2017-07-31,0.610688920817948,0.983239840721323,0.0167601592786735
2017-08-01,-0.228571528085606,0.983246358775404,0.0167536412245925
2017-08-02,0.524092492935663,0.983440373045113,0.0165596269548835
2017-08-03,0.160060688736022,0.983270009041643,0.0167299909583532
2017-08-04,-1.06627057440401,0.98443969627209,0.0155603037279067
2017-08-07,0.288845668498961,0.985295906328893,0.0147040936711033
2017-08-08,-0.544404202680223,0.986427256338284,0.0135727436617123
2017-08-09,0.204499048772765,0.987144620478997,0.0128553795209999
2017-08-10,0.0255330015430229,0.987432601533611,0.0125673984663857
2017-08-11,0.509295727790631,0.987866355781024,0.012133644218972
2017-08-14,-0.211891421398853,0.988020154592093,0.0119798454079034
2017-08-15,-0.425134557504107,0.988178449606278,0.0118215503937181
2017-08-16,-0.281582164805156,0.988147417252052,0.0118525827479444
2017-08-17,0.28158216480516,0.9879246788323,0.0120753211676964
2017-08-18,0.102197249569319,0.98731444641888,0.0126855535811169
2017-08-21,0.560225554866975,0.98697512342547,0.0130248765745262
2017-08-22,-0.441127284727933,0.986671761133438,0.0133282388665586
2017-08-23,0.339501259721277,0.98623187276188,0.0137681272381161
2017-08-24,-0.00847349913653551,0.985282786830772,0.014717213169225
2017-08-25,0.616686220487203,0.984797395783182,0.0152026042168145
2017-08-28,0.830297888622293,0.985118924354099,0.0148810756458975
2017-08-29,0.433370125711835,0.985457984403332,0.0145420155966642
2017-08-30,-0.818307839529273,0.9867368797282,0.0132631202717963
2017-08-31,-0.277066631213013,0.987671963451019,0.0123280365489779
2017-09-01,-0.134612169073349,0.988174723826978,0.0118252761730181
2017-09-05,0.277439330509537,0.988460225821413,0.0115397741785834
2017-09-06,0.26829897875258,0.988537529699185,0.0114624703008117
2017-09-07,0.709193243999293,0.989135629097222,0.0108643709027746
2017-09-08,0.108022778379912,0.989367371935431,0.0106326280645656
2017-09-11,-0.641535214238036,0.98999656724974,0.0100034327502562
2017-09-12,0.033428046441989,0.990241177450541,0.00975882254945576
2017-09-13,-0.586610246640762,0.990767948172225,0.00923205182777119
2017-09-14,-0.100908182124495,0.990958206238169,0.00904179376182773
2017-09-15,0.612289604220133,0.991464522826771,0.00853547717322503
2017-09-18,-0.175754324021229,0.991689479799997,0.00831052019999912
2017-09-19,0.351200294084512,0.991832565973378,0.00816743402661857
2017-09-20,0.15013765435981,0.991713560151042,0.00828643984895434
2017-09-21,-0.434347492078703,0.991624785545429,0.00837521445456722
2017-09-22,0.192347958111906,0.991286160523465,0.00871383947653179
2017-09-25,-0.982334417991469,0.991815567913981,0.00818443208601624
2017-09-26,-0.677279934009244,0.992872441477043,0.00712755852295403
2017-09-27,-0.212594152947738,0.99358223430512,0.00641776569487654
2017-09-28,0.246567314477138,0.994059125518435,0.0059408744815611
2017-09-29,0.313705797986239,0.994410822753691,0.00558917724630553
2017-10-02,-0.577300185550666,0.99500135971231,0.00499864028768633
2017-10-03,0.119128673040241,0.995314809897566,0.00468519010242996
2017-10-04,0.00850376292020649,0.995386589153546,0.0046134108464501
2017-10-05,-0.460241160145159,0.995516273494789,0.00448372650520725
2017-10-06,0.22186202461754,0.995495873478122,0.004504126521874
2017-10-10,0.611830596548819,0.995703815061643,0.00429618493835326
2017-10-11,0.363621389192935,0.995871536708772,0.00412846329122394
2017-10-12,-0.0591041516762559,0.995828628463951,0.00417137153604517
2017-10-13,-0.0253410484103049,0.995558342897567,0.00444165710242907
2017-10-16,-0.22835887624856,0.995104829459576,0.00489517054042056
2017-10-17,-0.475302201881227,0.994746929071395,0.00525307092860156
2017-10-18,0.178503171202285,0.994122938559497,0.00587706144049974
2017-10-19,0.56738942071028,0.99376050327925,0.0062394967207467
2017-10-20,-0.609861283739891,0.993683558379593,0.00631644162040393
2017-10-23,-0.0679925234421187,0.993320337125534,0.006679662874462
2017-10-24,0.0340020404500173,0.992573125479997,0.00742687451999913
2017-10-25,0.305499219271255,0.991612590592998,0.00838740940699807
2017-10-26,-0.868016683126652,0.991529074303328,0.00847092569666871
2017-10-27,-1.03093696588612,0.992507403552602,0.00749259644739409
2017-10-30,0.396449713430971,0.993428310469788,0.00657168953020784
2017-10-31,0.189052217517123,0.994011262591546,0.00598873740845049
2017-11-01,-0.257887188398944,0.994395701564332,0.00560429843566399
2017-11-02,0.463719165014384,0.994852833596957,0.00514716640303935
2017-11-03,-0.480935313804426,0.99541079600933,0.004589203990666
2017-11-06,-0.137835997012138,0.995708478384514,0.00429152161548246
2017-11-07,-0.198472688872755,0.995829710409045,0.00417028959095118
2017-11-08,0.120856368301657,0.995753533581185,0.00424646641881148
2017-11-09,0.490555654772221,0.995772801489605,0.00422719851039118
2017-11-13,0.0686577438573552,0.995572584236545,0.00442741576345065
2017-11-14,0.922295179884481,0.995977709657513,0.00402229034248382
2017-11-15,0.254690688656396,0.996233406954629,0.00376659304536719
2017-11-16,-0.186709720708598,0.996321662973171,0.00367833702682582
2017-11-17,0.229095174655576,0.996278910536347,0.00372108946364935
2017-11-20,-0.492779246970741,0.996329902918624,0.00367009708137206
2017-11-21,0,0.996172931192306,0.00382706880769036
2017-11-22,0.407990366191563,0.996026854499197,0.00397314550079985
2017-11-24,1.23921501514145,0.9968255144536,0.00317448554639678
2017-11-27,-0.209670056264117,0.997372212047505,0.00262778795249111
2017-11-28,-0.277439330509552,0.997782271451704,0.00221772854829252
2017-11-29,-0.168520430849253,0.998026548197216,0.00197345180278032
2017-11-30,0.336757348053801,0.998228550714699,0.00177144928529786
2017-12-01,0.100806460149482,0.998297794003262,0.00170220599673463
2017-12-04,-0.521930640171111,0.998461776179955,0.00153822382004157
2017-12-05,-0.236606498754561,0.998547625882378,0.00145237411761852
2017-12-06,-0.271094710250378,0.998578717558112,0.00142128244188488
2017-12-07,0.0169649673831222,0.99849248102514,0.00150751897485652
2017-12-08,-0.246274168038021,0.998332623616774,0.00166737638322321
2017-12-11,0.348003576607759,0.998148364936535,0.00185163506346225
2017-12-12,-0.654569430263377,0.998171170603182,0.00182882939681541
2017-12-13,0.315068170542108,0.99815392406106,0.00184607593893676
2017-12-14,0.135938848461482,0.998012792098492,0.00198720790150463
2017-12-15,0,0.99769058726219,0.00230941273780739
2017-12-18,0.220507255831398,0.997203094664076,0.00279690533592088
2017-12-19,0.152374532148474,0.996418383139655,0.0035816168603416
2017-12-20,0.497828307397259,0.995807227328538,0.00419277267145934
2017-12-21,-0.0757799051125618,0.994749418763231,0.00525058123676567
2017-12-22,-0.278351999552556,0.99335767176523,0.00664232823476684
2017-12-26,0.236227225350304,0.991395032232063,0.00860496776793361
2017-12-27,0.294501453965812,0.988893169121997,0.0111068308780001
2017-12-28,0.419217516780126,0.986438861330147,0.0135611386698503
2017-12-29,0.583967622650866,0.984869884498309,0.0151301155016879
2018-01-02,0.232635531969379,0.982596555864972,0.017403444135025
2018-01-03,-0.166112995007649,0.979035040426991,0.0209649595730059
2018-01-04,0.282228127901267,0.974377453713646,0.0256225462863508
2018-01-05,-0.207443131271081,0.967515017582603,0.0324849824173937
2018-01-08,-0.54972652181828,0.96263238556257,0.037367614437427
2018-01-09,-0.42686819369718,0.957926995648677,0.0420730043513207
2018-01-10,0.301507766097797,0.95196958832613,0.0480304116738669
2018-01-11,0.641856077632273,0.948695840418916,0.0513041595810808
2018-01-12,0.786265172092346,0.947787956426814,0.0522120435731831
2018-01-16,0.935429812720714,0.949054081269851,0.0509459187301469
2018-01-17,-0.122584087593308,0.949458664631618,0.0505413353683791
2018-01-18,0.0735684833115939,0.949027993215301,0.0509720067846962
2018-01-19,0,0.947606506425121,0.0523934935748762
2018-01-22,-0.0653915341267712,0.944842543852751,0.0551574561472465
2018-01-23,0.383564349962176,0.941855137787883,0.0581448622121142
2018-01-24,0.916210244234818,0.94163432599543,0.0583656740045679
2018-01-25,0.787848757207981,0.943055384547807,0.0569446154521906
2018-01-26,-0.529908907601965,0.945048458862169,0.054951541137828
2018-01-29,-0.565110085469084,0.947956171319331,0.0520438286806668
2018-01-30,0.307170235863084,0.950189068102939,0.0498109318970589
2018-01-31,0.306229588974979,0.951858862335415,0.0481411376645832
2018-02-01,0.433561498105042,0.953587025515229,0.0464129744847692
2018-02-02,-0.288832036482518,0.954777576990792,0.0452224230092058
2018-02-05,-0.225225320432502,0.955343051684065,0.0446569483159328
2018-02-06,-0.298399350414659,0.955533610377623,0.0444663896223746
2018-02-07,-0.810968681030743,0.957433340060957,0.042566659939041
2018-02-08,-0.350748758789822,0.959008523144709,0.0409914768552884
2018-02-09,-0.0981033433815167,0.959695936123301,0.0403040638766972
2018-02-12,0.334789844408133,0.960119669494957,0.0398803305050408
2018-02-13,0.779541097417512,0.962122473250671,0.0378775267493268
2018-02-14,0.266569890071185,0.9634974334092,0.036502566590798
2018-02-15,0.691376658634944,0.966390183636946,0.0336098163630516
2018-02-16,-0.32097604190232,0.968709345540996,0.0312906544590018
2018-02-20,-0.758373945291524,0.973794617764749,0.0262053822352492
2018-02-21,-0.275728015089431,0.977636540451461,0.022363459548537
2018-02-22,0.0974026051032841,0.979982477880364,0.020017522119634
2018-02-23,-0.22742050087734,0.981581919025003,0.018418080974995
2018-02-26,-0.0162641294983174,0.982405991867145,0.0175940081328534
2018-02-27,-0.464643183609342,0.983373064948922,0.0166269350510766
2018-02-28,-0.229038954931657,0.983932571873391,0.0160674281266076
2018-03-01,0.0409383065446539,0.983991965948356,0.0160080340516428
2018-03-02,0.799025857268703,0.985057895263372,0.0149421047366269
2018-03-05,0.129849068723468,0.98558974316512,0.0144102568348791
2018-03-06,0.687010178387686,0.986922047975754,0.0130779520242449
2018-03-07,-0.145091110412015,0.987683018746519,0.01231698125348
2018-03-08,-0.671768136699135,0.989262094193086,0.0107379058069125
2018-03-09,0.0974026051032841,0.990173921831201,0.00982607816879763
2018-03-12,-0.0649245275199838,0.99060897108866,0.00939102891133902
2018-03-13,0.647356201487611,0.991591365455272,0.00840863454472745
2018-03-14,-0.290791804264614,0.992321379713161,0.00767862028683767
2018-03-15,-0.332212759455039,0.992908847344622,0.00709115265537652
2018-03-16,-0.333320092353477,0.993375287344399,0.00662471265560001
2018-03-19,0.398228816741948,0.993830852129949,0.0061691478700492
2018-03-20,-0.471545589200495,0.994400724260989,0.00559927573900984
2018-03-21,-0.0244508742405787,0.994635940202835,0.00536405979716398
2018-03-22,0.341769394435716,0.994803177665639,0.00519682233435998
2018-03-23,0.405351183318242,0.994981522566246,0.00501847743375278
2018-03-26,0.64516352814886,0.995534919898598,0.00446508010140057
2018-03-27,-0.241448809451746,0.995889340209868,0.00411065979013078
2018-03-28,-0.476556776063851,0.996353078893423,0.00364692110657529
2018-03-29,-0.438170126556719,0.996871781518851,0.00312821848114758
2018-03-30,0.18686279150635,0.997177950952101,0.00282204904789752
2018-04-02,-0.260078170005748,0.997366981248193,0.00263301875180602
2018-04-03,-0.219968315506629,0.997431725886034,0.00256827411396523
2018-04-04,0.252515101798833,0.997400056306559,0.00259994369343965
2018-04-05,-0.505669456915725,0.997481993470048,0.00251800652995072
2018-04-06,0.359125426782416,0.997545331510688,0.00245466848931069
2018-04-09,0.37407541384684,0.997603408028762,0.00239659197123652
2018-04-10,0.145997268207322,0.997514123034468,0.00248587696553136
2018-04-11,0.372138605992426,0.997418330144379,0.00258166985561938
2018-04-12,-0.518135874199752,0.997451849202339,0.00254815079765952
2018-04-13,0.0162324487005217,0.997299103361795,0.00270089663820362
2018-04-16,0.413039663945988,0.997177050670412,0.0028229493295863
2018-04-17,-0.226555643469595,0.996919650355095,0.00308034964490399
2018-04-18,0.283114445930729,0.996549450010161,0.00345054998983735
2018-04-19,-0.356045043547635,0.996136174738746,0.00386382526125299
2018-04-20,-0.438704091376629,0.9957945476047,0.0042054523952986
2018-04-23,-0.538820799087608,0.995659634475991,0.00434036552400719
2018-04-24,0.0818263690202171,0.995250091693014,0.00474990830698442
2018-04-25,-0.393378642015122,0.99484531958756,0.0051546804124386
2018-04-26,-0.535178915171712,0.994666385073904,0.00533361492609429
2018-04-27,-0.041286487519288,0.994155255204085,0.00584474479591419
2018-04-30,-0.281201078523784,0.993442749001751,0.00655725099824829
2018-05-01,-0.61477305862342,0.993176858115261,0.00682314188473779
2018-05-02,-0.267022855587881,0.992720732360375,0.0072792676396239
2018-05-03,0.0167098337760421,0.991763147236434,0.0082368527635656
2018-05-04,-0.200702525976745,0.990265450526895,0.00973454947310395
2018-05-07,-0.159175671358225,0.987837511948146,0.0121624880518531
2018-05-08,-0.538042491756592,0.986184058671926,0.0138159413280732
2018-05-09,-0.0927682967647326,0.983294688260322,0.0167053117396775
2018-05-10,0.37055794465351,0.980181504123864,0.0198184958761347
2018-05-11,0.461274772689009,0.977535862951283,0.0224641370487164
2018-05-14,0.208969023258324,0.973537094312266,0.0264629056877333
2018-05-15,-0.939604228169635,0.972859220992498,0.0271407790075007
2018-05-16,-0.64265399601825,0.972979728544392,0.0270202714556076
2018-05-17,0.0847960705435228,0.972450421399785,0.0275495786002142
2018-05-18,-0.195138567840205,0.971318604993991,0.0286813950060076
2018-05-21,-0.0594656603345029,0.96907405782044,0.0309259421795588
2018-05-22,0.127383143206722,0.965234052161944,0.0347659478380547
2018-05-23,-0.766744257302219,0.964001438350312,0.0359985616496865
2018-05-24,0.307403538118669,0.96233860831337,0.0376613916866291
2018-05-25,-0.538577920792211,0.961341229218434,0.0386587707815644
2018-05-29,-0.990661502490264,0.962619250777639,0.03738074922236
2018-05-30,0.973516195975905,0.968248709784297,0.0317512902157017
2018-05-31,0.0514271032162321,0.971573332611867,0.0284266673881317
2018-06-01,0.0770910997963682,0.973483383547435,0.0265166164525633
2018-06-04,0.145454571099436,0.974542565512738,0.0254574344872607
2018-06-05,-0.205409178693812,0.975059938987636,0.0249400610123632
2018-06-06,0.90405733018945,0.977793297595096,0.0222067024049031
2018-06-07,0.313652611649227,0.979968309430825,0.0200316905691739
2018-06-08,-0.356113654281145,0.981855093664595,0.0181449063354034
2018-06-11,0.246023453891714,0.983149103304451,0.016850896695548
2018-06-12,-0.0847673187996147,0.983776861608348,0.0162231383916512
2018-06-13,-0.0678656286651807,0.983885946761124,0.016114053238875
2018-06-14,-1.28108336717593,0.986887600724288,0.0131123992757112
2018-06-15,-0.154838740612949,0.988808699142641,0.0111913008573583
2018-06-18,-0.08612523140236,0.989933339410174,0.0100666605898253
2018-06-19,-0.250183454482524,0.990697321947919,0.00930267805207944
2018-06-20,0.129483379478987,0.991058657815128,0.00894134218487109
2018-06-21,0.0689893093937647,0.991063750274708,0.00893624972529158
2018-06-22,0.258286841825424,0.990866968514583,0.00913303148541587
2018-06-25,0.548792322290571,0.990918137374338,0.00908186262566083
2018-06-26,-0.162608619851778,0.990669348638357,0.00933065136164177
2018-06-27,-0.747972364785694,0.991040015939751,0.00895998406024812
2018-06-28,-0.0517911103506066,0.991047694973983,0.00895230502601586
2018-06-29,0.816892628997989,0.991854362039179,0.00814563796081988
2018-07-02,-0.627122883442014,0.993270215804314,0.00672978419568487
2018-07-03,0.421379133196851,0.994692919413308,0.00530708058669108
2018-07-05,0.376874107744365,0.995994302358704,0.00400569764129498
2018-07-06,0.349904346757272,0.997125518167014,0.00287448183298513
2018-07-09,0.0511029736017184,0.997795657268767,0.00220434273123218
2018-07-10,-0.136332672786416,0.998202379569902,0.00179762043009731
2018-07-11,-0.0511727090058345,0.998409683058672,0.00159031694132751
2018-07-12,-0.256257080523783,0.998536702961598,0.00146329703840084
2018-07-13,-0.214050340727951,0.998576992017019,0.00142300798298005
2018-07-16,0.367883376790606,0.99861566774658,0.00138433225341975
2018-07-17,-0.393600234332363,0.998669254224752,0.00133074577524686
2018-07-18,-0.163027192999799,0.998626334539528,0.00137366546047172
2018-07-19,-0.352703707714669,0.998573926682533,0.00142607331746601
2018-07-20,0.89225025704817,0.998933320839505,0.00106667916049427
2018-07-23,-0.0512601463595168,0.9991304102748,0.000869589725199106
2018-07-24,-0.153938284054966,0.999234697540062,0.000765302459936757
2018-07-25,-0.0599289431916858,0.999251811518749,0.00074818848125016
2018-07-26,-0.197162637269532,0.999212817648737,0.00078718235126175
2018-07-27,0.0514712201463718,0.999078549883264,0.000921450116734984
2018-07-30,0.496194020025057,0.999025455638734,0.000974544361264427
2018-07-31,-0.102459025356756,0.998868103140776,0.00113189685922306
2018-08-01,-0.342290253758332,0.998693749541192,0.00130625045880667
2018-08-02,-0.463958216906246,0.998589293851737,0.00141070614826136
2018-08-03,-0.12926021878173,0.998349581071577,0.00165041892842226
2018-08-06,-0.284961982046645,0.998028029076369,0.00197197092362976
2018-08-07,0.284961982046635,0.997601902815881,0.00239809718411802
2018-08-08,0.00862254796826126,0.996814528903729,0.00318547109627029
2018-08-09,-0.276290971822219,0.995773514822612,0.00422648517738708
2018-08-10,-1.45441274813851,0.996078205356078,0.00392179464392159
2018-08-13,-0.026321561897968,0.996140615328717,0.00385938467128162
2018-08-14,-0.395657086245951,0.996205590515416,0.00379440948458259
2018-08-15,-0.167526380493223,0.996090877512388,0.0039091224876112
2018-08-16,0.492958744752115,0.996087172390269,0.00391282760973005
2018-08-17,0.192999445819324,0.995911785399812,0.00408821460018717
2018-08-20,0.245098161914016,0.995580266079924,0.00441973392007523
2018-08-21,0.83580497000965,0.995810625150799,0.00418937484920009
2018-08-22,0.527477551427414,0.996210857631416,0.00378914236858275
2018-08-23,-0.241775439423048,0.996448302295476,0.0035516977045227
2018-08-24,0.500173516015553,0.996812184885619,0.00318781511437944
2018-08-27,0.437750151844823,0.997225269409864,0.00277473059013485
2018-08-28,0.376133115699815,0.997612988118162,0.00238701188183682
2018-08-29,-0.179341608340206,0.997828313023717,0.00217168697628184
2018-08-30,-0.454059465053619,0.998106587623405,0.00189341237659393
2018-08-31,-0.43025623555192,0.998424687803094,0.00157531219690454
2018-09-04,-0.259045132338242,0.99864646978202,0.00135353021797882
2018-09-05,0.465799168773857,0.998938821718381,0.00106117828161762
2018-09-06,0.0344174844216716,0.999085991109491,0.000914008890508039
2018-09-07,-0.448353915409316,0.999283933956683,0.000716066043316143
2018-09-10,0.276147914526893,0.999435990100137,0.000564009899862098
2018-09-11,-0.112093135254967,0.999511650049923,0.000488349950076402
2018-09-12,0.301503437255101,0.999574169264487,0.000425830735511619
2018-09-13,0.394884194132558,0.999659869273703,0.000340130726295975
2018-09-14,-0.137174232758088,0.999701250182891,0.000298749817108358
2018-09-17,0.265604405811643,0.999731373877343,0.000268626122655853
2018-09-18,0.0513259207161315,0.999722204192355,0.000277795807644619
2018-09-19,-0.0684404167360091,0.99967157571398,0.000328424286019448
2018-09-20,0.503650388133855,0.999685879538406,0.000314120461592989
2018-09-21,-0.0425839975774811,0.999653859109214,0.000346140890785333
2018-09-24,0.289214219967474,0.999614072726019,0.000385927273980673
2018-09-25,-0.0254852823874344,0.999509603459791,0.000490396540208374
2018-09-26,-0.102006129212226,0.999316592485721,0.000683407514278403
2018-09-27,-0.751241368159853,0.999358791228285,0.000641208771714945
2018-09-28,-0.41215926455509,0.999434467693162,0.000565532306838171
2018-10-01,-0.474363733964919,0.999576975192418,0.000423024807581559
2018-10-02,-0.0605353069033239,0.999645307429091,0.00035469257090849
2018-10-03,-0.303227436151905,0.999707559464469,0.000292440535530256
2018-10-04,-0.14761431934108,0.999732526168228,0.000267473831771049
2018-10-05,-0.05215123977392,0.999715837019632,0.000284162980367504
2018-10-09,-0.174034154611719,0.99966801255349,0.000331987446508834
2018-10-10,0.512532069282253,0.999693550146053,0.000306449853946517
2018-10-11,0.207738324513501,0.999693887179416,0.000306112820583217
2018-10-12,-0.0518941371272387,0.99964516631838,0.000354833681618732
2018-10-15,0.302336860541101,0.999591814345343,0.000408185654656072
2018-10-16,-0.00862552292767822,0.999462101371207,0.000537898628792098
2018-10-17,-0.45822066083109,0.999397245194095,0.000602754805904411
2018-10-18,-0.399410099440364,0.999364613100382,0.000635386899617431
2018-10-19,0.165167160597768,0.999263307812735,0.000736692187264205
2018-10-22,-0.400348663536005,0.999195743127847,0.000804256872152419
2018-10-23,0.113304583525301,0.99902280287331,0.000977197126688937
2018-10-24,-0.79584135992062,0.99916978030541,0.000830219694589005
2018-10-25,-0.131792840760621,0.999220727768344,0.000779272231655338
2018-10-26,0.123012053118317,0.99918640923004,0.000813590769959222
2018-10-29,0.0175608043299535,0.999039196341232,0.000960803658767776
2018-10-30,-0.22853134671492,0.99880688597652,0.00119311402347929
2018-10-31,-0.281988202367143,0.998502730323418,0.0014972696765819
2018-11-01,0.563183466739171,0.99840478494112,0.00159521505887939
2018-11-02,-0.158075030720623,0.998162752571591,0.00183724742840859
2018-11-05,0.140523472974829,0.997703732033056,0.00229626796694362
2018-11-06,0.157853229304979,0.996922180385907,0.00307781961409277
2018-11-07,0.411001409305742,0.996219036568163,0.00378096343183679
2018-11-08,-0.375956726977581,0.995512704022837,0.00448729597716271
2018-11-09,-0.800320880543747,0.995571515010377,0.00442848498962262
2018-11-13,-0.327245681858485,0.995571683463652,0.00442831653634797
2018-11-14,0.212389460370394,0.995385585279427,0.00461441472057281
2018-11-15,0.106025809543629,0.994880222901769,0.00511977709823047
2018-11-16,0.686441135973694,0.994924441463955,0.00507555853604481
2018-11-19,0.402626364475951,0.995008946841545,0.00499105315845514
2018-11-20,-0.499147233637487,0.995288349158739,0.00471165084126127
2018-11-21,0.0175561798203822,0.995266694860772,0.00473330513922749
2018-11-23,-0.536854974770863,0.995492253184019,0.00450774681598064
2018-11-26,0.035292042010922,0.9954304030055,0.00456959699450013
2018-11-27,-0.486360776559594,0.995532073133568,0.00446792686643217
2018-11-28,0.0443124924165061,0.99535081010399,0.00464918989600958
2018-11-29,0.847014063398384,0.995952815251376,0.00404718474862324
2018-11-30,-0.519710484902964,0.996873216763853,0.00312678323614682
2018-12-03,0.291018327882223,0.997588528558976,0.00241147144102323
2018-12-04,-0.096912037891957,0.997973327414184,0.00202667258581566
2018-12-06,0.255293065280271,0.998232962101257,0.00176703789874229
2018-12-07,0.140572857448297,0.998331986818472,0.00166801318152751
2018-12-10,-0.193338666429119,0.998319040488103,0.00168095951189677
2018-12-11,-0.476149387383559,0.998408864786177,0.00159113521382251
2018-12-12,0.423355721397131,0.99855395196982,0.00144604803017952
2018-12-13,-0.0352112679694534,0.998546413530725,0.00145358646927476
2018-12-14,-0.511961573694596,0.998669727376821,0.00133027262317838
2018-12-17,0.344538527140785,0.998783828140547,0.00121617185945267
2018-12-18,0.220235300223893,0.9988164170408,0.00118358295919938
2018-12-19,0.509085625072959,0.998971835537352,0.0010281644626474
2018-12-20,0.0875120384894977,0.999004702544179,0.000995297455820133
2018-12-21,-0.262766201817609,0.9989904894205,0.00100951057949923
2018-12-26,0.0526085062549913,0.99885033939989,0.00114966060010878
2018-12-27,0.0350569679313393,0.998528924975768,0.00147107502423141
2018-12-28,0.288752005327644,0.998117681260369,0.00188231873963031
2018-12-31,0.0960656813759784,0.997354938838006,0.00264506116199334
2019-01-02,-0.86793163087806,0.997376035351768,0.00262396464823126
2019-01-03,0.369133834513235,0.997401775883002,0.002598224116997
2019-01-04,0.0964531619342849,0.997226118803293,0.00277388119670554
2019-01-07,0.507038414713913,0.997219301270699,0.00278069872929926
2019-01-08,-0.209497283325949,0.997066689551448,0.00293331044855085
2019-01-09,0.696624203441826,0.997334029901999,0.00266597009799905
2019-01-10,-0.0607612535511854,0.997376522741545,0.00262347725845327
2019-01-11,-0.330492560341071,0.997384523489858,0.00261547651014089
2019-01-15,-0.760792441373973,0.997937508294264,0.00206249170573463
2019-01-16,0.140350900232031,0.998239911407217,0.0017600885927813
2019-01-17,-0.193033314304994,0.998396525529128,0.00160347447087079
2019-01-18,-0.211007639395499,0.998446939811958,0.00155306018804021
2019-01-22,-0.0264072885650738,0.998338423642488,0.00166157635751093
2019-01-23,0.272539620980626,0.998157503006456,0.00184249699354273
2019-01-24,-0.598804184462256,0.998215783244953,0.00178421675504596
2019-01-25,0.747946643129265,0.99874825270736,0.00125174729263853
2019-01-28,0.271394344736344,0.999151212378386,0.000848787621612694
2019-01-29,-0.122473989589571,0.99938025395968,0.000619746040318458
2019-01-30,-0.0525348055161241,0.999488968420183,0.000511031579815624
2019-01-31,0.314795642959819,0.999587737883979,0.00041226211601918
2019-02-01,0.174459220801376,0.999634280531939,0.000365719468059373
2019-02-04,-0.314246068655493,0.999680613235254,0.000319386764744283
2019-02-05,-0.280161275877717,0.999717398877182,0.000282601122816384
2019-02-06,-0.228210403616233,0.999733208582246,0.000266791417752274
2019-02-07,-0.202313478867555,0.99972410049487,0.000275899505128588
2019-02-08,-0.273332621789594,0.999707770571804,0.00029222942819449
2019-02-11,-0.433571444146268,0.999740110908992,0.000259889091006255
2019-02-12,0.345240018917008,0.9997881465415,0.000211853458498075
2019-02-13,-0.247743888880775,0.999824878479727,0.000175121520271737
2019-02-14,-0.0354421410762932,0.999826316198662,0.000173683801336015
2019-02-15,-0.141894312562373,0.999802701516374,0.000197298483624576
2019-02-19,0.531068693723781,0.999860341410189,0.000139658589809365
2019-02-21,0.088237895074783,0.99988822059138,0.000111779408618727
2019-02-22,0.0352733689724377,0.999893306843103,0.000106693156895401
2019-02-25,0.0264468639968776,0.99987702702072,0.000122972979278875
2019-02-26,0.255293065280271,0.999862463714418,0.000137536285580762
2019-02-27,-0.0351741122163239,0.999816276582199,0.000183723417799285
2019-02-28,0.0791243612426883,0.999722422769603,0.000277577230395954
2019-03-01,-0.0263678313986468,0.999536372980235,0.000463627019763193
2019-03-04,-0.422833610952106,0.999414738014615,0.000585261985383443
2019-03-05,-0.247481123306918,0.999240010523314,0.000759989476683855
2019-03-06,0.176834705674195,0.998937549616955,0.0010624503830436
2019-03-07,-0.940807507355607,0.999177037547508,0.000822962452490531
2019-03-08,0.258271506614186,0.999348525332466,0.000651474667532665
2019-03-11,-0.151319624761504,0.999426175692268,0.000573824307730551
2019-03-12,0.444405673185838,0.999577155068631,0.00042284493136711
2019-03-13,0.301071687616309,0.999711540032238,0.000288459967760594
2019-03-14,-0.0530644745802669,0.99977276619281,0.000227233807188056
2019-03-15,0.194432230938703,0.999806093460895,0.000193906539103026
2019-03-18,0.097074534384825,0.99980285143641,0.000197148563587591
2019-03-19,0.0793545868914011,0.999759330798732,0.000240669201265906
2019-03-20,0.0528680953365935,0.999654292088315,0.0003457079116833
2019-03-21,0.0792497730026134,0.999446515221809,0.000553484778188431
2019-03-22,-0.697790226998309,0.999494448294612,0.000505551705386061
2019-03-25,0.371583193186877,0.999570455139362,0.000429544860635759
2019-03-26,-0.389312117974048,0.999684617885453,0.000315382114545406
2019-03-27,-0.266311741948355,0.99977680934855,0.000223190651448257
2019-03-28,-0.124521940843195,0.99982132606631,0.000178673933687965
2019-03-29,-0.0712250742361098,0.999827169401693,0.000172830598304705
2019-04-01,-0.16044214155675,0.999808596979946,0.000191403020052136
2019-04-02,-0.214324068467225,0.999772914143191,0.000227085856807399
2019-04-03,0.499376818048697,0.999819153024212,0.000180846975786194
2019-04-04,-0.23154342876491,0.999852410799268,0.000147589200729958
2019-04-05,0.00891543708521321,0.99985043691122,0.000149563088778167
2019-04-08,0.400374216934048,0.999889011311587,0.000110988688411397
2019-04-09,0.141969855256344,0.999908649662357,9.13503376412118e-05
2019-04-10,-0.106458491246801,0.999911834655664,8.81653443343653e-05
2019-04-11,-0.0355113640095461,0.99989490287785,0.00010509712214808
2019-04-12,0.372241854979954,0.999910531421901,8.94685780973245e-05
2019-04-15,0,0.999904844774552,9.51552254463881e-05
2019-04-16,-0.0973580640693145,0.999879588663547,0.000120411336451526
2019-04-17,0.0354139003258539,0.999818138846759,0.000181861153239255
2019-04-18,-0.496939526513152,0.999839570874162,0.000160429125836718
2019-04-19,0.044470139034997,0.999822299695123,0.000177700304875334
2019-04-22,0.106647717182478,0.999764731295276,0.000235268704722431
2019-04-23,-0.400516756309109,0.999755010641457,0.000244989358541136
2019-04-24,-0.187458211556364,0.999713392260227,0.000286607739771336
2019-04-25,-0.465700286404192,0.999752613829798,0.000247386170200149
2019-04-26,0.125594346822384,0.999745713204427,0.000254286795571074
2019-04-29,0.107526892080681,0.999685904924097,0.000314095075901366
2019-04-30,0.312961314143376,0.999633671644923,0.000366328355075109
2019-05-01,0.400944984040758,0.999634465905693,0.000365534094304894
2019-05-02,-0.552832437855551,0.999785658422059,0.000214341577938966
2019-05-03,0.0178810907941837,0.999856384216151,0.000143615783847469
2019-05-06,0.0982888878663518,0.999888048416212,0.000111951583786759
2019-05-07,-0.169832443055358,0.999903917191326,9.60828086728982e-05
2019-05-08,0.250178829558646,0.999923634862539,7.63651374600909e-05
2019-05-09,0.196130935654324,0.999939970580624,6.00294193741379e-05
2019-05-10,0.115714998002412,0.999947276133846,5.27238661526612e-05
2019-05-13,-0.0800961196204796,0.999945738027003,5.42619729950941e-05
2019-05-14,-0.222826421356428,0.9999509599145,4.90400854983399e-05
2019-05-15,0.00892259648149088,0.999945928735981,5.40712640178209e-05
2019-05-16,-0.268024818719961,0.999955400852782,4.45991472168667e-05
2019-05-17,-0.107411395933759,0.999960255101523,3.97448984760421e-05
2019-05-20,0.0358166192940569,0.999958845770281,4.11542297176263e-05
2019-05-21,-0.107488365777278,0.999954086583536,4.59134164621321e-05
2019-05-22,-0.0179259658094075,0.999938742058283,6.12579417157134e-05
2019-05-23,0.143317831768777,0.99991436397867,8.56360213288411e-05
2019-05-24,0.223523719512957,0.999888812439052,0.000111187560946217
2019-05-28,-0.17877898745854,0.999845712632501,0.000154287367497652
2019-05-29,-0.367499181141058,0.999842641169326,0.000157358830672162
2019-05-30,0.0359130907074287,0.999791430132283,0.000208569867714705
2019-05-31,0.0807573286296358,0.99966757029993,0.000332429700067715
2019-06-03,0.509954135765836,0.999683046776683,0.000316953223315144
2019-06-04,0.267356009890441,0.999689979561351,0.000310020438647681
2019-06-05,0.0533855337886107,0.999619036058079,0.000380963941919299
2019-06-06,0.461484667076154,0.99965482578775,0.00034517421224806
2019-06-07,0.265275599900827,0.999678547777035,0.000321452222962748
2019-06-10,-0.114866370040919,0.999636064324486,0.000363935675511951
2019-06-11,0.0441949890076692,0.999488630247431,0.000511369752567235
2019-06-12,-0.0530363311291585,0.999147595702366,0.000852404297631888
2019-06-13,-0.309940473928704,0.998786793863468,0.00121320613652991
2019-06-14,-0.515740072565567,0.998714462302433,0.00128553769756513
2019-06-17,0.160342097420621,0.998483793935723,0.00151620606427543
2019-06-18,-0.347733398408545,0.99829137603869,0.00170862396130786
2019-06-19,0.160642604827379,0.997867805682188,0.0021321943178106
2019-06-20,0.622279543826909,0.997963017142335,0.00203698285766285
2019-06-21,0.389174381161405,0.998153613723663,0.00184638627633528
2019-06-24,0.572159476461471,0.998885338028648,0.00111466197135031
2019-06-25,-0.0614601187088549,0.999225539444214,0.000774460555783708
2019-06-26,0.0351246930200632,0.999357450346319,0.000642549653679097
2019-06-27,-0.158158367033746,0.999392141072164,0.000607858927834446
2019-06-28,0.0175855095854469,0.999303714273783,0.000696285726215344
2019-07-01,-0.590804593149985,0.999470568972575,0.000529431027423381
2019-07-02,-0.05307855750943,0.999512127876762,0.000487872123236714
2019-07-03,-0.230333198927186,0.999513901067703,0.000486098932295527
2019-07-05,-0.524655509650778,0.999690009714446,0.00030999028555261
2019-07-08,-0.0713521257528356,0.999762913634083,0.000237086365915403
2019-07-09,0.0178428049362702,0.999767786727984,0.000232213272014641
2019-07-10,0.445038562747564,0.999855021482674,0.000144978517324013
2019-07-11,0.00888060033443843,0.999887118956638,0.000112881043360762
2019-07-12,-0.0621807703801391,0.999885798967064,0.000114201032934758
2019-07-15,0.0533001700457061,0.999849116948987,0.000150883051011781
2019-07-16,-0.427198940900244,0.999876735325586,0.000123264674412964
2019-07-17,0.178221398091337,0.999886161892811,0.000113838107187953
2019-07-18,-0.0356188783819172,0.999860052544853,0.00013994745514598
2019-07-19,-0.0712758405085709,0.999785408377741,0.000214591622257525
2019-07-22,-0.0534902393069653,0.999614236198027,0.000385763801971891
2019-07-23,-0.518552793623832,0.999611024649735,0.000388975350264207
2019-07-24,-0.134547268806295,0.999533278456061,0.000466721543937867
2019-07-25,0.134547268806281,0.999346631610507,0.000653368389492009
2019-07-26,-0.314225692853747,0.999162560842449,0.000837439157549309
2019-07-29,0.188653876191879,0.998830598254227,0.0011694017457716
2019-07-30,0.0538358021077906,0.998076655463186,0.00192334453681219
2019-07-31,-0.161594433224832,0.996703954271658,0.00329604572834025
2019-08-01,-0.612835371496714,0.996423219208673,0.00357678079132607
2019-08-02,0.450979387955634,0.99640021608351,0.00359978391648909
2019-08-05,0.762027982601729,0.997671530021709,0.00232846997828957
2019-08-06,-0.00893136248528247,0.998242903340816,0.00175709665918283
2019-08-07,0.356633758879021,0.998865090478935,0.0011349095210636
2019-08-08,-0.23166721579286,0.999286518038688,0.000713481961311595
2019-08-09,0.106990024471184,0.999487072464518,0.000512927535481492
2019-08-12,-0.0891504026238459,0.999558820312105,0.000441179687894331
2019-08-13,-0.267929069808814,0.999611452584838,0.000388547415160699
2019-08-14,-0.340410612694896,0.999691725630694,0.00030827436930455
2019-08-15,-0.341573365808909,0.999800260110783,0.000199739889215757
2019-08-16,-0.135153419681099,0.999851915199567,0.000148084800432319
2019-08-19,0.0450714389925786,0.999856836730635,0.000143163269364065
2019-08-20,-0.0360555258998833,0.999816924965345,0.000183075034654294
2019-08-21,0.0540784150177752,0.999708415634468,0.000291584365531362
2019-08-22,-0.081128593263059,0.99947160496447,0.000528395035528987
2019-08-23,0.530648364862296,0.99944945354573,0.000550546454269672
2019-08-26,-0.323450416765915,0.999444425823315,0.000555574176684163
2019-08-27,-0.162118381899983,0.999355964528507,0.000644035471492168
2019-08-28,-0.0901794632310702,0.999109267058356,0.000890732941643928
2019-08-29,-0.225805090750895,0.99873203989295,0.00126796010704966
2019-08-30,-0.634980362843602,0.998804318658977,0.00119568134102295
2019-09-03,-0.191283020477374,0.998765221429047,0.00123477857095292
2019-09-04,0.518347907289646,0.998973052008776,0.00102694799122361
2019-09-05,0.117844368439962,0.999019586090037,0.000980413909962894
2019-09-06,0.0362318844543574,0.998900050227133,0.00109994977286652
2019-09-09,0.126708316346114,0.998586737904139,0.00141326209586051
2019-09-10,-0.126708316346109,0.997934535395322,0.00206546460467682
2019-09-11,-0.372000610455418,0.997399166825522,0.0026008331744766
2019-09-12,0.661384064347674,0.997529147158101,0.0024708528418979
2019-09-13,0,0.997378537061495,0.00262146293850392
2019-09-16,-0.615943976320829,0.997750325435141,0.00224967456485777
2019-09-17,0.516562841520688,0.99863282121957,0.00136717878042964
2019-09-18,-0.0180799132656643,0.999031779775723,0.000968220224275855
2019-09-19,-0.13570364411214,0.999221918311816,0.000778081688183558
2019-09-20,-0.380952841666773,0.999481508860267,0.000518491139731849
2019-09-23,-0.118208697556488,0.999600301228115,0.000399698771884043
2019-09-24,0.0727603488216387,0.999622483300458,0.000377516699541483
2019-09-25,-0.455623168369183,0.999750633971497,0.000249366028502003
2019-09-26,-0.100516296670674,0.999802929993448,0.000197070006550825
2019-09-27,0.0365630717053245,0.99979808283232,0.000201917167679041
2019-09-30,-0.338719598804188,0.99982116219281,0.000178837807188576
2019-10-01,0.247286841222922,0.99983746048826,0.000162539511739367
2019-10-02,0.173650822780043,0.999827877603254,0.00017212239674568
2019-10-03,0.364597979314129,0.999857521458854,0.000142478541145603
2019-10-04,-0.154791744997976,0.999859840025749,0.000140159974250774
2019-10-07,0.0910829828886419,0.999823523897635,0.000176476102364568
2019-10-08,-0.319154057438214,0.999808270364759,0.000191729635240404
2019-10-09,0.264514223640967,0.99979183284239,0.000208167157609825
2019-10-10,0.363702892282702,0.999816016809234,0.000183983190765587
2019-10-11,0.190415798569002,0.999814839883217,0.000185160116782402
2019-10-15,-0.0271800681175133,0.99975547797171,0.000244522028289806
2019-10-16,0.352765957615969,0.999733237980986,0.000266762019013548
2019-10-17,0.486399806008877,0.999825001301917,0.000174998698082638
2019-10-18,0.23335138932077,0.999895774887363,0.000104225112636697
2019-10-21,-0.0896861046663504,0.999927992359503,7.20076404965033e-05
2019-10-22,-0.0628281670355459,0.999937024288631,6.29757113692779e-05
2019-10-23,-0.179726863619914,0.999942136374202,5.78636257982328e-05
2019-10-24,-0.180050462756821,0.999944911482972,5.50885170279015e-05
2019-10-25,-0.153298194952091,0.999942070596581,5.79294034191333e-05
2019-10-28,0.117249167885436,0.999927339014774,7.26609852261465e-05
2019-10-29,0.207104661843515,0.999910707559684,8.92924403158821e-05
2019-10-30,0.053956835841433,0.999859699801838,0.000140300198161452
2019-10-31,0.287279127460357,0.999819753061577,0.000180246938422003
2019-11-01,0.125425567419369,0.99972409692677,0.000275903073229153
2019-11-04,-0.224084708118496,0.999585789193079,0.000414210806920372
2019-11-05,-0.666248975695914,0.999743743026045,0.000256256973954303
2019-11-06,0.0541858588169931,0.999803188427645,0.000196811572354148
2019-11-07,-0.280276843663484,0.999865259022816,0.000134740977183668
2019-11-08,-0.23567813664405,0.999917024750621,8.29752493786327e-05
2019-11-12,-0.0181521147712286,0.999934469597729,6.55304022702102e-05
2019-11-13,-0.118069129559967,0.999936833023607,6.31669763921504e-05
2019-11-14,0.10899183640256,0.999923971322438,7.60286775613148e-05
2019-11-15,0.271961005264215,0.999925087717123,7.49122828760588e-05
2019-11-18,0.298305305954009,0.999947369491173,5.26305088257303e-05
2019-11-19,-0.0361108607336625,0.99995175216517,4.82478348296604e-05
2019-11-20,-0.10841088784254,0.999946424053098,5.35759469009755e-05
2019-11-21,0.0361500229874403,0.999921952540475,7.80474595241381e-05
2019-11-22,-0.343953995863838,0.999933133426202,6.68665737974651e-05
2019-11-25,-0.181504723574375,0.999938806393672,6.11936063275366e-05
2019-11-26,0.0272467192094778,0.999922436481702,7.75635182976902e-05
2019-11-27,-0.0908512827094489,0.999877884968019,0.00012211503198062
2019-11-29,0.154398105237359,0.999795820106274,0.000204179893725501
2019-12-02,0.506926042555925,0.999846587300039,0.000153412699960941
2019-12-03,0.126331003987952,0.999855617121737,0.00014438287826244
2019-12-04,-0.117302066236351,0.999825260259505,0.000174739740494887
2019-12-05,0.252479845573333,0.999791867528243,0.000208132471756515
2019-12-06,-0.469399670327864,0.99986970513822,0.000130294861779743
2019-12-09,0.135630022147828,0.999905804904108,9.4195095891249e-05
2019-12-10,0.207609407962735,0.999933365480528,6.66345194716152e-05
2019-12-11,0.0180326391255914,0.999934660405932,6.53395940673592e-05
2019-12-12,0.207141966262819,0.99993636014324,6.36398567592332e-05
2019-12-13,0.116890720498196,0.999921951685246,7.80483147536742e-05
2019-12-16,0.0988009241910917,0.999879926111083,0.000120073888916153
2019-12-17,0.0807645756649187,0.999779290698457,0.00022070930154267
2019-12-18,-0.314451541619237,0.999704508848803,0.000295491151196466
2019-12-19,0.13488604176324,0.999534183688454,0.000465816311545449
2019-12-20,-0.468384931242643,0.999534137680106,0.000465862319893366
2019-12-23,0.135336331388923,0.999440746371369,0.000559253628629918
2019-12-24,-0.0631341621872528,0.999162426688158,0.000837573311840799
2019-12-26,0.16226452672375,0.998630653782574,0.00136934621742514
2019-12-27,0.646437876898729,0.998727385654523,0.00127261434547592
2019-12-30,0.384083362612927,0.998940437561483,0.00105956243851558
2019-12-31,0.0891106813556249,0.99896185126132,0.00103814873867876
2020-01-02,-0.544814458847375,0.999357321991549,0.000642678008449813
2020-01-03,0.0626706677031991,0.999514906198683,0.000485093801315536
2020-01-06,0.125223629959256,0.999560427457255,0.000439572542743668
2020-01-07,-0.438970469731665,0.999741531342852,0.000258468657147114
2020-01-08,-0.188721691599889,0.999850869514502,0.000149130485496285
2020-01-09,-0.0989965432062389,0.999897558407685,0.000102441592313548
2020-01-10,0.116985390169688,0.999912292697586,8.77073024124383e-05
2020-01-13,0.170732844636448,0.999913379778661,8.66202213376544e-05
2020-01-14,-0.0718519880023268,0.999883491043719,0.000116508956279834
2020-01-15,0.269179166571157,0.999863222427134,0.000136777572864984
2020-01-16,-0.260194844207624,0.999847823676579,0.000152176323420019
2020-01-17,-0.341972975456621,0.999871431972819,0.000128568027179352
2020-01-21,0.0270404256007799,0.999847328215036,0.000152671784963262
2020-01-22,-0.0991839944255573,0.999768250931195,0.000231749068803932
2020-01-23,-0.397722661127484,0.999766117527265,0.000233882472733658
2020-01-24,-0.135949628950815,0.999707402965559,0.000292597034439568
2020-01-27,-0.0635064661851839,0.999532335579021,0.000467664420977866
2020-01-28,-0.09987743146522,0.99913731288455,0.000862687115448037
2020-01-29,-0.0363438128659657,0.998187841787549,0.00181215821244972
2020-01-30,0.254129742867255,0.996931958172127,0.00306804182787117
2020-01-31,0.452202995415727,0.996361072249879,0.00363892775011898
2020-02-03,-0.180635887267162,0.995289319083184,0.00471068091681399
2020-02-04,-0.171906850749257,0.993301870860441,0.00669812913955723
2020-02-05,-0.335616442742679,0.991487976747714,0.00851202325228445
2020-02-06,-0.245622138497164,0.988948504045317,0.0110514959546811
2020-02-07,-0.264490099008567,0.985677514840774,0.0143224851592237
2020-02-10,-0.310985341641786,0.982275269122439,0.0177247308775587
2020-02-11,0.00916044520404661,0.973986005907711,0.0260139940922864
2020-02-12,-0.220082619782404,0.961222764797314,0.0387772352026834
2020-02-13,-0.413964990226868,0.953294520700479,0.0467054792995182
2020-02-14,-0.0829990364426747,0.93534369232182,0.0646563076781772
2020-02-18,-0.221668142859098,0.907862972183132,0.0921370278168655
2020-02-19,-0.194363520857101,0.861385826447959,0.138614173552039
2020-02-20,0.0277893568552507,0.749340118264336,0.250659881735662
2020-02-21,0.535748556525159,0.712719111429876,0.287280888570122
2020-02-24,0.0184229919460153,0.624730027186816,0.375269972813182
2020-02-25,0.101265831438619,0.432434956947821,0.567565043052177
2020-02-26,0.174672533494158,0.0849446825518796,0.915055317448118
2020-02-27,0.82327578061364,0.0542688677358027,0.945731132264195
2020-02-28,0.218400305211936,0.00645519658891146,0.993544803411086
2020-03-02,1.47081379167771,0.00529426296166943,0.994705737038329
2020-03-03,0.0984824825556735,0.00285191171084705,0.997148088289151
2020-03-04,-0.403497521217899,0.00077883787107694,0.999221162128921
2020-03-05,0.644816850018726,9.33470906501925e-05,0.999906652909348
2020-03-06,1.03903958626423,2.70469629325358e-05,0.999972953037065
2020-03-09,0.888347457758098,2.26735010246272e-05,0.999977326498973
2020-03-10,-0.685355463602776,2.61715198374093e-05,0.99997382848016
2020-03-11,-0.548140352192357,1.95369305828453e-05,0.999980463069415
2020-03-12,-1.77993161157243,0.000128342002136156,0.999871657997861
2020-03-13,-0.135458547827043,0.000149884100221829,0.999850115899776
2020-03-16,0.657511938713469,0.000205372750152902,0.999794627249845
2020-03-17,-1.51970360276988,0.000800822406122097,0.999199177593876
2020-03-18,-1.26583968719235,0.00372067162718139,0.996279328372816
2020-03-19,-1.24467518069607,0.0160033415423867,0.983996658457611
2020-03-20,-0.159019723889097,0.0240904363579066,0.975909563642091
2020-03-23,0.727547281605979,0.0377047370953666,0.962295262904631
2020-03-24,0.315486946281252,0.0484116928159916,0.951588307184006
2020-03-25,0.379121079187131,0.0576886647875766,0.942311335212421
2020-03-26,1.73837863445875,0.104367600885166,0.895632399114831
2020-03-27,0.307915476031341,0.140968691659908,0.859031308340089
2020-03-30,-0.371427704269836,0.172121783851871,0.827878216148126
2020-03-31,-0.018153762417101,0.192132854215942,0.807867145784055
2020-04-01,-0.747156095354615,0.224216100903586,0.775783899096411
2020-04-02,-0.660674086015385,0.267964387240474,0.732035612759523
2020-04-03,-0.600214184765019,0.321485981280658,0.678514018719339
2020-04-06,0.101828289289424,0.356912074610398,0.643087925389599
2020-04-07,0.719095935411054,0.410434680970627,0.58956531902937
2020-04-08,-0.202298919566792,0.448263943357538,0.551736056642459
2020-04-09,0.614821849535808,0.495972434985461,0.504027565014536
2020-04-10,0.182798698192375,0.529157221019382,0.470842778980616
2020-04-13,-0.411767978975218,0.559266660449922,0.440733339550075
2020-04-14,0.594233133148395,0.59616210545357,0.403837894546427
2020-04-15,-0.566729121973409,0.639198654109641,0.360801345890357
2020-04-16,-0.634514060411946,0.695537459709554,0.304462540290444
2020-04-17,0.395894270242432,0.745548876463279,0.254451123536719
2020-04-20,-0.0827319990195816,0.778463319125108,0.22153668087489
2020-04-21,-0.184094308251587,0.801364278218819,0.198635721781179
2020-04-22,-0.230595499497064,0.817925602821879,0.182074397178119
2020-04-23,-0.129366124122039,0.828903741173207,0.17109625882679
2020-04-24,-0.157312760892666,0.836224123172961,0.163775876827036
2020-04-27,0.286678885014692,0.841733444731896,0.158266555268101
2020-04-28,0.0646203576606301,0.84498338707654,0.155016612923457
2020-04-29,0.156761524102931,0.846761961695674,0.153238038304323
2020-04-30,0.743566100892972,0.850665023827259,0.149334976172738
2020-05-01,0.583623761281553,0.855745415391412,0.144254584608585
2020-05-04,-0.794198341266145,0.865485516066985,0.134514483933013
2020-05-05,-0.615952303654257,0.878306609008777,0.12169339099122
2020-05-06,-0.351039621454514,0.889053790256693,0.110946209743304
2020-05-07,0.0832523983148062,0.895970195518202,0.104029804481795
2020-05-08,0.35996162361909,0.901822543088732,0.0981774569112649
2020-05-11,-0.332226219197774,0.906552653104935,0.0934473468950624
2020-05-12,0.424315736710494,0.911009762336535,0.0889902376634625
2020-05-13,-0.248836587548204,0.914157137084721,0.0858428629152761
2020-05-14,-0.342007081068415,0.91667241951252,0.0833275804874775
2020-05-15,0.14803851704342,0.918047349664291,0.0819526503357061
2020-05-18,0.810317509362334,0.921603705045444,0.0783962949545533
2020-05-19,0.302184195885718,0.924290379689848,0.0757096203101491
2020-05-20,0.392389972829597,0.926658344549613,0.0733416554503841
2020-05-21,-0.246204473977515,0.928183361969684,0.0718166380303134
2020-05-22,-0.540121238012684,0.930157318794241,0.0698426812057564
2020-05-26,0.695209532565614,0.933676865182097,0.0663231348179001
2020-05-27,-0.00911618579417695,0.935702094202322,0.0642979057976757
2020-05-28,0.907529597428981,0.941116083232025,0.0588839167679731
2020-05-29,0.342713178149616,0.945602733561599,0.0543972664383988
2020-06-01,0.143949642490922,0.948501065727198,0.0514989342727993
2020-06-02,0.385841027827646,0.951057842676214,0.0489421573237834
2020-06-03,0.713906298184127,0.955483141762445,0.0445168582375525
2020-06-04,0.673522574445834,0.962203888986277,0.0377961110137209
2020-06-05,-0.221053186967654,0.967007032479321,0.0329929675206763
2020-06-08,-0.035413900325842,0.970017395832484,0.029982604167513
2020-06-09,0.485845220507167,0.973246886109441,0.0267531138905563
2020-06-10,0.0616658610916841,0.975237605935441,0.0247623940645568
2020-06-11,0.202349077093383,0.976537070965612,0.023462929034386
2020-06-12,-1.10469065605956,0.981316952159864,0.0186830478401341
2020-06-15,0.150956828382498,0.984537419456704,0.0154625805432937
2020-06-16,-0.0976519230691561,0.986610729690455,0.0133892703095432
2020-06-17,-0.35590392581658,0.988378336123975,0.0116216638760229
2020-06-18,-0.0267439270593364,0.989442729904549,0.0105572700954488
2020-06-19,-0.241017746665008,0.990163853839532,0.00983614616046592
2020-06-22,0.632546988596008,0.991334837200819,0.00866516279917904
2020-06-23,0.549111290292413,0.992806990467054,0.00719300953294399
2020-06-24,-0.442596101808916,0.994285891779898,0.00571410822010049
2020-06-25,-0.453475191364984,0.995803455506202,0.00419654449379599
2020-06-26,-0.0534854710557674,0.996760899713494,0.00323910028650384
2020-06-29,0.195973695359355,0.997418721157739,0.00258127884225863
2020-06-30,0,0.997806056371935,0.00219394362806323
2020-07-01,0.195590389522814,0.99804778808602,0.00195221191397762
2020-07-02,-0.195590389522809,0.998175759984903,0.00182424001509449
2020-07-06,0.621009802734293,0.998476105956901,0.00152389404309644
2020-07-07,-0.0707776725998976,0.99863304602585,0.00136695397414739
2020-07-08,0.265158366424242,0.99872995204192,0.00127004795807784
2020-07-09,-0.274009098828124,0.998778083726,0.00122191627399806
2020-07-10,0.176865981726182,0.998748888762915,0.00125111123708271
2020-07-13,0.40560852716095,0.998734538627704,0.00126546137229385
2020-07-14,0.36890687424055,0.9987165228149,0.00128347718509782
2020-07-15,0,0.998587198219225,0.00141280178077293
2020-07-16,0.236437782548573,0.998376840852035,0.00162315914796274
2020-07-17,0.0437234933291535,0.997986441517335,0.00201355848266314
2020-07-20,0.0349650353212618,0.99731798918795,0.00268201081204768
2020-07-21,0.462136236880764,0.996732288158917,0.00326771184108031
2020-07-22,0.797162179978058,0.996627436934427,0.00337256306557025
2020-07-23,0.310211364664563,0.99644762023898,0.00355237976101671
2020-07-24,0.103190309268403,0.996043694647726,0.00395630535227082
2020-07-27,0.983544383591293,0.996271602925876,0.00372839707412113
2020-07-28,-0.144785614868119,0.996317851604431,0.0036821483955656
2020-07-29,0.314853683069873,0.996292611311917,0.00370738868808011
2020-07-30,0.178260732235098,0.996102662683606,0.00389733731639072
2020-07-31,0.262567380764134,0.995780723581246,0.00421927641875105
2020-08-03,-0.610896181200966,0.995700675423475,0.00429932457652201
2020-08-04,0.13607758520962,0.995410961697557,0.00458903830243956
2020-08-05,1.11563023234496,0.995927382486275,0.00407261751372196
2020-08-06,-0.353625021198289,0.996368875872136,0.00363112412786049
2020-08-07,-0.67705065672106,0.997226502786685,0.00277349721331187
2020-08-10,-0.169981342984952,0.997792751073413,0.00220724892658371
2020-08-11,0.0680272135077516,0.9981221672771,0.00187783272289635
2020-08-12,0.271647026128125,0.998359067780136,0.00164093221986056
2020-08-13,0.186330197045312,0.998485469103492,0.00151453089650454
2020-08-14,0.126844547893896,0.998503307457937,0.0014966925420597
2020-08-17,0.303772067194644,0.9984815899658,0.00151841003419682
2020-08-18,0.495861838806926,0.998531787568246,0.00146821243175135
2020-08-19,-0.251825869672341,0.998519209195053,0.00148079080494409
2020-08-20,-0.30303053491791,0.998466758462113,0.00153324153788359
2020-08-21,-0.736137351405333,0.998658358534439,0.00134164146555838
2020-08-24,0.237509654445043,0.998773657752062,0.00122634224793512
2020-08-25,0.127005647655087,0.998792545990537,0.00120745400946015
2020-08-26,-0.0423172957099945,0.998705173790619,0.00129482620937784
2020-08-27,0.0930744239462931,0.998496385104225,0.00150361489577194
2020-08-28,0.649106599445678,0.998480717296456,0.00151928270354018
2020-08-31,0.410884817721705,0.998485951138823,0.00151404886117368
2020-09-01,-0.00836855099027761,0.998363837283685,0.00163616271631146
2020-09-02,-0.91639634117573,0.998633228285861,0.00136677171413548
2020-09-03,-0.0675904047360886,0.998763772033991,0.00123622796600612
2020-09-04,-0.101471343054657,0.998790000034235,0.0012099999657616
2020-09-08,-0.262611866796168,0.998765934891375,0.00123406510862201
2020-09-09,0.177973689928046,0.998656557969383,0.00134344203061417
2020-09-10,0.590968372522778,0.998686010357229,0.00131398964276774
2020-09-11,-0.413310866297309,0.998739150526998,0.00126084947299895
2020-09-14,0.362793057695802,0.998787907714895,0.00121209228510249
2020-09-15,-0.236087799371012,0.998775052181527,0.00122494781847033
2020-09-16,-0.0929014888826245,0.99865513342869,0.00134486657130646
2020-09-17,-0.101445608497103,0.998400491912825,0.00159950808717158
2020-09-18,0.28716235949571,0.998065668531788,0.00193433146820853
2020-09-21,-1.01721653579467,0.998251488343419,0.00174851165657782
2020-09-22,-0.290102592535779,0.998375873991366,0.00162412600863042
2020-09-23,-0.22241240990513,0.998414759487401,0.00158524051259567
2020-09-24,-0.0942466762131855,0.998331873335926,0.00166812666407125
2020-09-25,-0.412300876110524,0.998272866730799,0.00172713326919755
2020-09-28,0.36085613520056,0.998203101887102,0.00179689811289485
2020-09-29,0.487659776367223,0.998212763449186,0.0017872365508115
2020-09-30,0.051194540367261,0.99808018675587,0.00191981324412753
2020-10-01,0.247071478188498,0.997852675184941,0.00214732481505587
2020-10-02,-0.392190800254702,0.997631519126961,0.00236848087303675
2020-10-05,0.664114829129986,0.997668498104328,0.00233150189566944
2020-10-06,-0.0509294637950113,0.997539231709588,0.00246076829040974
2020-10-07,-0.101936808011468,0.997221139262093,0.00277886073790461
2020-10-08,-0.110548929154717,0.996639568232075,0.00336043176792305
2020-10-09,0.559987887938647,0.996305475522236,0.00369452447776113
2020-10-13,-0.696216091211667,0.996336088475952,0.00366391152404513
2020-10-14,0.153243687404591,0.996183024245843,0.0038169757541544
2020-10-15,-0.460437375521199,0.996107436155028,0.00389256384496948
2020-10-16,0.13664704491976,0.995819733911454,0.00418026608854315
2020-10-19,0.604128618942985,0.9957973853132,0.00420261468679701
2020-10-20,0.304929933039749,0.995688246744184,0.00431175325581323
2020-10-21,0.38828444157308,0.995576338835991,0.0044236611640066
2020-10-22,-0.388284441573082,0.995461515638134,0.00453848436186366
2020-10-23,0.169004603349888,0.99512817896021,0.0048718210397876
2020-10-26,-0.236686501026606,0.994584981975551,0.00541501802444627
2020-10-27,0.15221990254237,0.993649745816195,0.0063502541838023
2020-10-28,-0.70384009026984,0.993359330166391,0.00664066983360665
2020-10-29,-0.794570372844601,0.993693307555103,0.00630669244489473
2020-10-30,-0.094400350284313,0.993734152513102,0.00626584748689597
2020-11-02,-0.111679063194514,0.993497759708399,0.00650224029159922
2020-11-03,0.770617736007638,0.9938392542446,0.0061607457553979
2020-11-04,0.0511639816738042,0.993877112665668,0.00612288733433001
2020-11-05,0.671228995376042,0.994341601746375,0.00565839825362306
2020-11-06,0.64992843253243,0.995323355172051,0.00467664482794736
2020-11-09,-0.632993631475875,0.997006846492644,0.00299315350735433
2020-11-10,-0.00846704204391627,0.998012422209065,0.00198757779093299
2020-11-12,0.0338638675772562,0.998608507795756,0.00139149220424284
2020-11-13,0.0846095320802404,0.998961919188465,0.00103808081153298
2020-11-16,0.169004603349888,0.999182953847237,0.000817046152761406
2020-11-17,0.151860317719006,0.999307629930956,0.000692370069042869
2020-11-18,0.0589945657833427,0.999346776507295,0.00065322349270382
2020-11-19,-0.219298333501033,0.999341724772861,0.000658275227137454
2020-11-20,0.118143473657561,0.999266031619491,0.000733968380507479
2020-11-23,-0.261791307729524,0.999149943151557,0.000850056848441736
2020-11-24,0.405063844984552,0.9990616129498,0.000938387050198844
2020-11-25,0.28593073050464,0.998935007961043,0.00106499203895547
2020-11-30,0.335345720033344,0.998791714884169,0.00120828511583016
2020-12-01,0.758747959902579,0.99892604864262,0.00107395135737912
2020-12-02,0.447539285024909,0.999115792357185,0.000884207642813835
2020-12-03,0.486699249033332,0.999393709714206,0.00060629028579257
2020-12-04,-0.0823248585229563,0.999553237024011,0.000446762975988018
2020-12-07,-0.0329489294578825,0.999633157942625,0.000366842057374021
2020-12-08,-0.222689687474987,0.999683216752875,0.000316783247123749
2020-12-09,-0.256293803224467,0.999717976960472,0.000282023039527064
2020-12-10,0.314075801612838,0.99975546228248,0.000244537717518667
2020-12-11,-0.0495253827704275,0.999755161738466,0.000244838261533198
2020-12-14,0.272086575904285,0.999750333289457,0.000249666710541864
2020-12-15,0.106982687239504,0.999710435213285,0.000289564786714373
2020-12-16,0.139727964212271,0.999629243268971,0.00037075673102759
2020-12-17,0.679411609488649,0.999693560342892,0.00030643965710727
2020-12-18,-0.179635877488299,0.99972453886406,0.000275461135939377
2020-12-21,-0.049047658957601,0.99971256902885,0.000287430971149435
2020-12-22,-0.475371766435631,0.999757234479113,0.00024276552088624
2020-12-23,0.180579545089968,0.999776624255877,0.000223375744122497
2020-12-28,0.155693070332723,0.999770437669761,0.000229562330238527
2020-12-29,0.318823078157729,0.999772578100568,0.000227421899431273
2020-12-30,0.228273374846747,0.999761492203636,0.000238507796363393
2020-12-31,-0.407997301991531,0.999784790803658,0.000215209196340863
2021-01-04,0.196046460438178,0.999789358336938,0.000210641663060911
2021-01-05,0.334026136469311,0.999807439414663,0.000192560585336377
2021-01-06,-0.0406752090212348,0.999792282021775,0.000207717978224744
2021-01-07,-0.203624586749097,0.999759544430037,0.000240455569962608
2021-01-08,-0.106048873992369,0.999684556803471,0.00031544319652829
2021-01-11,-0.679745461586576,0.999758836292373,0.000241163707626093
2021-01-12,-0.00821793976713094,0.999785368706692,0.000214631293307654
2021-01-13,-0.0739918642710686,0.999775962636136,0.000224037363863428
2021-01-14,-0.0246761259734576,0.999723978136357,0.000276021863641505
2021-01-15,-0.470007049520592,0.999732739785408,0.000267260214590977
2021-01-19,0.222910309019812,0.999722380768682,0.000277619231316619
2021-01-21,0.140096442214296,0.999672765439796,0.000327234560202167
2021-01-22,0.296028503329167,0.999618580895451,0.000381419104547505
2021-01-25,-0.337212969131007,0.999573842763042,0.000426157236956631
2021-01-26,0.0741198304470279,0.999452231078666,0.000547768921333038
2021-01-27,-0.379413190221827,0.999357752808822,0.000642247191176892
2021-01-28,0.173388971317788,0.999178460167398,0.000821539832600566
2021-01-29,0.107185564947148,0.998836685897865,0.0011633141021337
2021-02-01,-0.537080406912448,0.99869240580048,0.0013075941995188
2021-02-02,-0.415110600237869,0.998605332798155,0.00139466720184445
2021-02-03,0.0415886884763357,0.998337994255043,0.00166200574495556
2021-02-04,-0.42501834886645,0.998148288766949,0.00185171123304946
2021-02-05,0.508143873187493,0.998120838782767,0.00187916121723135
2021-02-08,0.0830564831799271,0.997909270511464,0.0020907294885346
2021-02-09,0.505156140266071,0.99786647970938,0.00213352029061865
2021-02-10,0.214539235683931,0.997698391657672,0.00230160834232664
2021-02-11,-0.0412218151680048,0.997263300758069,0.00273669924192944
2021-02-12,-0.008246402511583,0.996378043443409,0.00362195655658997
2021-02-16,-0.156810992393554,0.994875029313982,0.00512497068601641
2021-02-17,-0.538325868334726,0.994030111466821,0.00596988853317747
2021-02-18,0.298507684345328,0.992961263059438,0.00703873694056099
2021-02-19,0.479062616052178,0.992248703664917,0.00775129633508143
2021-02-22,0.156436572185548,0.990945701914218,0.00905429808578039
2021-02-23,-0.10700910598444,0.988539455093243,0.0114605449067552
2021-02-24,0.00823553634395718,0.983919855048712,0.0160801449512862
2021-02-25,0.705730813555114,0.982430343349864,0.0175696566501345
2021-02-26,-1.11834074040945,0.983422844231012,0.0165771557689864
2021-03-01,-0.323021774228606,0.984204431979081,0.0157955680209172
2021-03-02,0.207185256228894,0.984541383006108,0.0154586169938895
2021-03-03,-0.0496853272890895,0.984318937739494,0.0156810622605038
2021-03-04,-0.232191828341572,0.983726822564814,0.0162731774351839
2021-03-05,-1.0935456860339,0.985416795053075,0.0145832049469233
2021-03-08,-0.547070337189275,0.988049060556428,0.0119509394435698
2021-03-09,0.303362497755426,0.990134495447539,0.00986550455245932
2021-03-10,0.126129930532652,0.991325726822469,0.00867427317752938
2021-03-11,0.653323372478702,0.993900320609653,0.00609967939034474
2021-03-12,-0.217300545180916,0.995633823945292,0.00436617605470575
2021-03-15,-0.293267628179241,0.996989832936288,0.00301016706370948
2021-03-16,-0.184780835374811,0.997852457662645,0.00214754233735304
2021-03-17,0.0840336183905054,0.998327258118929,0.00167274188106906
2021-03-18,0.176241076208819,0.998605227238685,0.00139477276131249
2021-03-19,-0.142647391505545,0.998732114296431,0.00126788570356655
2021-03-22,0.192944986664341,0.998760683652983,0.00123931634701509
2021-03-23,-0.504118022747742,0.998910275662541,0.0010897243374568
2021-03-24,-0.345948115349893,0.999053604281485,0.000946395718513108
2021-03-25,-0.457472841211433,0.999280430704409,0.000719569295589118
2021-03-26,0.178154872147218,0.999410232791996,0.000589767208001591
2021-03-29,-0.161174060423613,0.999466269513489,0.00053373048650873
2021-03-30,-0.468026212800136,0.999596570091874,0.000403429908124116
2021-03-31,0.161929553429785,0.999665996944049,0.000334003055948368
2021-04-01,0.24665119882824,0.999712513291654,0.000287486708343825
2021-04-02,-0.0764818392922151,0.999709729018857,0.000290270981140987
2021-04-05,0.398761823096679,0.999741674808375,0.000258325191622127
2021-04-06,0.354999950204787,0.99979249632741,0.000207503672587905
2021-04-07,0.320108099137165,0.999851675141109,0.000148324858888835
2021-04-08,0.117676738804539,0.99988282841671,0.000117171583287818
2021-04-09,-0.0588210596346995,0.999891296745249,0.000108703254747813
2021-04-12,0.0840194974649082,0.999881424636939,0.000118575363058108
2021-04-13,0.268388989421314,0.999876737524616,0.000123262475381179
2021-04-14,0.292728013990915,0.999881960219112,0.000118039780885556
2021-04-15,-0.0835491735458846,0.999865952431907,0.000134047568089888
2021-04-16,0.133645191960168,0.999828130714085,0.000171869285912009
2021-04-19,0.399867243897937,0.999827728639794,0.000172271360203234
2021-04-20,0.141237094055186,0.99980109259715,0.000198907402848142
2021-04-21,-0.0996760610809094,0.999732873234494,0.000267126765504215
2021-04-22,-0.174672533494165,0.999617300026235,0.000382699973763347
2021-04-23,0.473403151467693,0.999585356655113,0.00041464334488462
2021-04-26,0.115932440941017,0.999482185002792,0.000517814997206154
2021-04-27,-0.0331098422029779,0.999251490574713,0.000748509425285135
2021-04-28,0.157174206158115,0.998851688819814,0.00114831118018452
2021-04-29,0.0991407880278441,0.998104524815126,0.00189547518487189
2021-04-30,-0.662802757841334,0.99792968315831,0.00207031684168809
2021-05-03,0.240773913486783,0.997628657258301,0.00237134274169706
2021-05-04,-0.373863269348574,0.997357162876069,0.00264283712392976
2021-05-05,-0.0916017884762118,0.996751970748413,0.00324802925158574
2021-05-06,0.382505039793177,0.996197928394153,0.0038020716058457
2021-05-07,0.958130729434637,0.996677375275997,0.00332262472400111
2021-05-10,0.0410930763950116,0.996836946563309,0.0031630534366895
2021-05-11,-0.00821726447728328,0.996736439195284,0.00326356080471478
2021-05-12,-0.783735398042859,0.997335966853493,0.0026640331465058
2021-05-13,-0.0331345264794241,0.997597647438544,0.00240235256145398
2021-05-14,0.586511945239806,0.998263198325514,0.00173680167448391
2021-05-17,0.115245320624857,0.998619998585269,0.00138000141472882
2021-05-18,0.394121538161561,0.999021211939639,0.000978788060359296
2021-05-19,0.10647447666289,0.999228785295316,0.000771214704682187
2021-05-20,0.0736467444604431,0.99930691552091,0.000693084479088458
2021-05-21,-0.385199017455331,0.99941859679085,0.000581403209148487
2021-05-24,0.262424293623114,0.9994942508531,0.000505749146898251
2021-05-25,0.188192994216603,0.999513945123845,0.000486054876152731
2021-05-26,-0.237345121035623,0.999499491714035,0.00050050828596292
2021-05-27,-0.0819739368798795,0.999400366740896,0.000599633259101936
2021-05-28,0,0.99916535810114,0.000834641898857886
2021-06-01,0.384694560775091,0.998969896145427,0.00103010385457155
2021-06-02,-0.229001490442388,0.99866627441817,0.00133372558182791
2021-06-03,-0.747897465985828,0.998779381041395,0.00122061895860319
2021-06-04,0.419840089836618,0.998961038081408,0.00103896191858973
2021-06-07,0.221556731175154,0.999055740512947,0.000944259487050798
2021-06-08,-0.164068945745989,0.999053292596665,0.00094670740333318
2021-06-09,0.0328353311109744,0.998915638853887,0.00108436114611116
2021-06-10,-0.0903231165401349,0.998597018282137,0.00140298171786111
2021-06-11,-0.593229061154393,0.998557468137421,0.00144253186257765
2021-06-14,0.206381383362343,0.998410001060078,0.00158999893992028
2021-06-15,-0.0494927008370541,0.998028965701254,0.00197103429874442
2021-06-16,-0.00825116548180863,0.997234657776559,0.00276534222343939
2021-06-17,-1.73121260875865,0.997921959085084,0.0020780409149148
2021-06-18,-0.32796564737392,0.998507085121142,0.0014929148788567
2021-06-21,0.311173036083414,0.998989235273101,0.00101076472689816
2021-06-22,0.00839665813499018,0.999244943530785,0.000755056469213512
2021-06-23,0.335289501031097,0.999478727681557,0.000521272318441614
2021-06-24,-0.192654078098763,0.999628493685167,0.00037150631483184
2021-06-25,0.108937036792399,0.99970607562944,0.000293924370558848
2021-06-28,-0.0167518217997915,0.999727831279593,0.000272168720405606
2021-06-29,-0.27681098076321,0.999742753270539,0.000257246729459671
2021-06-30,-0.479940297332828,0.999820049808267,0.000179950191731941
2021-07-01,0.0759333510435741,0.999858486676851,0.000141513323147543
2021-07-02,-0.0759333510435697,0.999870891112859,0.000129108887139815
2021-07-06,-0.270453173641904,0.99988708140938,0.000112918590618911
2021-07-07,-0.110080878214675,0.999886787248596,0.000113212751403123
2021-07-08,0.312989300892779,0.999900625671957,9.93743280417625e-05
2021-07-09,0.177207759127904,0.999907490211212,9.25097887868002e-05
2021-07-12,-0.0252961761962787,0.999897727705785,0.000102272294213587
2021-07-13,-0.380212531879304,0.999917500319112,8.24996808864949e-05
2021-07-14,0.109987743225526,0.999926319771172,7.36802288261043e-05
2021-07-15,-0.169262058014053,0.999932248456369,6.77515436295446e-05
2021-07-16,0.0338753390773324,0.999927807855696,7.2192144302697e-05
2021-07-19,-0.0508173128578086,0.99991138913593,8.86108640685774e-05
2021-07-20,-0.237489509417244,0.999897802061271,0.000102197938726849
2021-07-21,0.195122013126175,0.999877756578477,0.000122243421521396
2021-07-22,-0.237590268743848,0.999855251896604,0.000144748103393802
2021-07-23,-0.0849906561444211,0.999800254684625,0.000199745315373155
2021-07-26,0.415765734037145,0.999790149115815,0.000209850884182368
2021-07-27,0.17765750622548,0.999753036460918,0.000246963539079013
2021-07-28,-0.186125265238116,0.999681771307902,0.000318228692095412
2021-07-29,0.64992843253243,0.999772916318353,0.000227083681644777
2021-07-30,-0.18526321088381,0.999828192044045,0.000171807955952374
2021-08-02,0.0758309848024298,0.999845239194593,0.000154760805404232
2021-08-03,-0.117984170099705,0.999834961638207,0.000165038361790699
2021-08-04,-0.151898763383839,0.999798888696301,0.000201111303696775
2021-08-05,-0.0253389080286401,0.999707853007532,0.000292146992465329
2021-08-06,-0.652572339963384,0.999780081800913,0.000219918199084686
2021-08-09,-0.102084228346389,0.999805746479744,0.000194253520253692
2021-08-10,-0.230071253119817,0.999818533732407,0.00018146626758992
2021-08-11,0.127882706374952,0.999799815664961,0.000200184335036764
2021-08-12,-0.0085204277306274,0.999730392307357,0.000269607692640105
2021-08-13,0.509945011234926,0.999754165990699,0.000245834009298968
2021-08-16,-0.169692896650943,0.999744263548456,0.000255736451541188
2021-08-17,-0.527885431892992,0.999835986429232,0.000164013570765413
2021-08-18,-0.102494030154623,0.999883401232446,0.000116598767551252
2021-08-19,-0.0769395207862909,0.999902493057905,9.75069420930438e-05
2021-08-20,-0.0256596674204384,0.999898713028036,0.00010128697196108
2021-08-23,0.358637563122765,0.999923574734239,7.64252657581823e-05
2021-08-24,0.119260598512311,0.999935925824908,6.4074175089161e-05
2021-08-25,0.102110287973539,0.999938806913951,6.11930860466361e-05
2021-08-26,0.0255112888836295,0.999929344218283,7.06557817142934e-05
2021-08-27,0.280195470941301,0.999933659866967,6.63401330300776e-05
2021-08-30,0.00847852813258568,0.999923170797345,7.68292026521466e-05
2021-08-31,0.0423818611980628,0.999893015327392,0.000106984672604929
2021-09-01,0.42283361095211,0.99991177006648,8.82299335171964e-05
2021-09-02,0.0674877704035782,0.999910053155476,8.99468445207906e-05
2021-09-03,0.21902123151852,0.99990747674485,9.25232551467966e-05
2021-09-07,-0.294948176575812,0.999919927655668,8.00723443298024e-05
2021-09-08,-0.26196829111202,0.999941002833054,5.89971669436791e-05
2021-09-09,0.0761260345497125,0.999950027398189,4.99726018081608e-05
2021-09-10,-0.050744250074003,0.999949909867097,5.00901329008404e-05
2021-09-13,-0.101565814909527,0.999943391581606,5.66084183908185e-05
2021-09-14,0.126941158670121,0.999929818871499,7.01811284977448e-05
2021-09-15,-0.110006357613563,0.999901397173227,9.86028267706383e-05
2021-09-16,-0.39872799379617,0.999917669828539,8.2330171458399e-05
2021-09-17,-0.255341018808039,0.999940871937538,5.91280624589578e-05
2021-09-20,-0.0426202964300137,0.999948817617301,5.11823826963746e-05
2021-09-21,-0.0426384690722011,0.999945630584489,5.43694155078732e-05
2021-09-22,0.127860904773897,0.999935770231166,6.42297688314886e-05
2021-09-23,-0.0340802593398233,0.999906881205057,9.31187949410066e-05
2021-09-24,-0.170575734322785,0.999861970412667,0.000138029587330787
2021-09-27,-0.111030459371465,0.999770818081258,0.00022918191873933
2021-09-28,-0.179617719248531,0.999620241407334,0.000379758592663687
2021-09-29,-0.592454401117559,0.999671674714025,0.000328325285973108
2021-09-30,-0.301867493879206,0.999728550408338,0.000271449591660184
2021-10-01,0.181229823065747,0.99974433727788,0.000255662722118362
2021-10-04,0.20671841986649,0.999732001962262,0.000267998037735456
2021-10-05,-0.1119194297015,0.999657694900913,0.000342305099084488
2021-10-06,-0.544160271715683,0.999737349803285,0.00026265019671339
2021-10-07,0.129830805444258,0.999759132820143,0.000240867179855378
2021-10-08,0.0951022420704154,0.999724621516652,0.000275378483345785
2021-10-12,-0.268247467562102,0.999683176219917,0.000316823780081233
2021-10-13,0.233675297814127,0.999613963762707,0.000386036237291401
2021-10-14,0.198626949019908,0.999485723716936,0.000514276283061993
2021-10-15,0.0258788010933185,0.999173913875156,0.00082608612484137
2021-10-18,0.129293643835776,0.998565791761531,0.00143420823846658
2021-10-19,0.197926143526485,0.997573700787242,0.00242629921275651
2021-10-20,0.0945220263715199,0.995529353757266,0.00447064624273186
2021-10-21,0,0.991007130383177,0.00899286961682095
2021-10-22,-0.0945220263715249,0.981666255896566,0.018333744103432
2021-10-25,-0.197926143526482,0.966321056250688,0.0336789437493098
2021-10-26,-0.163800200423836,0.938625984869408,0.0613740151305896
2021-10-27,0.0862440760658482,0.880210950926518,0.11978904907348
2021-10-28,0.730086987850243,0.870050375754079,0.129949624245919
2021-10-29,-1.14473858403509,0.872410531632161,0.127589468367837
2021-11-01,0.337035275613754,0.874545033445977,0.125454966554021
2021-11-02,-0.0863110704367498,0.874725222723793,0.125274777276206
2021-11-03,0.0259011441120201,0.872883694702343,0.127116305297656
2021-11-04,-0.328577900461871,0.870757738902329,0.129242261097669
2021-11-05,0.0692640720331937,0.865488591608299,0.134511408391699
2021-11-08,0.311095999258652,0.859292906552965,0.140707093447034
2021-11-09,-0.00862849994063597,0.845784011948136,0.154215988051862
2021-11-10,-0.623216766548374,0.841544938604839,0.158455061395159
2021-11-12,-0.644601535119252,0.841361720612952,0.158638279387046
2021-11-15,-0.192442326710786,0.83968414336496,0.160315856635039
2021-11-16,-0.773494231765853,0.843023525572197,0.156976474427802
2021-11-17,-0.0971088136343154,0.844035026059366,0.155964973940632
2021-11-18,0.317460584077242,0.844615552993783,0.155384447006216
2021-11-19,-0.352796273490869,0.845111412778861,0.154888587221137
2021-11-22,-0.513775600878777,0.847350546159729,0.15264945384027
2021-11-23,0.0443951172663537,0.847445949012882,0.152554050987116
2021-11-24,-0.614400223100081,0.850561942411717,0.149438057588281
2021-11-26,0.942312955444469,0.875226372258296,0.124773627741702
2021-11-29,-0.36342724927631,0.898928280800421,0.101071719199577
2021-11-30,0.230619225860059,0.914821559776871,0.0851784402231279
2021-12-01,0.318443435841315,0.928211386098943,0.0717886139010554
2021-12-02,-0.150249707880346,0.935828218557644,0.0641717814423546
2021-12-03,0.0176881578244881,0.939531104407681,0.060468895592318
2021-12-06,-0.23019045135595,0.941851369544394,0.0581486304556046
2021-12-07,-0.310710889589969,0.943680728169771,0.0563192718302276
2021-12-08,0.735264861803031,0.951281000628472,0.0487189993715267
2021-12-09,-0.397966477041594,0.959458486931943,0.040541513068056
2021-12-10,0.238969888471785,0.965027429748781,0.0349725702512181
2021-12-13,-0.123839025114669,0.96801288353138,0.031987116468619
2021-12-14,-0.274761972104138,0.970184463484113,0.0298155365158863
2021-12-15,-0.0532670467140307,0.971050045913673,0.0289499540863261
2021-12-16,0.425344017430137,0.972236909687601,0.0277630903123984
2021-12-17,-0.28336156390394,0.973021469758483,0.0269785302415158
2021-12-20,0.186046565291967,0.973157190185928,0.0268428098140709
2021-12-21,-0.230394430669118,0.972807104676122,0.0271928953238772
2021-12-22,0.460259265327417,0.97287992227888,0.0271200777211192
2021-12-23,-0.0353294474616397,0.972056952436712,0.0279430475632876
2021-12-27,0.0794737116314749,0.970003139252686,0.0299968607473136
2021-12-28,-0.132491297038761,0.966065225998644,0.0339347740013557
2021-12-29,0.203081611449759,0.959717440073343,0.0402825599266565
2021-12-30,-0.167733431512954,0.948773420540475,0.0512265794595242
2022-01-03,-0.247700055876141,0.933135814835162,0.0668641851648375
2022-01-04,0.0531302589315451,0.9018234511753,0.0981765488246994
2022-01-05,0.344660320860603,0.868552449470744,0.131447550529255
2022-01-06,-0.247328100638413,0.821028084575016,0.178971915424983
2022-01-07,0.450033850213271,0.786313578478625,0.213686421521374
2022-01-10,-0.26448045038767,0.738990396534463,0.261009603465535
2022-01-11,0.308492598450814,0.682462243830878,0.317537756169121
2022-01-12,0.596650010776931,0.658571149178059,0.34142885082194
2022-01-13,0.288272748222935,0.628043158728175,0.371956841271824
2022-01-14,-0.437101841135448,0.604328029392477,0.395671970607522
2022-01-18,-0.685716972613702,0.597168763023081,0.402831236976917
2022-01-19,0.0881756515996173,0.582829149069913,0.417170850930086
2022-01-20,-0.0881756515996239,0.554998216889796,0.445001783110203
2022-01-21,0.0881756515996173,0.501287788260083,0.498712211739916
2022-01-24,-0.317796877634641,0.438533493797146,0.561466506202852
2022-01-25,-0.239012197172004,0.346839611889498,0.6531603881105
2022-01-26,-0.0354578498529446,0.162127759197534,0.837872240802464
2022-01-27,-1.23105925806001,0.147999775222497,0.852000224777502
2022-01-28,0.170395987598535,0.124235036538613,0.875764963461385
2022-01-31,0.46486763493768,0.106113295343467,0.893886704656532
2022-02-01,0.240523923358806,0.0796910350874888,0.92030896491251
2022-02-02,0.532435369097914,0.0635664615168648,0.936433538483134
2022-02-03,1.10897105531594,0.0619508947573429,0.938049105242656
2022-02-04,0.262237912519045,0.0593929229017139,0.940607077098285
2022-02-07,-0.183494306367929,0.0549493627349354,0.945050637265063
2022-02-08,-0.157549266724429,0.0472851052120772,0.952714894787921
2022-02-09,0.166294730020915,0.0344610619498739,0.965538938050125
2022-02-10,0.453713368852277,0.0238670699140549,0.976132930085943
2022-02-11,-0.725179011284156,0.020102756790602,0.979897243209396
2022-02-14,-0.863061279732651,0.0193973620054218,0.980602637994577
2022-02-15,0.502890468277298,0.0190104377990856,0.980989562200913
2022-02-16,0.158283536388055,0.0179450235209804,0.982054976479018
2022-02-17,-0.149483430781108,0.0159007868376496,0.984099213162349
2022-02-18,-0.326120777336505,0.0133772454558188,0.986622754544179
2022-02-22,0.132339337325983,0.00893743612236074,0.991062563877637
2022-02-23,-0.229499615251565,0.00232798812504323,0.997672011874955
2022-02-24,-1.44194754719588,0.00168295591884285,0.998317044081155
2022-02-25,0.954725074752674,0.00162346737865824,0.99837653262134
2022-02-28,-0.329108591472871,0.00146687752539598,0.998533122474602
2022-03-01,-1.08390007280312,0.00178532143489963,0.998214678565098
2022-03-02,-0.00900698041591125,0.00186553373679809,0.9981344662632
2022-03-03,-0.442338793915133,0.00192609631440813,0.99807390368559
2022-03-04,-1.2838783227712,0.00294130543228663,0.997058694567711
2022-03-07,-0.477678659531679,0.00401158998472816,0.99598841001527
2022-03-08,0.19318344630856,0.00465984252113981,0.995340157478858
2022-03-09,1.71302594346119,0.008921043714964,0.991078956285034
2022-03-10,-0.561697436223219,0.0140136125796109,0.985986387420387
2022-03-11,-0.637989768816603,0.0210502151880975,0.9789497848119
2022-03-14,0.383282089950686,0.0271902532504697,0.972809746749528
2022-03-15,-0.0455518615811856,0.0310031455652111,0.968996854434786
2022-03-16,0.200273166621558,0.0335386647757523,0.966461335224245
2022-03-17,1.03140333485394,0.0410782947003085,0.958921705299689
2022-03-18,-0.595830958363052,0.0506159994136895,0.949384000586308
2022-03-21,0.0362122039082997,0.0566188009557546,0.943381199044243
2022-03-22,-0.235614064594731,0.0608503365208624,0.939149663479136
2022-03-23,-0.190709770374493,0.0636021644827243,0.936397835517274
2022-03-24,0.0454400880268345,0.065040615454,0.934959384545998
2022-03-25,-0.190987280099348,0.0656330107053995,0.934366989294598
2022-03-28,-0.0728531131394211,0.065304625012377,0.934695374987621
2022-03-29,1.15032290592694,0.0677331996746552,0.932266800325343
2022-03-30,0.529933426814644,0.0705282021354183,0.92947179786458
2022-03-31,-0.629045927607269,0.0744726014352586,0.925527398564739
2022-04-01,-0.451753569152871,0.078311484880402,0.921688515119596
2022-04-04,-0.462900758500028,0.0821313157616323,0.917868684238366
2022-04-05,-0.648019426440207,0.0876316623152966,0.912368337684701
2022-04-06,-0.0732802084638742,0.0909806965625734,0.909019303437425
2022-04-07,-0.119194989585458,0.0928710125493714,0.907128987450627
2022-04-08,-0.238817051136927,0.0938754297427496,0.906124570257248
2022-04-11,0.00919582510189653,0.0937768176908286,0.906223182309169
2022-04-12,-0.211718217806241,0.0928267488597853,0.907173251140212
2022-04-13,0.202522392704368,0.0908773370676761,0.909122662932322
2022-04-14,-0.719892356797076,0.0902471507612664,0.909752849238732
2022-04-15,0.148093325844288,0.088559875374979,0.911440124625019
2022-04-18,-0.250034857308139,0.0858879630786735,0.914112036921325
2022-04-19,0.0370816728083236,0.0812330662521876,0.91876693374781
2022-04-20,0.628293668051225,0.0780904428751803,0.921909557124818
2022-04-21,-0.165929241610222,0.0731327619135616,0.926867238086437
2022-04-22,-0.453096156356965,0.0682022259353322,0.931797774064666
2022-04-25,-0.809570326780469,0.0660389191169996,0.933961080882998
2022-04-26,-0.393185303390052,0.0635468238655474,0.936453176134451
2022-04-27,-1.05611542686665,0.0635616165629513,0.936438383437047
2022-04-28,-0.465581153619393,0.063577792631578,0.93642220736842
2022-04-29,0.351761545391282,0.0632412163202382,0.93675878367976
2022-05-02,-0.151961279123982,0.0620566900619898,0.937943309938008
2022-05-03,0.104498180791216,0.0597408461378597,0.940259153862139
2022-05-04,0.0664420317736731,0.0557789071997406,0.944221092800258
2022-05-05,-0.304096024516156,0.0506450659555257,0.949354934044472
2022-05-06,0.616729503540454,0.0469863893214499,0.953013610678548
2022-05-09,-0.123041991766536,0.0412111734612834,0.958788826538715
2022-05-10,-0.265528842591737,0.0334276876815207,0.966572312318477
2022-05-11,0.0569584218930642,0.0210131678024694,0.978986832197529
2022-05-12,-1.53974256032477,0.0184931195626819,0.981506880437316
2022-05-13,0.327143561273469,0.0153299144358763,0.984670085564122
2022-05-16,0.0960153698343509,0.0104236184967514,0.989576381503247
2022-05-17,1.06912053088421,0.00873328495691938,0.991266715043079
2022-05-18,-0.361457636954274,0.00670016682825667,0.993299833171742
2022-05-19,0.882316809672246,0.00575961444305197,0.994240385556946
2022-05-20,-0.264825653686533,0.00443712921857773,0.99556287078142
2022-05-23,1.02700294953905,0.00398770577391862,0.99601229422608
2022-05-24,0.709885290116877,0.00374311454550754,0.996256885454491
2022-05-25,-0.803667534634584,0.00373609135047523,0.996263908649523
2022-05-26,0.626668093949,0.00381238953563531,0.996187610464363
2022-05-27,-0.149295539534276,0.00368012528081211,0.996319874719186
2022-05-31,0.205223952625233,0.00334366509977526,0.996656334900223
2022-06-01,-0.795251419442466,0.00324112634279281,0.996758873657206
2022-06-02,0.813887274882161,0.00335171130621572,0.996648288693783
2022-06-03,-0.111867262528457,0.00325747626930459,0.996742523730694
2022-06-06,-0.205415571763324,0.0029748073717796,0.997025192628219
2022-06-07,-0.0186950832475737,0.00241611049919792,0.997583889500801
2022-06-08,0.401176075672475,0.00175185181738518,0.998248148182613
2022-06-09,-0.785197528268524,0.00136895768551981,0.998631042314479
2022-06-10,-1.27498539718826,0.00135134500108512,0.998648654998914
2022-06-13,-0.811189255166866,0.00144841776483636,0.998551582235162
2022-06-14,-0.191828180826861,0.00141710213308293,0.998582897866915
2022-06-15,-0.269179166571153,0.00127462315975909,0.998725376840239
2022-06-16,1.36719945979582,0.00142896849284571,0.998571031507153
2022-06-17,-0.552277160745149,0.00157936969376601,0.998420630306233
2022-06-21,0.713575170003167,0.00181305973957707,0.998186940260422
2022-06-22,0.331267162054719,0.00194226929177065,0.998057730708228
2022-06-23,-0.758800947094917,0.00218923517711831,0.997810764822881
2022-06-24,0.342173131116132,0.00232996243564674,0.997670037564353
2022-06-27,0.586567433916087,0.00249265019663864,0.997507349803361
2022-06-28,-0.634021522976314,0.0027100670876682,0.997289932912331
2022-06-29,-0.542574269036957,0.0029276570299811,0.997072342970019
2022-06-30,-0.0763869033610074,0.00295289356722452,0.997047106432775
2022-07-01,-0.574769280388657,0.00299726286289482,0.997002737137105
2022-07-05,-1.50029431718224,0.00359776801362433,0.996402231986376
2022-07-06,-0.793072154989758,0.0045003120708802,0.99549968792912
2022-07-07,-0.137713970220345,0.00507989646547454,0.994920103534525
2022-07-08,0.186851605723299,0.00541218672166586,0.994587813278334
2022-07-11,-0.888192950402263,0.00610500717643044,0.99389499282357
2022-07-12,-0.188520172914059,0.00652146035759801,0.993478539642402
2022-07-13,0.119106713832678,0.00667501426037611,0.993324985739624
2022-07-14,-0.527128377575761,0.00682178199340036,0.9931782180066
2022-07-15,0.606454113019538,0.00703280776269545,0.992967192237305
2022-07-18,0.701272072409374,0.00740662034355484,0.992593379656445
2022-07-19,0.764784588505579,0.00804463013348263,0.991955369866517
2022-07-20,-0.205328842610488,0.0084044677137765,0.991595532286223
2022-07-21,-0.195944022719799,0.00851039157671655,0.991489608423283
2022-07-22,0.274214254677662,0.00841263426070472,0.991587365739295
2022-07-25,-0.137013135546457,0.00803340213684728,0.991966597863153
2022-07-26,-0.93472417656821,0.00805931505158467,0.991940684948415
2022-07-27,-0.0791139281771105,0.00780491799013103,0.992195082009869
2022-07-28,0.542648462968162,0.0075666649334099,0.99243333506659
2022-07-29,0.383010534510549,0.00719952777393301,0.992800472226067
2022-08-01,0.664324443973189,0.00697140236005138,0.993028597639948
2022-08-02,-0.742771202261673,0.0069394655169291,0.993060534483071
2022-08-03,-0.471977277335191,0.00685871125364975,0.99314128874635
2022-08-04,0.736488820244096,0.00696066358353941,0.99303933641646
2022-08-05,-0.500221728647069,0.00703655132211725,0.992963448677882
2022-08-08,0.36315493608929,0.0069813324082097,0.99301866759179
2022-08-09,0.185973723644617,0.00668957475606518,0.993310425243934
2022-08-10,1.07961949285403,0.00686784490125079,0.993132155098749
2022-08-11,0.00967351874999278,0.00678298666423629,0.993217013335763
2022-08-12,-0.786602744857365,0.0069215210103117,0.993078478989688
2022-08-15,-0.694617086286119,0.00720870072958604,0.992791299270413
2022-08-16,-0.117878206183946,0.00723809354833449,0.992761906451665
2022-08-17,-0.0983380942655717,0.00700627415837101,0.992993725841628
2022-08-18,-0.493146280012626,0.00674466027156966,0.99325533972843
2022-08-19,-0.744309494840184,0.00667948007993154,0.993320519920068
2022-08-22,-1.03129825182665,0.00704550375958449,0.992954496240415
2022-08-23,0.401768318661239,0.00730010022835948,0.99269989977164
2022-08-24,-0.0902572392416194,0.00729250410578068,0.992707495894219
2022-08-25,-0.080297103581669,0.00701788229955978,0.99298211770044
2022-08-26,0.390840804187607,0.00662388627884924,0.99337611372115
2022-08-29,0.0200020002667023,0.00589546895199076,0.994104531048009
2022-08-30,0.17983819413794,0.00480371336436735,0.995196286635632
2022-08-31,0.46805841563297,0.00365163137752244,0.996348368622477
2022-09-01,-1.14915079212534,0.00322080397205393,0.996779196027946
2022-09-02,0.800805080334275,0.00298642135987965,0.99701357864012
2022-09-06,-1.16327023754619,0.00307930207556031,0.99692069792444
2022-09-07,0.282030807409871,0.00304322358760466,0.996956776412395
2022-09-08,0.14071768328648,0.00283421425731806,0.997165785742682
2022-09-09,0.899916082250736,0.00281848846580199,0.997181511534198
2022-09-12,0.822805137680719,0.00294398811945009,0.99705601188055
2022-09-13,-1.31175487196163,0.00350877659381893,0.996491223406181
2022-09-14,-0.0400200105391428,0.00383350469742296,0.996166495302577
2022-09-15,-0.0200160128770783,0.00395041512337559,0.996049584876624
2022-09-16,0.219956097478437,0.00390562438433551,0.996094375615665
2022-09-19,-0.0999200722622136,0.00366511059072196,0.996334889409278
2022-09-20,-0.0900135081030453,0.00320050713234563,0.996799492867654
2022-09-21,-1.14724011622368,0.00310225009823548,0.996897749901765
2022-09-22,-0.395517984292805,0.00291860889554669,0.997081391104454
2022-09-23,-1.24745993955149,0.00305366596024418,0.996946334039756
2022-09-26,-0.992666614706975,0.00343363528822195,0.996566364711778
2022-09-27,-0.0727688581411996,0.0036143782616197,0.996385621738381
2022-09-28,0.673682394508275,0.00385910055562333,0.996140899444377
2022-09-29,0.956059711002879,0.00438185937816915,0.995618140621831
2022-09-30,0.0920386627328527,0.00467261447377032,0.99532738552623
2022-10-03,0.265414610688687,0.00480256507349648,0.995197434926504
2022-10-04,1.69821123491915,0.00550477515309119,0.994495224846909
2022-10-05,-1.11879411198235,0.0068520688901184,0.993147931109882
2022-10-06,-0.610005958250504,0.00828718580915195,0.991712814190849
2022-10-07,-0.21438423810019,0.0093461564215935,0.990653843578407
2022-10-11,-0.286562472222659,0.0101344943970375,0.989865505602963
2022-10-12,-0.668417317153377,0.0110612793695244,0.988938720630476
2022-10-13,0.903868109244661,0.0125149502381834,0.987485049761817
2022-10-14,-0.420104106766371,0.0137774518803774,0.986222548119623
2022-10-17,1.0622099668012,0.0160411786459898,0.98395882135401
2022-10-18,-0.0101600203287757,0.0176446501148416,0.982355349885159
2022-10-19,-0.631945839706053,0.0194207198577493,0.980579280142251
2022-10-20,0.438709064600658,0.0210013944338702,0.97899860556613
2022-10-21,0.325236591195119,0.0222402926008394,0.977759707399161
2022-10-24,0.192609923198754,0.0230585244041996,0.976941475595801
2022-10-25,0.857162511283121,0.0244039082718103,0.97559609172819
2022-10-26,1.08854123235668,0.0269745945765385,0.973025405423462
2022-10-27,-0.827811040529077,0.0304971566166775,0.969502843383323
2022-10-28,-0.512075018261993,0.0339255098654256,0.966074490134574
2022-10-31,-0.494476006257839,0.0372054294119548,0.962794570588045
2022-11-01,-0.141729118682937,0.0396044696995961,0.960395530300404
2022-11-02,0.040514535143463,0.0412390921541184,0.958760907845882
2022-11-03,-1.18163746278615,0.0446572468873692,0.955342753112631
2022-11-04,1.3839642895205,0.0517833791203751,0.948216620879625
2022-11-07,1.02554689305146,0.0629866747803952,0.937013325219605
2022-11-08,0.916067344119844,0.078810929171105,0.921189070828895
2022-11-09,-0.516745659457889,0.0942584125154037,0.905741587484596
2022-11-10,1.3753741766103,0.123557138188098,0.876442861811902
2022-11-14,1.56976849885814,0.179869582311789,0.82013041768821
2022-11-15,0.338017609007016,0.228209203705814,0.771790796294185
2022-11-16,0.221505363355847,0.267384092224679,0.73261590777532
2022-11-17,-0.520834510713835,0.305515755183086,0.694484244816914
2022-11-18,0.0773320483197945,0.33512084583608,0.664879154163919
2022-11-21,-1.07836086506444,0.380813930279445,0.619186069720554
2022-11-22,0.370479121224566,0.420837508903754,0.579162491096246
2022-11-23,0.852718345222643,0.472419398746773,0.527580601253227
2022-11-25,0.365983265101721,0.51750946436616,0.482490535633839
2022-11-28,-0.153934992875354,0.553172959424776,0.446827040575224
2022-11-29,-0.28926835328359,0.58296473725208,0.417035262747919
2022-11-30,-0.319164640583827,0.608249106788077,0.391750893211923
2022-12-01,1.6810347346655,0.656779740141027,0.343220259858973
2022-12-02,0.218849699604265,0.696272484336952,0.303727515663047
2022-12-05,-0.256959456163065,0.728895116499901,0.271104883500098
2022-12-06,0.0285836789140597,0.754219697717091,0.245780302282908
2022-12-07,0.0761832243302963,0.773916575034883,0.226083424965117
2022-12-08,0.446408111804969,0.792146908870527,0.207853091129472
2022-12-09,-0.0189555492937993,0.806178234006277,0.193821765993722
2022-12-12,-0.0474045991337533,0.816944964620645,0.183055035379354
2022-12-13,0.802837842311858,0.830654561535986,0.169345438464013
2022-12-14,0.234907319672379,0.841765020198428,0.158234979801571
2022-12-15,-0.159676923045442,0.850461618594579,0.14953838140542
2022-12-16,-0.263554369423415,0.857556829598032,0.142443170401967
2022-12-19,0.131864010818639,0.862977218761254,0.137022781238746
2022-12-20,0.103485591812228,0.867015677687643,0.132984322312356
2022-12-21,-0.339079160708245,0.87038765118491,0.12961234881509
2022-12-22,-0.103837268026312,0.87275888193618,0.127241118063819
2022-12-23,0.311188897454776,0.874580437443877,0.125419562556123
2022-12-27,0.310223515540473,0.875901938490991,0.124098061509009
2022-12-28,-0.300808649459987,0.876743884303364,0.123256115696635
2022-12-29,0.432128431956027,0.877397634590637,0.122602365409363
2022-12-30,0.280820178929055,0.87756963082888,0.122430369171119
2023-01-03,-1.3078231284681,0.879712732804298,0.120287267195701
2023-01-04,0.576043898941555,0.882048121128022,0.117951878871977
2023-01-05,-0.927071250517734,0.885960279268914,0.114039720731085
2023-01-06,0.917654611309314,0.891935093630654,0.108064906369345
2023-01-09,1.30977641900637,0.903475474682039,0.0965245253179597
2023-01-10,-0.204689315977362,0.912694081716403,0.0873059182835966
2023-01-11,0.0279368628720143,0.919705733834962,0.0802942661650369
2023-01-12,0.769841023229068,0.928560957735425,0.0714390422645738
2023-01-13,-0.110936500237507,0.935383617465791,0.0646163825342082
2023-01-17,-0.166635846742505,0.940704816919662,0.0592951830803372
2023-01-18,0.314523848555193,0.945181099184093,0.0548189008159063
2023-01-19,-0.157138267764433,0.94861332749203,0.0513866725079695
2023-01-20,0.194076120248307,0.951253345021892,0.0487466549781068
2023-01-23,0.3134220854793,0.95342359354159,0.0465764064584091
2023-01-24,0.0736038307219384,0.954937270368006,0.0450627296319934
2023-01-25,0.25718761306091,0.956045548521127,0.0439544514788725
2023-01-26,-0.321588001689025,0.956870605824569,0.0431293941754297
2023-01-27,-0.0828614879616203,0.957240943920019,0.0427590560799804
2023-01-30,0.0920640830999451,0.95718513142891,0.0428148685710895
2023-01-31,-0.0828538597455075,0.956690674812974,0.043309325187025
2023-02-01,0.541907181487288,0.956288279288217,0.0437117207117824
2023-02-02,0.00915960614334887,0.955391639694099,0.0446083603059005
2023-02-03,-0.855452947101236,0.955190872798377,0.0448091272016219
2023-02-06,-0.956056848320758,0.95581459126409,0.0441854087359096
2023-02-07,-0.158678336369988,0.956024085697018,0.043975914302981
2023-02-08,0.27053517129909,0.955929773732223,0.0440702262677758
2023-02-09,0.251221346361828,0.955504638838839,0.0444953611611601
2023-02-10,-0.849242190459332,0.955734673447754,0.0442653265522451
2023-02-13,0.448850575899654,0.9559014469151,0.0440985530848988
2023-02-14,0.0373134332687397,0.955606140140011,0.0443938598599883
2023-02-15,-0.364401244159566,0.955115698401823,0.0448843015981762
2023-02-16,0.00936022839640552,0.954098105551467,0.0459018944485315
2023-02-17,-0.0561745169719938,0.952459285703526,0.0475407142964734
2023-02-21,-0.19685968391753,0.950183367654283,0.0498166323457159
2023-02-22,-0.319549144094279,0.947407441418085,0.0525925585819143
2023-02-23,-0.377252168628892,0.944242432806775,0.0557575671932235
2023-02-24,-0.359712618084948,0.940573844094582,0.0594261559054163
2023-02-27,0.482475747908536,0.936899055672977,0.0631009443270214
2023-02-28,0.0566091155790918,0.931718585597147,0.0682814144028519
2023-03-01,0.676821534613859,0.92772821586173,0.0722717841382691
2023-03-02,-0.742868619149046,0.92499270631582,0.0750072936841787
2023-03-03,0.198010530964408,0.921266211735345,0.0787337882646538
2023-03-06,0.73205394966332,0.918707934281074,0.0812920657189248
2023-03-07,-1.13792547761503,0.918118211087462,0.0818817889125369
2023-03-08,-0.227251305071768,0.916985036257619,0.0830149637423799
2023-03-09,0.265076364624431,0.915309518783941,0.0846904812160574
2023-03-10,0.772277336108389,0.914517106320027,0.0854828936799719
2023-03-13,0.691850179238747,0.9142888876347,0.0857111123652982
2023-03-14,-0.10254020940412,0.91338681297606,0.0866131870239382
2023-03-15,-1.75946581491936,0.914523591009057,0.085476408990941
2023-03-16,0.822427474405509,0.916613208979395,0.0833867910206034
2023-03-17,0.235084033226161,0.918083405100082,0.0819165948999168
2023-03-20,0.701954307287704,0.920163529609448,0.0798364703905498
2023-03-21,0.437393094139773,0.922061238032656,0.0779387619673421
2023-03-22,0.213348255871088,0.923341281773474,0.076658718226524
2023-03-23,0.903981803941432,0.925874456522574,0.0741255434774244
2023-03-24,-1.18235258776411,0.931337923330162,0.0686620766698365
2023-03-27,0.250568550197507,0.935681367399418,0.0643186326005803
2023-03-28,0.508483506721616,0.940028793524763,0.0599712064752349
2023-03-29,-0.166128326163302,0.943293853136746,0.0567061468632522
2023-03-30,0.672039353238848,0.947286223974731,0.0527137760252676
2023-03-31,-0.248036505833218,0.950427554212779,0.0495724457872192
2023-04-03,0.17460832447068,0.952753191016542,0.0472468089834567
2023-04-04,0.54940162000728,0.955239668783968,0.0447603312160308
2023-04-05,-0.301797293405606,0.957236331958992,0.0427636680410068
2023-04-06,0.0823987229042337,0.958572850853887,0.0414271491461117
2023-04-07,-0.128205145765561,0.959388405528756,0.0406115944712426
2023-04-10,-0.671174311945251,0.960595407421043,0.0394045925789557
2023-04-11,0.607010049236954,0.962074629375179,0.0379253706248196
2023-04-12,0.739965921487415,0.964227244464595,0.0357727555354035
2023-04-13,0.607959769232731,0.966733688333094,0.033266311666904
2023-04-14,-0.671691732968652,0.969872570936302,0.0301274290636965
2023-04-17,-0.593744607947757,0.973403213200333,0.0265967867996651
2023-04-18,0.393179311431691,0.97656793711166,0.0234320628883382
2023-04-19,-0.0456391774614608,0.978845359605684,0.0211546403943142
2023-04-20,0.155088294552931,0.980513642715658,0.0194863572843401
2023-04-21,0.0273435721523228,0.981648424043002,0.018351575956996
2023-04-24,0.490910076787948,0.982806388030035,0.0171936119699633
2023-04-25,-0.53648685165282,0.984071980542675,0.0159280194573229
2023-04-26,0.762946480115672,0.985968643972298,0.0140313560277
2023-04-27,-0.317187270324223,0.987543796695999,0.0124562033039992
2023-04-28,0.208550649102158,0.988726387239555,0.0112736127604432
2023-05-01,-0.636076656181046,0.99021266241209,0.00978733758790779
2023-05-02,0.245823404165857,0.991367924212907,0.0086320757870907
2023-05-03,0.471741780224069,0.99252407353849,0.00747592646150866
2023-05-04,-0.362680604277184,0.993534556923811,0.00646544307618698
2023-05-05,0.15430000792258,0.994259642210556,0.00574035778944146
2023-05-08,-0.0544316442723368,0.994735705757177,0.00526429424282084
2023-05-09,-0.609841238315905,0.995369004849002,0.00463099515099638
2023-05-10,0.118618564024719,0.99579539875453,0.00420460124546844
2023-05-11,-0.456997413576474,0.996231753054961,0.00376824694503653
2023-05-12,-0.551168031352403,0.996758877228804,0.00324112277119384
2023-05-15,0.165669619116092,0.997128148467364,0.00287185153263378
2023-05-16,-0.0735970594397471,0.997353732266022,0.00264626773397642
2023-05-17,-0.33185871164321,0.997533480110919,0.00246651988907901
2023-05-18,-0.499862190483647,0.997757439617963,0.00224256038203511
2023-05-19,0.398240859737372,0.997970711591939,0.00202928840805941
2023-05-22,-0.120231228356241,0.998085605609385,0.0019143943906135
2023-05-23,-0.324419805324099,0.998167612396671,0.00183238760332737
2023-05-24,-0.120767351758224,0.99816630853251,0.00183369146748783
2023-05-25,-0.307219903697025,0.998129425156071,0.00187057484392747
2023-05-26,-0.111950753365972,0.99800245396519,0.00199754603480821
2023-05-30,0.0839748124924965,0.99776433304355,0.00223566695644804
2023-05-31,-0.636229691053873,0.997660886672217,0.00233911332778164
2023-06-01,0.915637528598646,0.997842468014766,0.00215753198523248
2023-06-02,-0.260756340708083,0.997958688262599,0.00204131173739892
2023-06-05,-0.0279785499610082,0.997971528026231,0.00202847197376695
2023-06-06,-0.242809233973388,0.997921829881552,0.00207817011844614
2023-06-07,0.0654297354744164,0.997764562120855,0.0022354378791434
2023-06-08,0.72619255917383,0.997790579834762,0.00220942016523583
2023-06-09,-0.287983848992469,0.99776570582893,0.00223429417106776
2023-06-12,-0.0186081131910166,0.997625829433352,0.00237417056664646
2023-06-13,0.417847304643843,0.997491743108666,0.00250825689133175
2023-06-14,0.618911032930885,0.997486002086342,0.00251399791365564
2023-06-15,0.679150921758418,0.997646515670391,0.00235348432960668
2023-06-16,-0.0731997470693838,0.997689792245989,0.00231020775400969
2023-06-20,-0.229095174655582,0.997657056308868,0.00234294369113073
2023-06-21,0.466798705852408,0.997659309744442,0.00234069025555702
2023-06-22,0.0182615047987473,0.997540855567422,0.00245914443257659
2023-06-23,-0.604397444256652,0.997545170998192,0.00245482900180694
2023-06-26,0.211038294593646,0.997461775748127,0.00253822425187205
2023-06-27,0.466371838860696,0.997415285656362,0.00258471434363652
2023-06-28,-0.521382383935488,0.997440407211063,0.00255959278893554
2023-06-29,-0.211154542535648,0.99737469404913,0.00262530595086916
2023-06-30,0.35778213478839,0.997282167065562,0.00271783293443691
2023-07-03,-0.00915792848297902,0.997040617270089,0.00295938272991023
2023-07-05,-0.468169946782794,0.996842245557246,0.00315775444275354
2023-07-06,0.0459960451511156,0.996460689358916,0.00353931064108291
2023-07-07,0.833452642492711,0.996442578854152,0.00355742114584675
2023-07-10,0.245957764622385,0.996324215036114,0.00367578496388502
2023-07-11,0.00909793932301617,0.996021858345745,0.0039781416542539
2023-07-12,1.18473011298989,0.99632607411184,0.00367392588815931
2023-07-13,0.636288385927545,0.996838786163677,0.00316121383632212
2023-07-14,0.383398445659751,0.997309681639451,0.00269031836054777
2023-07-17,-0.00889956837680276,0.997590363441556,0.00240963655844268
2023-07-18,-0.115766520787835,0.997736525913959,0.00226347408603976
2023-07-19,-0.249799398340076,0.997807168094139,0.00219283190585919
2023-07-20,-0.537394934138717,0.997961113223012,0.0020388867769866
2023-07-21,-0.134801188689453,0.998008971272763,0.00199102872723578
2023-07-24,-0.33328860289204,0.998026039181519,0.00197396081847946
2023-07-25,-0.298197482975422,0.997996955540155,0.00200304445984361
2023-07-26,0.253073164715015,0.997900713603752,0.0020992863962468
2023-07-27,-0.724772152528906,0.998010711142542,0.00198928885745664
2023-07-28,0.372101895059163,0.998107407326962,0.00189259267303667
2023-07-31,-0.172265331144618,0.99811296979134,0.00188703020865902
2023-08-01,-0.44563758894147,0.998147986110349,0.00185201388965041
2023-08-02,-0.292104269769994,0.998136009464311,0.00186399053568763
2023-08-03,0.0731060984766555,0.998010421932892,0.00198957806710664
2023-08-04,0.80972102326193,0.998148863252516,0.0018511367474826
2023-08-07,-0.326738355666897,0.998251819812744,0.00174818018725528
2023-08-08,-0.446449650474859,0.998385286956446,0.00161471304355317
2023-08-09,0.21891826676129,0.998445348304125,0.00155465169587392
2023-08-10,0.372880246511877,0.998499495546257,0.00150050445374142
2023-08-11,-0.537024000309751,0.998636646263744,0.0013633537362546
2023-08-14,-0.319941769329416,0.998743489039068,0.00125651096093046
2023-08-15,0.054919909847217,0.998758195623263,0.00124180437673561
2023-08-16,-0.219860843420274,0.998714831168835,0.00128516883116409
2023-08-17,-0.275507567050264,0.998628469707441,0.00137153029255784
2023-08-18,0.00919582510189653,0.998427775863292,0.0015722241367069
2023-08-21,0.119468837441732,0.998088534627702,0.00191146537229604
2023-08-22,-0.386491693029598,0.997737948283082,0.00226205171691647
2023-08-23,0.147411119378478,0.997187461024372,0.00281253897562655
2023-08-24,-0.331981123786738,0.996540552696874,0.00345944730312429
2023-08-25,-0.360894298149416,0.995819374989331,0.00418062501066791
2023-08-28,0.212992625782485,0.994788525508745,0.00521147449125393
2023-08-29,0.378560998695362,0.993672725821016,0.00632727417898265
2023-08-30,0.688802833545542,0.993125152252097,0.00687484774790204
2023-08-31,-0.799452913991298,0.993128204777911,0.00687179522208757
2023-09-01,-0.480903544032096,0.993216168568633,0.00678383143136592
2023-09-05,-0.557777777799986,0.99349095643426,0.00650904356573896
2023-09-06,-0.121263015652363,0.993522883722938,0.00647711627706037
2023-09-07,-0.0933794072895884,0.99330438194586,0.00669561805413908
2023-09-08,0.0467006032865198,0.99277496377922,0.00722503622077842
2023-09-11,0.326294980219858,0.992110547093176,0.00788945290682294
2023-09-12,-0.167675866020298,0.991045272883023,0.00895472711697574
2023-09-13,0.102501989126507,0.989317128093628,0.0106828719063714
2023-09-14,-0.719730171429995,0.988515129092552,0.0114848709074466
2023-09-15,0.12187691941292,0.987159678542347,0.012840321457652
2023-09-18,0.205915460254103,0.985167765937915,0.0148322340620835
2023-09-19,-0.102904728665442,0.981987371111073,0.0180126288889262
2023-09-20,0.289733367782588,0.977925500731735,0.022074499268264
2023-09-21,-0.477104604913266,0.974320056018576,0.0256799439814225
2023-09-22,-0.0375164138709061,0.9684143751876,0.0315856248123987
2023-09-25,-0.649383487616639,0.964887253093862,0.0351127469061367
2023-09-26,-0.170100211114267,0.959546589342132,0.0404534106578671
2023-09-27,-0.597639686152964,0.955969880523425,0.0440301194765738
2023-09-28,0.644918775492845,0.953922391353069,0.0460776086469296
2023-09-29,0.0567054168866375,0.950378116399504,0.0496218836004949
2023-10-02,-0.796816964917685,0.949131100546897,0.050868899453102
2023-10-03,-0.448623861290775,0.947992450146716,0.052007549853283
2023-10-04,0.619905661658245,0.94763826667546,0.0523617333245387
2023-10-05,0.0855310102035175,0.946427902281032,0.0535720977189664
2023-10-06,0.653318614063554,0.94615258797598,0.0538474120240194
2023-10-10,0.207410275165642,0.945234091212715,0.0547659087872837
2023-10-11,0.0188341652313075,0.943230788886635,0.0567692111133642
2023-10-12,-0.63288361248398,0.942270725291233,0.0577292747087663
2023-10-13,-0.484446447328551,0.941561648232719,0.05843835176728
2023-10-16,0.418092589261047,0.940835784067198,0.0591642159328012
2023-10-17,0.444676450608089,0.940197504297375,0.0598024957026243
2023-10-18,-0.577516398029603,0.940172395970305,0.0598276040296939
2023-10-19,0.360155824808341,0.939929238011842,0.0600707619881572
2023-10-20,0.207919931250612,0.93900712895896,0.0609928710410391
2023-10-23,0.508523555591339,0.938446371032722,0.0615536289672772
2023-10-24,-0.480204303030312,0.938115841997319,0.0618841580026796
2023-10-25,-0.1133251608675,0.936887248760813,0.0631127512391858
2023-10-26,-0.483069847752458,0.935938114116842,0.0640618858831565
2023-10-27,0.568075756058947,0.935618402867577,0.0643815971324213
2023-10-30,0.264001661914045,0.934743345547941,0.0652566544520577
2023-10-31,-0.490844859376868,0.934166964643372,0.0658330353566269
2023-11-01,-0.284279543293007,0.933070303373378,0.0669296966266209
2023-11-02,0.75629023743858,0.933447056968339,0.0665529430316595
2023-11-03,1.07724333379075,0.93742627308534,0.0625737269146589
2023-11-06,0.130353835962885,0.93986846894769,0.0601315310523082
2023-11-07,-0.559859631625659,0.943173962600019,0.0568260373999794
2023-11-08,0.26165793827807,0.945541902208451,0.0544580977915477
2023-11-09,-0.046674446588294,0.946756141237312,0.0532438587626864
2023-11-13,-0.0934142991796796,0.947114950080148,0.0528850499198503
2023-11-14,1.49346498300386,0.952404516321458,0.0475954836785408
2023-11-15,-0.0736851834021181,0.955735549613422,0.0442644503865766
2023-11-16,-0.0184297825807281,0.957705210834224,0.042294789165775
2023-11-17,0.257708380087521,0.959042487666022,0.0409575123339762
2023-11-20,0.604840553588066,0.961114753842796,0.0388852461572023
2023-11-21,-0.201207311342012,0.962416320250476,0.0375836797495228
2023-11-22,-0.47719646395429,0.963873593410865,0.0361264065891341
2023-11-24,0.577850725094408,0.96594537834565,0.0340546216543488
2023-11-27,0.0274335880281276,0.967071595486809,0.0329284045131897
2023-11-28,0.637989768816599,0.969012050335048,0.0309879496649511
2023-11-29,-0.345832161205757,0.970612940661088,0.0293870593389103
2023-11-30,-0.557664744585503,0.972741527273481,0.0272584727265176
2023-12-01,-0.275406398257303,0.974301303567682,0.0256986964323168
2023-12-04,-0.497651013228214,0.976108058763328,0.0238919412366708
2023-12-05,-0.342418547519491,0.977598393360566,0.0224016066394335
2023-12-06,0.027807387675129,0.978369552632756,0.0216304473672429
2023-12-07,0.0370644926407738,0.978586627483271,0.0214133725167281
2023-12-08,-0.44568318898212,0.978851792790045,0.0211482072099549
2023-12-11,0.00930535523865449,0.978604695163949,0.0213953048360504
2023-12-12,0.399313341102696,0.978308695093714,0.0216913049062853
2023-12-13,0.0277996573165949,0.977425268854128,0.0225747311458712
2023-12-14,1.8724732485588,0.978647754629019,0.0213522453709805
2023-12-15,-0.830941182492753,0.98131301787954,0.018686982120459
2023-12-18,0.128287381288912,0.983067638702849,0.0169323612971502
2023-12-19,0.520620438842023,0.985061324501697,0.0149386754983029
2023-12-20,-0.182365328192326,0.986412058272597,0.013587941727402
2023-12-21,0.300724699227373,0.987447236794417,0.012552763205582
2023-12-22,0.163651277545779,0.988067346479625,0.0119326535203741
2023-12-26,0.244975851771176,0.988424608371409,0.0115753916285898
2023-12-27,0.713353514902976,0.989294802152393,0.0107051978476057
2023-12-28,-0.369586214175829,0.990039544385849,0.00996045561415016
2023-12-29,-0.0993901143484804,0.99041736576112,0.0095826342388791
2024-01-02,-0.953729014923018,0.991836857752464,0.00816314224753505
2024-01-03,-0.439038480763641,0.993236699837411,0.00676330016258734
2024-01-04,0.43903848076364,0.99461957218555,0.00538042781444889
2024-01-05,0,0.995492504397934,0.00450749560206464
2024-01-08,0.17325495602732,0.996071030092714,0.00392896990728489
2024-01-09,-0.374241685479821,0.996586759650622,0.0034132403493762
2024-01-10,0.228362739113854,0.996934365664189,0.00306563433580964
2024-01-11,-0.155229908356354,0.997116825088656,0.00288317491134259
2024-01-12,0.146105404494915,0.997157395099359,0.00284260490063987
2024-01-16,-0.705098841752156,0.997446634937778,0.0025533650622205
2024-01-17,-0.220791258047419,0.99761660226627,0.00238339773372825
2024-01-18,0.04603839683544,0.997640435309906,0.00235956469009277
2024-01-19,0.220689744742912,0.997568182310713,0.00243181768928523
2024-01-22,0.0734551497540219,0.997342275591354,0.00265772440864518
2024-01-23,-0.607624775034082,0.99728294250208,0.00271705749791858
2024-01-24,0.662680749997924,0.997428007573839,0.00257199242615931
2024-01-25,-0.58883232053633,0.997725994113121,0.00227400588687785
2024-01-26,0.267244318847316,0.997930485329573,0.00206951467042625
2024-01-29,-0.544457580830281,0.998247224255505,0.00175277574449417
2024-01-30,0.341785931539048,0.998519134167574,0.00148086583242435
2024-01-31,0.101387169383598,0.998664213684922,0.00133578631507696
2024-02-01,0.0920810378137904,0.998707181719814,0.00129281828018484
2024-02-02,-0.720490831510099,0.998955975010052,0.00104402498994698
2024-02-05,-0.473912516396595,0.999256662483322,0.000743337516676689
2024-02-06,0.139619327376497,0.999455083114487,0.000544916885511085
2024-02-07,0.167286284365294,0.999588801402014,0.000411198597984667
2024-02-08,0.0464187911598021,0.999665590139521,0.000334409860477821
2024-02-09,0.0742252771135188,0.999702754373477,0.000297245626521577
2024-02-12,-0.0742252771135147,0.999707585649968,0.0002924143500305
2024-02-13,-0.502466861568595,0.99976214704678,0.000237852953218612
2024-02-14,0.139827568808834,0.999793329947649,0.000206670052349638
2024-02-15,0.241905588751106,0.999818693386358,0.000181306613640768
2024-02-16,0.0743149128488514,0.999824671213706,0.000175328786292236
2024-02-20,0.416995461306908,0.99985919462293,0.000140805377068585
2024-02-21,0.0369822489422218,0.999877473074647,0.000122526925351407
2024-02-22,-0.0277354044213351,0.999883352125838,0.000116647874160491
2024-02-23,0.120131234703263,0.999881625028218,0.000118374971780657
2024-02-26,0.249043157820027,0.999884250000015,0.000115749999982997
2024-02-27,0.0184229919460153,0.999874973602111,0.000125026397887806
2024-02-28,-0.129032275967029,0.999856073165612,0.000143926834386771
2024-02-29,-0.332563816901635,0.999851810191502,0.000148189808496331
2024-03-01,0.231064384889055,0.99984575716972,0.000154242830278918
2024-03-04,0.276574344273452,0.999844168174776,0.000155831825222767
2024-03-05,-0.00920683147545656,0.999821737532264,0.000178262467734209
2024-03-06,0.477634783305358,0.999845455484433,0.000154544515565086
2024-03-07,0.256246136370015,0.999869384190545,0.000130615809453719
2024-03-08,0,0.999875924017341,0.000124075982657179
2024-03-11,-0.118889766621866,0.99987107440855,0.000128925591448325
2024-03-12,-0.0915499468868335,0.99985141215882,0.000148587841178137
2024-03-13,0.237855752062869,0.999829449688678,0.000170550311320218
2024-03-14,-0.513009553102973,0.999864865531586,0.00013513446841276
2024-03-15,0,0.999879655289652,0.000120344710346604
2024-03-18,-0.0183705337156678,0.99987794796728,0.000122052032718128
2024-03-19,-0.248333077724484,0.999879042561554,0.000120957438444372
2024-03-20,-0.0276306702195504,0.999862961559387,0.000137038440611252
2024-03-21,0.0460468765331071,0.999824848477096,0.000175151522902698
2024-03-22,-0.405942064974643,0.999819142518621,0.000180857481377595
2024-03-25,0.184723429270563,0.99979850474349,0.000201495256508859
2024-03-26,-0.0738484294615912,0.999744441583989,0.000255558416009389
2024-03-27,-0.0739030056730707,0.999639972183416,0.000360027816582677
2024-03-28,-0.18499681531746,0.999480160293179,0.000519839706819868
2024-03-29,-0.0926269054740577,0.999199086317476,0.000800913682522919
2024-04-01,-0.538934588220921,0.999067952182126,0.000932047817872582
2024-04-02,0.334852884735664,0.998927072485791,0.00107292751420815
2024-04-03,0.53713779820174,0.998920539103471,0.00107946089652764
2024-04-04,0.350359937963187,0.998915804070404,0.00108419592959503
2024-04-05,-0.221137102923827,0.998841799088934,0.0011582009110647
2024-04-08,0.110629678472304,0.998638157198994,0.00136184280100492
2024-04-09,0.0276383068690073,0.998219507316083,0.00178049268391603
2024-04-10,-1.10222020805693,0.998506048869864,0.00149395113013499
2024-04-11,-0.139801504665246,0.998643153505992,0.00135684649400649
2024-04-12,-0.701954307287697,0.999147855426837,0.000852144573162038
2024-04-15,-0.0281809217026281,0.999433521516683,0.000566478483316144
2024-04-16,-0.150432521787569,0.999610070143422,0.000389929856577143
2024-04-17,0.150432521787569,0.999717511144388,0.000282488855610274
2024-04-18,0.150206562225586,0.999780353424193,0.000219646575805378
2024-04-19,-0.04691531871182,0.999803283730993,0.000196716269005096
2024-04-22,0,0.999792280878869,0.000207719121129848
2024-04-23,0.37470769837885,0.999806489369167,0.000193510630831612
2024-04-24,-0.0748292991609195,0.999789521412181,0.000210478587817525
2024-04-25,0.317638533134315,0.99978216955524,0.000217830444758779
2024-04-26,-0.326996133852314,0.999786786000001,0.000213213999997217
2024-04-29,0.28967921952806,0.99979374584762,0.000206254152378457
2024-04-30,-0.30839704831457,0.999808283370337,0.000191716629661953
2024-05-01,-0.0374461715665645,0.999788540276704,0.000211459723294555
2024-05-02,0.243149843914062,0.999759127194427,0.000240872805572074
2024-05-03,0.596015919710757,0.999836332293591,0.000163667706407841
2024-05-06,0.0835305631194249,0.999878053126653,0.000121946873345943
2024-05-07,-0.111389596591157,0.999899847192863,0.000100152807135613
2024-05-08,-0.111513811388663,0.99990812184751,9.18781524883657e-05
2024-05-09,0.148657464893975,0.999908585694181,9.14143058176372e-05
2024-05-10,0.018566654342242,0.999892997583745,0.000107002416254403
2024-05-13,0.213269124370269,0.999874274233062,0.00012572576693728
2024-05-14,0.203571829347724,0.999847360671115,0.000152639328884221
2024-05-15,0.387490105655416,0.999853231721445,0.000146768278553777
2024-05-16,0.138026246895827,0.999838568771613,0.000161431228385823
2024-05-17,-0.0551876393697805,0.99978957364225,0.000210426357749288
2024-05-20,-0.0736309283150784,0.999688360732546,0.000311639267452691
2024-05-21,-0.0552587967643921,0.999492294836787,0.000507705163211664
2024-05-22,-0.175187910740647,0.999176772759079,0.000823227240919814
2024-05-23,-0.0830909894087392,0.998590054858196,0.00140994514180284
2024-05-24,0.230638046792403,0.997740930762874,0.00225906923712488
2024-05-28,0.248493064226053,0.996556311411033,0.00344368858896527
2024-05-29,-0.627019112831136,0.996148449095836,0.00385155090416299
2024-05-30,0.240207063022389,0.995514710826043,0.00448528917395568
2024-05-31,0.0830143478010676,0.99425827390966,0.0057417260903387
2024-06-03,0.404858852600011,0.99316226858264,0.00683773141735816
2024-06-04,-0.110253594409996,0.991113390722758,0.00888660927724064
2024-06-05,-0.119578729237615,0.987405936965867,0.0125940630341316
2024-06-06,0.165532500553177,0.981178839156078,0.0188211608439209
2024-06-07,-0.700786639289613,0.979263629611356,0.0207363703886431
2024-06-10,-0.519529881793757,0.978237934655251,0.0217620653447482
2024-06-11,-0.167566600370372,0.976299808359764,0.023700191640235
2024-06-12,1.01966029906576,0.977168233749152,0.022831766250847
2024-06-13,-0.805597208342682,0.981216567680806,0.0187834323191923
2024-06-14,-0.531345925014858,0.987376120753292,0.0126238792467069
2024-06-17,0.224068808153903,0.991550009819856,0.00844999018014286
2024-06-18,0.149100763807093,0.994047431835106,0.00595256816489259
2024-06-20,-0.289084921797351,0.995992957517272,0.00400704248272699
2024-06-21,-0.130828913156628,0.997119160665121,0.0028808393348777
2024-06-24,0.308109108875243,0.998046481745591,0.00195351825440812
2024-06-25,-0.2053005573646,0.998648910272002,0.00135108972799677
2024-06-26,-0.215084012406755,0.999046786532518,0.00095321346748035
2024-06-27,0.243104374052736,0.999328001144051,0.000671998855947476
2024-06-28,0.0280125124386485,0.999459358284454,0.000540641715544343
2024-07-01,0.158589519688491,0.999515685814518,0.000484314185480839
2024-07-02,0.0838574472621167,0.99949599931298,0.000504000687018317
2024-07-03,0.575781679862433,0.999623309238642,0.000376690761357206
2024-07-05,0.268183450143208,0.99972448889908,0.000275511100918531
2024-07-08,0.064626323626747,0.999764177645519,0.000235822354479813
2024-07-09,-0.203252102492236,0.999779931378761,0.00022006862123841
2024-07-10,0.0924385349609319,0.999754989494194,0.000245010505805008
2024-07-11,0.433320182010855,0.999782816551535,0.000217183448463736
2024-07-12,0.293955750897116,0.999813692433246,0.000186307566753382
2024-07-15,0.091684245901715,0.99980871213526,0.00019128786473911
2024-07-16,-0.247740641459549,0.999796672160716,0.000203327839283279
2024-07-17,0.440004376583695,0.99983922019592,0.000160779804079428
2024-07-18,-0.1830999321395,0.999861721263619,0.000138278736379545
2024-07-19,-0.229347378178781,0.999878201431982,0.000121798568017127
2024-07-22,-0.073502392136832,0.999869591532391,0.000130408467607834
2024-07-23,-0.230043809754153,0.999856583562358,0.00014341643764154
2024-07-24,-0.018426386637729,0.999807182938699,0.000192817061299825
2024-07-25,0.0736851834021199,0.999702395168529,0.000297604831470599
2024-07-26,-0.0184162063135592,0.999488239924444,0.000511760075555627
2024-07-29,-0.369038152932708,0.999307082600841,0.000692917399158619
2024-07-30,-0.0924727271370584,0.998942113387674,0.0010578866123256
2024-07-31,0.129437887894349,0.998273677077307,0.0017263229226927
2024-08-01,-0.314640274380641,0.997511977559443,0.00248802244055599
2024-08-02,1.15192721948371,0.997969055785832,0.00203094421416698
2024-08-05,0.393215265921611,0.998483291245778,0.00151670875422098
2024-08-06,-0.283325144973019,0.998883511944309,0.00111648805569047
2024-08-07,-0.00915289918719911,0.999061880813926,0.00093811918607368
2024-08-08,-0.100737221761369,0.999108979021383,0.000891020978616471
2024-08-09,0.100737221761377,0.999041634244857,0.000958365755141773
2024-08-12,0.0274561846780413,0.998815769855434,0.00118423014456482
2024-08-13,0.23763835330952,0.998474629930247,0.00152537006975195
2024-08-14,0.637002790977329,0.998481755683649,0.00151824431635012
2024-08-15,-0.345297935087415,0.998492523290822,0.00150747670917697
2024-08-16,0.0909835382570461,0.998336469202288,0.00166353079771127
2024-08-19,0.670717641754631,0.998543548156091,0.00145645184390832
2024-08-20,0.324675609887009,0.998726839638338,0.0012731603616611
2024-08-21,0.332599524550147,0.99889795581939,0.00110204418060928
2024-08-22,-0.260592320718745,0.99900507820232,0.000994921797679099
2024-08-23,0.556304709693114,0.999337375594555,0.000662624405443315
2024-08-26,-0.107430628058486,0.999509962011298,0.000490037988701066
2024-08-27,-0.0358358720910867,0.999575283298474,0.000424716701524932
2024-08-28,-0.296136977760152,0.999632067976371,0.000367932023627561
2024-08-29,-0.369153617795047,0.999717251294458,0.000282748705540824
2024-08-30,-0.234805490342415,0.999775939336793,0.000224060663205531
2024-09-03,-0.1538253029195,0.999797633864659,0.000202366135339387
2024-09-04,0.343518688919456,0.999840137261772,0.000159862738226826
2024-09-05,0.135275305834199,0.99985379099219,0.000146209007809107
2024-09-06,-0.0901632014917397,0.9998373119022,0.000162688097798739
2024-09-09,-0.397686713576009,0.999861161251588,0.000138838748410913
2024-09-10,-0.154076252894318,0.999864099588049,0.000135900411949386
2024-09-11,-0.117983405254891,0.999841407360764,0.000158592639233978
2024-09-12,0.263002917663916,0.999818044849087,0.000181955150911355
2024-09-13,0.397722661127485,0.999836711181201,0.000163288818797629
2024-09-16,0.342219354161736,0.999878092422418,0.000121907577579962
2024-09-17,-0.0449620078614693,0.999888123164883,0.000111876835115505
2024-09-18,-0.0179904651020387,0.999870276498005,0.000129723501993492
2024-09-19,0.278489152722924,0.999859289287621,0.000140710712376853
2024-09-20,0.107594379607773,0.999817256146535,0.00018274385346335
2024-09-23,-0.260218191611062,0.999769689433673,0.000230310566325901
2024-09-24,0.179533261867433,0.999682477562305,0.000317522437693753
2024-09-25,-0.0627999841210868,0.999491900256018,0.000508099743980639
2024-09-26,0.367268742653752,0.999338844511758,0.000661155488240031
2024-09-27,-0.223783828789046,0.999100793962934,0.000899206037064535
2024-09-30,-0.12553803657318,0.998636324402779,0.00136367559721901
2024-10-01,-0.702325955518389,0.998669318611257,0.00133068138874096
2024-10-02,-0.153727931888648,0.998567848624733,0.00143215137526516
2024-10-03,-0.317244770945548,0.998450873225143,0.00154912677485504
2024-10-04,-0.491446202071995,0.998511557838248,0.00148844216175026
2024-10-07,0.136755274994293,0.998419946295614,0.00158005370438423
2024-10-08,-0.054679669639044,0.998099069976119,0.00190093002387972
2024-10-09,-0.173349799351681,0.997509998796106,0.00249000120389255
2024-10-10,-0.237703531196816,0.996641206756572,0.00335879324342701
2024-10-11,0.15548546599804,0.995081784286758,0.00491821571324083
2024-10-15,-0.393755373445958,0.993750893644551,0.00624910635544757
2024-10-16,-0.238838989156232,0.991798342389418,0.00820165761058038
2024-10-17,-0.331644707475412,0.989683200690383,0.0103167993096151
2024-10-18,0.156747070035465,0.985903301803243,0.0140966981967553
2024-10-21,-0.313740222287749,0.981541659731039,0.0184583402689595
2024-10-22,-0.138728345948624,0.973519962103485,0.0264800378965137
2024-10-23,-0.240919315935789,0.961914638342931,0.0380853616570673
2024-10-24,0.250173862238263,0.945569017446592,0.0544309825534062
2024-10-25,0.0647578541526016,0.912309517818662,0.087690482181337
2024-10-28,0.0554733742036361,0.843872331536696,0.156127668463303
2024-10-29,-0.194291590934113,0.731654478217617,0.268345521782382
2024-10-30,0.609363902024495,0.691406989452415,0.308593010547583
2024-10-31,-0.0828767486085255,0.610893457392139,0.38910654260786
2024-11-01,-0.0645072132215377,0.446338072806205,0.553661927193794
2024-11-04,0.331308972296019,0.269240486215582,0.730759513784417
2024-11-05,0.330214939575925,0.077830552596383,0.922169447403616
2024-11-06,-1.73660377533814,0.069414088333661,0.930585911666338
2024-11-07,0.557518634207711,0.0645068826995631,0.935493117300435
2024-11-08,-0.762723444579731,0.0634007826522209,0.936599217347778
2024-11-12,-1.05125803890869,0.0663329465276373,0.933667053472361
2024-11-13,-0.292936661167668,0.0684104424568486,0.93158955754315
2024-11-14,-0.0473283174152233,0.0690432763461043,0.930956723653894
2024-11-15,-0.0947238869728061,0.068507112068565,0.931492887931433
2024-11-18,0.321695802078247,0.0675306889405127,0.932469311059486
2024-11-19,-0.0756000792007553,0.0649941056621057,0.935005894337893
2024-11-20,-0.540311281763745,0.0635474442362946,0.936452555763704
2024-11-21,-0.438179401794922,0.0623221254383759,0.937677874561622
2024-11-22,-0.728181813010579,0.0629233387761482,0.93707666122385
2024-11-25,0.75681733079323,0.0660563935455049,0.933943606454493
2024-11-26,0.028627320201218,0.0674406041958758,0.932559395804122
2024-11-27,0.89286307443014,0.0740754911253011,0.925924508874697
2024-11-29,-0.265126563786458,0.0787955245139162,0.921204475486082
2024-12-02,-0.599117383331719,0.0866856356233605,0.913314364376638
2024-12-03,0.323778970599253,0.0930645411785835,0.906935458821415
2024-12-04,0.0855310102035175,0.0965218810313588,0.903478118968639
2024-12-05,0.41710175173381,0.100029341906244,0.899970658093754
2024-12-06,-0.0757073945500725,0.101604938834343,0.898395061165655
2024-12-09,0.0662471041121012,0.101720406374445,0.898279593625553
2024-12-10,-0.550233813989159,0.102746282041933,0.897253717958066
2024-12-11,-0.0380589918961168,0.102340755770723,0.897659244229276
2024-12-12,0.0570830573962772,0.100377078741217,0.899622921258782
2024-12-13,-0.152293956714806,0.0965558868876916,0.903444113112307
2024-12-16,0.13326989121466,0.0897554692999102,0.910244530700088
2024-12-17,-0.0570939210484807,0.0773373996634785,0.92266260033652
2024-12-18,-0.352801319455189,0.0633209928255878,0.93667900717441
2024-12-19,-1.0755889730476,0.0611455817783943,0.938854418221604
2024-12-20,0.702364940593909,0.0607082298220379,0.93929177017796
2024-12-23,-0.201545247934972,0.0593736879081789,0.940626312091819
2024-12-24,-0.201952273282927,0.0569059216441688,0.943094078355829
2024-12-26,0.33636089566832,0.0538519822610708,0.946148017738927
2024-12-27,0,0.048101994170111,0.951898005829887
2024-12-30,-0.355615733505808,0.0415418849030242,0.958458115096974
2024-12-31,-0.337561202051411,0.0337605440464277,0.96623945595357
2025-01-02,-0.873283252154096,0.0316254048259538,0.968374595174044
2025-01-03,0.301659353942551,0.0287721380683034,0.971227861931695
2025-01-06,1.01504085763357,0.0286740480524837,0.971325951947514
2025-01-07,-0.26967174196922,0.0281354692456178,0.97186453075438
2025-01-08,-0.541535024220901,0.0279691287848342,0.972030871215164
2025-01-09,-0.145553370998234,0.0271074870928697,0.972892512907129
2025-01-10,-0.584341358855807,0.026790862312589,0.973209137687409
2025-01-13,-0.283660384851323,0.0260620936604864,0.973937906339512
2025-01-14,0.80972102326193,0.0265511017112844,0.973448898288714
2025-01-15,-0.097210078618472,0.0263563378130723,0.973643662186926
2025-01-16,0.20403213296181,0.0255871667796719,0.974412833220326
2025-01-17,-0.155415281403807,0.0240000780732875,0.975999921926711
2025-01-21,1.31339406082923,0.0249066420153709,0.975093357984627
2025-01-22,-0.0287866431964382,0.0250874934483954,0.974912506551603
2025-01-23,0,0.0245828745025792,0.975417125497419
2025-01-24,0.907577282944233,0.0254280336959481,0.97457196630405
2025-01-27,-0.218974715003607,0.025738892695421,0.974261107304577
2025-01-28,-0.621446619717114,0.0265987718137147,0.973401228186283
2025-01-29,-0.105551034124249,0.026771664861281,0.973228335138717
2025-01-30,0.0383950859007494,0.0262518444857868,0.973748155514211
2025-01-31,-0.192123017789393,0.0250913697777821,0.974908630222216
2025-02-03,-1.18974175043909,0.0259731146355546,0.974026885364443
2025-02-04,0.987614534021592,0.0294831628694487,0.970516837130549
2025-02-05,0.384652844689479,0.0325717359388987,0.967428264061099
2025-02-06,-0.490692282012792,0.0359464108456073,0.964053589154391
2025-02-07,-0.376866658542248,0.0388658127357752,0.961134187264223
2025-02-10,-0.164720738761013,0.0406194916031541,0.959380508396844
2025-02-11,0.329170594443715,0.0419072582965745,0.958092741703424
2025-02-12,0.4436307786975,0.043177289776887,0.956822710223111
2025-02-13,0.345821670295689,0.04408421104088,0.955915788959118
2025-02-14,0.669026675885282,0.0459827748231368,0.954017225176861
2025-02-18,-0.391315221365627,0.0476261770491733,0.952373822950825
2025-02-19,-0.488904774834003,0.0494706601214049,0.950529339878593
2025-02-20,0.66089029400898,0.0526487119286268,0.947351288071372
2025-02-21,-0.191113292760448,0.0546102820212195,0.945389717978779
2025-02-24,0.219748810543107,0.0557109087433367,0.944289091256662
2025-02-25,0.190694184408002,0.0560269796522053,0.943973020347793
2025-02-26,0.152293956714813,0.0555335682223992,0.944466431777599
2025-02-27,-0.955664765654876,0.0570974054618876,0.942902594538111
2025-02-28,-0.11529593898267,0.0576815872594409,0.942318412740558
2025-03-03,0.899613685085257,0.0605626554766057,0.939437344523393
2025-03-04,0.361388885946419,0.0629381183029317,0.937061881697067
2025-03-05,2.19706518411744,0.0737306496327268,0.926269350367272
2025-03-06,0.463264054686343,0.0842275163768778,0.915772483623121
2025-03-07,0.37828157855281,0.0932751636843209,0.906724836315677
2025-03-10,-0.202802429390522,0.0996559861746529,0.900344013825345
2025-03-11,0.827058564775001,0.111130825525376,0.888869174474622
2025-03-12,-0.0183049606954463,0.118607801942123,0.881392198057875
2025-03-13,-0.605951174689039,0.127839204606014,0.872160795393984
2025-03-14,0.119644761407913,0.133964754334087,0.866035245665911
2025-03-17,0.458842688111948,0.13990566097806,0.860094339021939
2025-03-18,0.0457686858646259,0.143565179611057,0.856434820388941
2025-03-19,-0.458632247689516,0.147107686941985,0.852892313058013
2025-03-20,-0.266973691367333,0.149516626695145,0.850483373304854
2025-03-21,-0.387919577616572,0.151468506881721,0.848531493118277
2025-03-24,-0.111111122542309,0.152154035856819,0.847845964143179
2025-03-25,0.0926011733918085,0.151650680960442,0.848349319039556
2025-03-26,-0.213111037338827,0.15013039410582,0.849869605894178
2025-03-27,0.176080857319325,0.147295693310585,0.852704306689413
2025-03-28,0.240451424461215,0.143068037111504,0.856931962888494
2025-03-31,-0.277495321902806,0.137315819062987,0.862684180937011
2025-04-01,0.0370438974415993,0.128098790123134,0.871901209876864
2025-04-02,0.627655743392725,0.121418088388313,0.878581911611685
2025-04-03,1.67887154970687,0.120768280217981,0.879231719782018
2025-04-04,-0.344421622088035,0.119601332682839,0.880398667317159
2025-04-07,-0.930408973918346,0.120288856138095,0.879711143861904
2025-04-08,0,0.119909394345884,0.880090605654115
2025-04-09,1.16619397478432,0.122311057477842,0.877688942522156
2025-04-10,1.36741965142307,0.130971694060125,0.869028305939873
2025-04-11,1.18134340059177,0.152181327222332,0.847818672777667
2025-04-14,0.290967008614302,0.168965944622336,0.831034055377662
2025-04-15,-0.600496329367011,0.188120496913276,0.811879503086722
2025-04-16,0.811578201936153,0.217302731909724,0.782697268090274
2025-04-17,-0.158269618899071,0.238397576065087,0.761602423934912
2025-04-18,0.228531346714914,0.254259817171521,0.745740182828477
2025-04-21,1.03066682302107,0.286370362400012,0.713629637599987
2025-04-22,-0.365631120311043,0.313781291798824,0.686218708201175
2025-04-23,-1.01683905587794,0.367093998914864,0.632906001085135
2025-04-24,0.114471900846041,0.405255719179918,0.594744280820081
2025-04-25,0.158283536388055,0.432999795986745,0.567000204013254
2025-04-28,0.0527055528715238,0.452363831669481,0.547636168330518
2025-04-29,0.0790062807193909,0.46584749784566,0.534152502154339
2025-04-30,-0.413278231665995,0.477973976949182,0.522026023050817
2025-05-01,-0.618704466122221,0.492376608554547,0.507623391445453
2025-05-02,0.451148538213536,0.505973498853925,0.494026501146075
2025-05-05,-0.132479595441429,0.515498854996631,0.484501145003369
2025-05-06,0.26478391463045,0.522711028739797,0.477288971260202
2025-05-07,0.0264398714799817,0.527313778344038,0.472686221655962
2025-05-08,-0.876228113591607,0.536084113212427,0.463915886787572
2025-05-09,0.186509224099599,0.542259260523358,0.457740739476641
2025-05-12,-1.46588252322695,0.561622080784309,0.438377919215691
2025-05-13,0.628311913524507,0.584453161793597,0.415546838206403
2025-05-14,0.268072718843224,0.602313368737336,0.397686631262663
2025-05-15,-0.151819631750875,0.615187246753032,0.384812753246967
2025-05-16,-0.429915574840462,0.627018819286969,0.372981180713031
2025-05-19,0.84909121648177,0.646206170603548,0.353793829396451
2025-05-20,0.16007117690901,0.660126367010553,0.339873632989446
2025-05-21,0.787719256581845,0.680797306116154,0.319202693883845
2025-05-22,-0.548091895412224,0.702830918172301,0.297169081827698
2025-05-23,0.609784930462827,0.728311126711276,0.271688873288723
2025-05-27,-0.211677623579835,0.747473059405721,0.252526940594279
2025-05-28,-0.353794814466496,0.763726249411112,0.236273750588887
2025-05-29,0.741528821549633,0.786432600614948,0.213567399385051
2025-05-30,-0.202491595359233,0.803388877557564,0.196611122442436
2025-06-02,0.74630488187139,0.827248370749561,0.172751629250438
2025-06-03,-0.517431542525887,0.851801993588564,0.148198006411435
2025-06-04,0.447428039492111,0.874988817928475,0.125011182071524
2025-06-05,0.139958035442304,0.891722495454516,0.108277504545484
2025-06-06,-0.376582307805358,0.906316899055871,0.0936831009441282
2025-06-09,0.245377390667033,0.917531317967521,0.0824686820324785
2025-06-10,-0.0175070028458282,0.92527262444029,0.0747273755597093
2025-06-11,0.584822510885413,0.934185694462577,0.0658143055374221
2025-06-12,0.762965379614841,0.947389262933607,0.0526107370663922
2025-06-13,-0.181543166350865,0.95708828909976,0.04291171090024
2025-06-16,0.20745102089364,0.964317692988277,0.0356823070117225
2025-06-17,-0.397993257652355,0.970813412756532,0.0291865872434679
2025-06-18,-0.121443456980053,0.975395146011763,0.0246048539882362
2025-06-20,-0.00868017881713008,0.978511344028569,0.0214886559714305
2025-06-23,0.156128056695241,0.98070432185559,0.019295678144409
2025-06-24,0.60485797471892,0.983423115157011,0.0165768848429886
2025-06-25,0.103323584187835,0.985280800951948,0.0147191990480519
2025-06-26,0.831302726225347,0.9885945044346,0.0114054955653996
2025-06-27,0.0597244162627556,0.990866100037459,0.00913389996254085
2025-06-30,0.391589842353931,0.992912837939866,0.00708716206013333
2025-07-01,0.0509640714334959,0.994300813537494,0.00569918646250578
2025-07-02,0.118815256275929,0.995252262693059,0.00474773730694063
2025-07-03,-0.271785456921639,0.995987069846896,0.00401293015310313
2025-07-07,-0.212847553857638,0.996510674278889,0.00348932572111052
2025-07-08,-0.22184309439513,0.996874841099696,0.00312515890030322
2025-07-09,0,0.997062530650643,0.00293746934935638
2025-07-10,-0.162427904913704,0.997126297587682,0.00287370241231694
2025-07-11,0.0684228559024323,0.997052885498804,0.00294711450119546
2025-07-14,-0.205409178693812,0.996867881122178,0.00313211887782047
2025-07-15,-0.455112201975981,0.996711566361591,0.00328843363840763
2025-07-16,0.0860289110181464,0.996382424544227,0.00361757545577244
2025-07-17,-0.275553433634009,0.995930410848827,0.00406958915117266
2025-07-18,0.413045936173818,0.99546517093934,0.00453482906065951
2025-07-21,0.513919760656967,0.99509765917764,0.00490234082235954
2025-07-22,0.375202964256139,0.994679188348,0.00532081165199914
2025-07-23,-0.00851172490618808,0.993949926225786,0.00605007377421354
2025-07-24,0.144600884295218,0.992837700192686,0.00716229980731399
2025-07-25,-0.29793595139418,0.991435873140932,0.00856412685906692
2025-07-28,-1.03690033094854,0.991144667369577,0.00885533263042194
2025-07-29,-0.648146416267796,0.991133976579225,0.0088660234207748
2025-07-30,-0.556426405194149,0.991277744641038,0.00872225535896171
2025-07-31,-0.340596809763794,0.99132545092234,0.00867454907765989
2025-08-01,1.07892806827027,0.992290890805123,0.00770910919487655
2025-08-04,0.112442169006491,0.992891488232109,0.00710851176789069
2025-08-05,0.103680672844031,0.993209936829577,0.00679006317042232
2025-08-06,0.576916397566583,0.993708304671897,0.0062916953281023
2025-08-07,-0.0515286854411036,0.99394161238098,0.0060583876190195
2025-08-08,0.163083165624233,0.993980122173866,0.00601987782613345
2025-08-11,-0.455581653586058,0.994049816504015,0.00595018349598484
2025-08-12,0.567011828404061,0.994268192295875,0.0057318077041247
2025-08-13,0.359158928923265,0.99442639688136,0.00557360311864001
2025-08-14,-0.607904607638212,0.994783606816599,0.00521639318340009
2025-08-15,0.54813429462625,0.995281877774604,0.0047181222253956
2025-08-18,-0.35080249879195,0.995699526971483,0.00430047302851678
2025-08-19,-0.0600162919373709,0.995898243912213,0.00410175608778626
2025-08-20,-0.0943841504706313,0.995917206193369,0.0040827938066307
2025-08-21,-0.378429969123951,0.995909245144508,0.00409075485549141
2025-08-22,0.926329636133707,0.996400900425251,0.00359909957474842
2025-08-25,-0.367788978927297,0.99683533342046,0.00316466657953929
2025-08-26,-0.111458836076936,0.997079724038269,0.00292027596173035
2025-08-27,-0.395393329282617,0.997311103312506,0.00268889668749334
2025-08-28,0.523988657561537,0.997634881917677,0.0023651180823225
2025-08-29,0.19685888156577,0.997832591839262,0.00216740816073686
2025-09-02,-0.35977424450161,0.998002869742443,0.00199713025755623
2025-09-03,0.197179540074204,0.998076438861699,0.00192356113830023
2025-09-04,-0.240096153753804,0.998076588001214,0.00192341199878592
2025-09-05,0.948441338694845,0.998466997983822,0.00153300201617786
2025-09-08,-0.0680561489474693,0.99870408413524,0.00129591586475918
2025-09-09,-0.238561926211284,0.998868009140565,0.00113199085943525
2025-09-10,-0.0768016422100598,0.998939521075602,0.00106047892439808
2025-09-11,0.153544344761399,0.9989421382761,0.0010578617239001
2025-09-12,-0.153544344761408,0.998875549843749,0.00112445015625106
2025-09-15,0.493912270363586,0.998864986739535,0.00113501326046519
2025-09-16,0.643524659427129,0.99898861404046,0.00101138595954027
2025-09-17,-0.0253239354748849,0.999025399491969,0.000974600508030397
2025-09-18,-0.550265938730828,0.999145061830717,0.000854938169282837
2025-09-19,-0.229465107272353,0.999216723104752,0.000783276895247687
2025-09-22,0.170024694534257,0.999234100378029,0.000765899621971041
2025-09-23,0.229075737555916,0.99921257590593,0.000787424094069875
2025-09-24,-0.492737382962487,0.999244793990163,0.000755206009836732
2025-09-25,-0.58936749714679,0.999375553151558,0.00062444684844146
2025-09-26,0.162636457847326,0.999451166300257,0.000548833699742994
2025-09-29,0.32448154163847,0.99951985375331,0.000480146246690558
2025-09-30,0.0426166637602731,0.999537427376806,0.000462572623194139
2025-10-01,-0.102310521329572,0.999511220946832,0.000488779053168014
2025-10-02,-0.230582108226848,0.999458012226403,0.000541987773597751
2025-10-03,0.435098583432635,0.999437169838895,0.000562830161105185
2025-10-06,-0.341093534421355,0.999416768094748,0.000583231905252267
2025-10-07,-0.282280671593614,0.999378089191268,0.000621910808732824
2025-10-08,-0.584194101318271,0.999433283875693,0.000566716124307705
2025-10-09,-0.405785145628642,0.99951018698677,0.000489813013230006
2025-10-10,0.466080595149057,0.999632348792035,0.00036765120796486
2025-10-14,-0.0430644681733957,0.99970087225079,0.000299127749210498
2025-10-15,0.258109065259133,0.999756712535936,0.000243287464063958
2025-10-16,0.23172992389152,0.999800021989223,0.000199978010777298
2025-10-17,0.0771241308206012,0.99981953442075,0.000180465579250086
2025-10-20,-0.154307788869558,0.999825116511728,0.000174883488272697
2025-10-21,-0.343761081046346,0.999845776830772,0.000154223169228202
2025-10-22,-0.0344411920056805,0.999848284154026,0.000151715845974695
2025-10-23,0,0.999832441809583,0.000167558190417069
2025-10-24,0.120492311677532,0.999799132691776,0.000200867308224185
2025-10-27,0.0859771353796389,0.999737563370786,0.000262436629214355
2025-10-28,0.1974673318199,0.999649967255838,0.000350032744161678
2025-10-29,0.0428761315148098,0.999495898045232,0.000504101954767598
2025-10-30,-0.861035111220266,0.999569156009402,0.000430843990597288
2025-10-31,-0.199091171583202,0.999607111613091,0.000392888386908892
2025-11-03,-0.0866851649288494,0.999598472083585,0.000401527916414513
2025-11-04,-0.347494051348246,0.999598883163271,0.000401116836728542
2025-11-05,-0.0522284134435027,0.999547639768597,0.000452360231402499
2025-11-06,0.469076607146892,0.999549486604781,0.000450513395218685
2025-11-07,0.337414344428221,0.999555965897382,0.000444034102617882
2025-11-10,-0.285430285035411,0.999550964490885,0.000449035509114146
2025-11-12,0.406276221192241,0.999575299273144,0.000424700726855543
2025-11-13,0.490513439925877,0.999662579555684,0.000337420444315941
2025-11-14,-0.275079688630229,0.999735529718391,0.000264470281609216
2025-11-17,-0.163687307708893,0.999777897927587,0.000222102072413166
2025-11-18,-0.163955682411287,0.999797653376082,0.000202346623917348
2025-11-19,-0.337385155018248,0.999830793717061,0.000169206282938726
2025-11-20,-0.0520065886732573,0.999838875877351,0.000161124122648536
2025-11-21,-0.243055675211915,0.999844677630766,0.000155322369233657
2025-11-24,0.104239064337876,0.999831166697086,0.000168833302913859
2025-11-25,0.3034114416401,0.999826092781696,0.000173907218302896
2025-11-26,0.328379140572647,0.999834683750699,0.000165316249300926
2025-11-28,0.0776163205710823,0.999819630691167,0.00018036930883201
2025-12-01,0.198079554925204,0.999791250220886,0.000208749779113314
2025-12-02,-0.232568260216196,0.999751667696021,0.000248332303978354
2025-12-03,0.550396986293731,0.999793518768213,0.000206481231786563
2025-12-04,-0.0085766971191974,0.999800231370416,0.000199768629583113
2025-12-05,-0.206061719689928,0.999793147856486,0.000206852143513078
2025-12-08,-0.0773827475096124,0.999752941610672,0.000247058389327257
2025-12-09,0.111755868068039,0.999670915825226,0.000329084174773216
2025-12-10,0.0944652051870331,0.999519868935937,0.000480131064062475
2025-12-11,0.905756854496138,0.999656757337201,0.000343242662797578
2025-12-12,-0.212883803308764,0.999752040965116,0.000247959034882896
2025-12-15,0.212883803308756,0.999820237446725,0.000179762553273721
2025-12-16,0.119017271551449,0.999858134411031,0.000141865588967948
2025-12-17,-0.187090793581173,0.999883800495813,0.000116199504186122
2025-12-18,-0.16186057970056,0.999898950660444,0.000101049339555147
2025-12-19,-0.0682302798324943,0.999899467198535,0.00010053280146457
2025-12-22,0.247113584912482,0.999904524053343,9.54759466557021e-05
2025-12-23,0.221032139635233,0.999910823450352,8.91765496473701e-05
2025-12-24,0.0339616236920205,0.999903451607396,9.65483926027785e-05
2025-12-26,-0.118916178117631,0.999884442296936,0.000115557703062921
2025-12-29,-0.0850267885593377,0.999844621311821,0.000155378688178716
2025-12-30,0.0765273622654985,0.99976913184632,0.000230868153679038
2025-12-31,-0.246798133864534,0.99967503531674,0.000324964683259284
2026-01-02,0.0170401295462226,0.999489725088154,0.000510274911845362
2026-01-05,-0.196137017638379,0.999206907745301,0.000793092254698126
2026-01-06,-0.222184333412569,0.998794688132349,0.00120531186765055
2026-01-07,0.00855468583436929,0.998007770250188,0.00199222974981117
2026-01-08,-0.299850299625667,0.997051952226436,0.00294804777356324
2026-01-09,-0.180342699915068,0.995510413525179,0.00448958647482015
2026-01-12,0.326096573191479,0.993754540171065,0.0062454598289344
2026-01-13,-0.223003780555632,0.991144835460675,0.0088551645393241
2026-01-14,0.0772499072792067,0.986298774055044,0.0137012259449553
2026-01-15,-0.429923276131995,0.982276924628569,0.0177230753714302
2026-01-16,-0.0517152226661324,0.974645457006987,0.0253545429930119
2026-01-20,1.19977443966459,0.97431465901612,0.0256853409838791
2026-01-21,-0.290053095351089,0.973681417940767,0.0263185820592317
2026-01-22,0.281534119326857,0.9726754908772,0.0273245091227993
2026-01-23,0.280743729420079,0.971221692124397,0.0287783078756018
2026-01-26,0.972235751412527,0.97223344920896,0.0277665507910392
2026-01-27,0.787735574283422,0.976155815206935,0.0238441847930637
2026-01-28,-0.326073613605572,0.979443041657602,0.0205569583423969
2026-01-29,0.0167476135042259,0.981185609145919,0.0188143908540798
2026-01-30,-0.486823187413257,0.983513889198009,0.0164861108019903
2026-02-02,-0.658452488718443,0.988494985885878,0.0115050141141205
2026-02-03,0.101583010513083,0.991389099998859,0.00861090000113962
2026-02-04,-0.135466958317157,0.993107352591137,0.00689264740886159
2026-02-05,-0.0084727811954951,0.994011383944304,0.00598861605569535
2026-02-06,0.0846955246699357,0.99444231242142,0.00555768757857906
2026-02-09,0.725435488403769,0.995904135108642,0.00409586489135736
2026-02-10,0,0.996688753122854,0.00331124687714484
2026-02-11,-0.11773611653528,0.997107379093741,0.00289262090625836
2026-02-12,-0.117874897878436,0.997279998153044,0.00272000184695499
2026-02-13,0,0.997230450216118,0.00276954978388067
2026-02-17,-0.329100335005099,0.997144484038124,0.00285551596187488
2026-02-18,-0.177657506225479,0.996875231495729,0.00312476850427007
2026-02-19,-0.407263417150683,0.996660817607587,0.00333918239241286
2026-02-20,0.161406822621809,0.996198247347704,0.00380175265229585
2026-02-23,0.195039281671077,0.995421217509875,0.00457878249012394
2026-02-24,-0.127156377070241,0.994033137311665,0.00596686268833409
2026-02-25,0.127156377070243,0.991610230772417,0.00838976922758244
2026-02-26,-0.101712163371209,0.987284942851884,0.0127150571481151
2026-02-27,0.254086695519682,0.981274481232077,0.0187255187679228
2026-03-02,-1.12284269182006,0.980806076197733,0.019193923802267
2026-03-03,-0.73839092248194,0.981459616442536,0.0185403835574633
2026-03-04,0.292573997532053,0.981845390998245,0.0181546090017548
2026-03-05,-0.456444835013854,0.982441137864458,0.0175588621355413
2026-03-06,0.181104788407697,0.9825662969579,0.0174337030421001
2026-03-09,-0.120700075003534,0.9821618710127,0.0178381289872999
2026-03-10,0.481928643594892,0.982040844566481,0.0179591554335189
2026-03-11,-0.706473171830367,0.982936952023352,0.0170630479766479
2026-03-12,-0.381150842583531,0.983799221670068,0.016200778329932
2026-03-13,-0.679267612232735,0.986071728884556,0.0139282711154442
2026-03-16,0.375038597540328,0.988211394684905,0.0117886053150949
2026-03-17,0.330262771944515,0.990013466307149,0.0099865336928509
2026-03-18,-0.104175719118495,0.991000838915822,0.00899916108417768
2026-03-19,0.0173701581121213,0.991423243251733,0.0085767567482667
2026-03-20,0.24286593601267,0.991599366683378,0.00840063331662169
2026-03-23,0.38045873821501,0.991773370418836,0.0082266295811633
2026-03-24,-0.0777034358112448,0.991568327305645,0.00843167269435435
2026-03-25,-0.0691204451227626,0.990907566018406,0.00909243398159336
2026-03-26,-0.242298491681065,0.989879688476661,0.0101203115233388
2026-03-27,-0.190790102102953,0.988189076910909,0.0118109230890902
2026-03-30,-0.574564129607951,0.987321518076656,0.0126784819233434
2026-03-31,0.557201511281503,0.986976639317374,0.013023360682625
2026-04-01,0.830023786537744,0.987833948736108,0.0121660512638918
2026-04-02,-0.587221031111627,0.9894737429191,0.0105262570808999
2026-04-03,-0.19940186068644,0.990494317181737,0.00950568281826246
2026-04-06,0.190740477458123,0.991065783669794,0.00893421633020514
2026-04-07,0.224952508774174,0.991340310181687,0.00865968981831193
2026-04-08,0.988957623804485,0.99375859405348,0.00624140594651872
2026-04-09,0.170998673678397,0.995280500518991,0.00471949948100853
2026-04-10,0.145119322066197,0.996191983363487,0.0038080166365126
2026-04-13,-0.110954648006518,0.996689464894341,0.003310535105658
2026-04-14,0.689335098491022,0.997952307862765,0.00204769213723379
2026-04-15,0.0678253523245913,0.998674920353951,0.00132507964604852
2026-04-16,-0.135696738657859,0.999109170201843,0.00089082979815576
2026-04-17,0.152645891240792,0.999372369885204,0.000627630114795392
2026-04-20,-0.13567372555171,0.999522423272174,0.000477576727825616
2026-04-21,-0.280409751651832,0.999642876203229,0.000357123796770055
2026-04-22,-0.323873120398572,0.999759724365666,0.000240275634333626
2026-04-23,-0.0854043949767269,0.999822801995258,0.000177198004741177
2026-04-24,0.119545740477351,0.99985514487348,0.00014485512651928
2026-04-27,0.110878940098651,0.999865052866098,0.000134947133901792
2026-04-28,-0.136483856382439,0.999857843102427,0.000142156897571852
2026-04-29,-0.17086719236166,0.999835918046793,0.000164081953206123
2026-04-30,0.290300750322571,0.99981912427994,0.000180875720059616
2026-05-01,0.221427445266471,0.999790300535081,0.00020969946491913
2026-05-04,-0.486079497119885,0.999824467982807,0.000175532017192996
2026-05-05,0.0769066476701346,0.999826806261534,0.000173193738465939
2026-05-06,0.392157365318164,0.999861348209504,0.000138651790495342
2026-05-07,0.0935493541031485,0.999871334110081,0.00012866588991906
2026-05-08,0.0764753404311158,0.999858546918297,0.000141453081702494
2026-05-11,0.0594404127380806,0.999816691207723,0.000183308792276924
2026-05-12,-0.399779378195387,0.99981091715337,0.000189082846630383
2026-05-13,-0.187681338148651,0.999785139842298,0.000214860157701887
2026-05-14,-0.282184119865445,0.999758731438193,0.000241268561807175
2026-05-15,-0.437675017487462,0.999783526597589,0.000216473402410886
2026-05-18,0.189035973116877,0.99978499717653,0.000215002823470214
2026-05-19,-0.404284237376749,0.999825322434649,0.000174677565351185
2026-05-20,0.155025437989263,0.999840308212293,0.000159691787706927
2026-05-21,-0.267137907151116,0.999855838296458,0.000144161703541727
2026-05-22,0.120731301315453,0.999847819604766,0.0001521803952346
2026-05-26,0.146406605835656,0.999816980172252,0.000183019827747574
2026-05-27,0.0946195933136665,0.999745213207696,0.000254786792303536
2026-05-28,0.154639206073828,0.999619826681678,0.000380173318321235
2026-05-29,0.257201787878826,0.999457178203256,0.000542821796743927
2026-06-01,-0.472043102844641,0.999393339321056,0.000606660678943537
2026-06-02,0.154732258156184,0.9992417907717,0.000758209228299283
2026-06-03,-0.318320912314328,0.999077199274643,0.000922800725355945
2026-06-04,0.206593858450586,0.998800810453566,0.00119918954643314
2026-06-05,-0.828948706710452,0.998998966077375,0.00100103392262397
2026-06-08,0.103995156265711,0.999060474875055,0.000939525124944543
2026-06-09,0.0952339797530139,0.999004410765795,0.000995589234204804
2026-06-10,-0.0519345636186249,0.998797292557628,0.00120270744237112
2026-06-11,-0.303490369515405,0.998547490004212,0.00145250999578677
2026-06-12,0.502426559329216,0.998470529566166,0.00152947043383351
2026-06-15,0.22440886337985,0.998289729837061,0.00171027016293812
2026-06-16,0.137847872263341,0.99789740891765,0.0021025910823491
2026-06-17,-0.189589853410802,0.997235082478805,0.00276491752119406
2026-06-18,-1.06665365469851,0.99763851165806,0.00236148834193956
2026-06-22,-0.331849051371306,0.997994695778319,0.00200530422167982
2026-06-23,-0.429542628448656,0.998454025596721,0.00154597440327757
2026-06-24,-0.307949739647469,0.998836278847773,0.00116372115222566
2026-06-25,0.325518256909813,0.999177035764557,0.00082296423544135
2026-06-26,0.157977915951843,0.99936969921907,0.000630300780928118
2026-06-29,0.192745810504691,0.999478864662424,0.000521135337574508
2026-06-30,-0.0700464086078422,0.999499093684052,0.000500906315946562
2026-07-01,-0.289461190663879,0.999506170573134,0.000493829426864684
2026-07-02,0.560618146659846,0.999656044371211,0.000343955628787731
2026-07-06,-0.192358195187896,0.99974918604781,0.000250813952188515
2026-07-07,-0.0262593550460677,0.999782396815963,0.000217603184035199
2026-07-08,-0.236645011614829,0.999801781196435,0.00019821880356404
2026-07-09,0.376615290787452,0.999852053443453,0.000147946556545893
2026-07-10,-0.00874240504118921,0.99986622420637,0.000133775793628731
2026-07-13,-0.315236688373421,0.999894976301603,0.000105023698395901
2026-07-14,0.227770575913651,0.999920964278773,7.90357212263023e-05
2026-07-15,0.0699790091538732,0.999931239108077,6.87608919224995e-05
2026-07-16,0.0961412476274003,0.999931456674287,6.85433257124895e-05
2026-07-17,-0.0611700984687542,0.999919288671414,8.07113285848065e-05
2026-07-20,-0.253818349910916,0.999914282435257,8.57175647418878e-05
2026-07-21,-0.0262938780602477,0.999889111936663,0.000110888063336036
2026-07-22,0.0525808442576148,0.999832633082447,0.000167366917551912
2026-07-23,-0.359854691220891,0.999804854094462,0.000195145905537729
2026-07-24,0.10545743133956,0.999731882863116,0.000268117136883202
2026-07-27,-0.0790826454817984,0.999577545186141,0.000422454813858608
2026-07-28,0.219519779069761,0.999349428029228,0.00065057197077102
2026-07-29,-0.149221006403127,0.998941875803756,0.00105812419624317
2026-07-30,1.204939052264,0.999389547776767,0.000610452223231763
2026-07-31,-0.0260405365822022,0.999618584074471,0.000381415925528438
2026-08-03,-0.0868507958015196,0.9997361356424,0.000263864357598975
2026-08-04,0.156277163252157,0.999800577486752,0.000199422513246685
2026-08-05,0.173355335084321,0.999833919836494,0.000166080163505432
2026-08-06,-0.225420591380239,0.999855633658408,0.000144366341591453
2026-08-07,0.329289725621369,0.999895538943908,0.000104461056091378
2026-08-10,-0.0605772161659789,0.999910054578204,8.99454217954596e-05
2026-08-11,-0.0779389517695217,0.999906385270565,9.36147294347467e-05
2026-08-12,-0.0259931552821763,0.999879894841418,0.000120105158581787
2026-08-13,-0.0780200290974255,0.999820922854178,0.00017907714582145
2026-08-14,0.432676341326135,0.999818077180647,0.000181922819352569
2026-08-17,0.0863110704367393,0.999774646383059,0.000225353616940956
2026-08-18,-0.0949462761758815,0.99967263670999,0.000327363290009956
2026-08-19,0.722770312145326,0.99979613792456,0.000203862075439739
2026-08-20,0.12851820301258,0.999863679589488,0.000136320410512013
2026-08-21,0.0428027229066318,0.999891371926382,0.000108628073617346
2026-08-24,-0.162747905210125,0.999903973526672,9.6026473327466e-05
2026-08-25,0.0685577197132763,0.999894928943508,0.000105071056491252
2026-08-26,-0.188646943272207,0.999876222069685,0.000123777930314402
2026-08-27,0.0257455483078444,0.999820972319993,0.000179027680007022
2026-08-28,-0.48167992666336,0.99984332807915,0.000156671920849495
2026-08-31,0.163687307708891,0.999842026933939,0.000157973066061103
2026-09-01,-0.206807484307334,0.999826250915589,0.000173749084410911
2026-09-02,-0.00862626698831068,0.999760959308681,0.000239040691318654
2026-09-03,0.26706886431898,0.999685105672101,0.000314894327898713
2026-09-04,-0.0430274091230262,0.999507444248328,0.000492555751672416
2026-09-08,0.0774360116130453,0.999144627184541,0.000855372815459259
2026-09-09,0,0.99838479517122,0.0016152048287799
2026-09-10,0.0171998624434929,0.996801187140934,0.00319881285906619
2026-09-11,-0.215211205174857,0.994356565854256,0.00564343414574409
