Date,sigma_t,log_sigma_t,state,regime_label
2010-01-05,0.604753777356531,-0.5029338833659416,2,high volatility (stress/panic)
2010-01-06,0.5938113502756857,-0.521193602191028,2,high volatility (stress/panic)
2010-01-07,0.5827102797429738,-0.5400651634184878,2,high volatility (stress/panic)
2010-01-08,0.5842933161777811,-0.5373521685120202,2,high volatility (stress/panic)
2010-01-11,0.5764146183781956,-0.5509280536617204,2,high volatility (stress/panic)
2010-01-12,0.6147289817050848,-0.486573788457988,2,high volatility (stress/panic)
2010-01-13,0.6034023149836557,-0.5051711156989812,2,high volatility (stress/panic)
2010-01-14,0.5934541191323245,-0.5217953735106632,2,high volatility (stress/panic)
2010-01-15,0.5826129300499386,-0.5402322410025324,2,high volatility (stress/panic)
2010-01-19,0.587583482769261,-0.5317369447281776,2,high volatility (stress/panic)
2010-01-20,0.5941421044503727,-0.520636755149727,2,high volatility (stress/panic)
2010-01-21,0.6295229367962302,-0.462792989630584,2,high volatility (stress/panic)
2010-01-22,0.6179257072998877,-0.48138704347591627,2,high volatility (stress/panic)
2010-01-25,0.6099843100339922,-0.49432204340132774,2,high volatility (stress/panic)
2010-01-26,0.5986185591400919,-0.5131306798007724,2,high volatility (stress/panic)
2010-01-27,0.5981103842836955,-0.513979952962808,2,high volatility (stress/panic)
2010-01-28,0.5870443705208208,-0.532654873389216,2,high volatility (stress/panic)
2010-01-29,0.5818212315393589,-0.5415920407382089,2,high volatility (stress/panic)
2010-02-01,0.595604222672109,-0.5181788884188577,2,high volatility (stress/panic)
2010-02-02,0.5864586964872859,-0.5336530370900663,2,high volatility (stress/panic)
2010-02-03,0.5799709760329887,-0.5447772180162139,2,high volatility (stress/panic)
2010-02-04,0.5728989638309316,-0.5570459062078656,2,high volatility (stress/panic)
2010-02-05,0.5986753704794673,-0.5130357802309798,2,high volatility (stress/panic)
2010-02-08,0.6246213260477688,-0.4706096911877477,2,high volatility (stress/panic)
2010-02-09,0.6265046120052615,-0.46759914313238937,2,high volatility (stress/panic)
2010-02-10,0.6296113695211977,-0.4626525237173463,2,high volatility (stress/panic)
2010-02-11,0.6260387351004202,-0.46834303263913013,2,high volatility (stress/panic)
2010-02-12,0.624890952046446,-0.4701781211942566,2,high volatility (stress/panic)
2010-02-16,0.6134699577793873,-0.48862398460492656,2,high volatility (stress/panic)
2010-02-17,0.6245345878543745,-0.47074856607529103,2,high volatility (stress/panic)
2010-02-18,0.6351450548206377,-0.4539018733878364,2,high volatility (stress/panic)
2010-02-19,0.628847825094775,-0.4638659830386839,2,high volatility (stress/panic)
2010-02-22,0.6179811530287469,-0.48129731870671866,2,high volatility (stress/panic)
2010-02-23,0.6110201900048261,-0.4926252761587378,2,high volatility (stress/panic)
2010-02-24,0.6041546400395872,-0.5039250872609197,2,high volatility (stress/panic)
2010-02-25,0.5955370170148439,-0.518291730884717,2,high volatility (stress/panic)
2010-02-26,0.6013491457192788,-0.5085795718313616,2,high volatility (stress/panic)
2010-03-01,0.6461603259162763,-0.43670762345879005,2,high volatility (stress/panic)
2010-03-02,0.6659146355263985,-0.40659379154213804,2,high volatility (stress/panic)
2010-03-03,0.6570260174167597,-0.4200316609516755,2,high volatility (stress/panic)
2010-03-04,0.687042636633297,-0.3753589266283566,2,high volatility (stress/panic)
2010-03-05,0.7107363227455533,-0.34145377204729505,2,high volatility (stress/panic)
2010-03-08,0.6993018176609296,-0.3576728450179654,2,high volatility (stress/panic)
2010-03-09,0.6860797898828886,-0.3767613462373062,2,high volatility (stress/panic)
2010-03-10,0.6741083748545103,-0.3943643874430419,2,high volatility (stress/panic)
2010-03-11,0.6693695020705133,-0.4014190513406326,2,high volatility (stress/panic)
2010-03-12,0.6571372127373514,-0.4198624349098785,2,high volatility (stress/panic)
2010-03-15,0.6544651559448955,-0.42393693271949423,2,high volatility (stress/panic)
2010-03-16,0.6574891079936023,-0.4193270808566297,2,high volatility (stress/panic)
2010-03-17,0.6624272195830988,-0.411844584389566,2,high volatility (stress/panic)
2010-03-18,0.6504111615268363,-0.4301505598766638,2,high volatility (stress/panic)
2010-03-19,0.6661676593464153,-0.40621389936275293,2,high volatility (stress/panic)
2010-03-22,0.6616238786206788,-0.4130580436919831,2,high volatility (stress/panic)
2010-03-23,0.649125220687493,-0.4321296368408306,2,high volatility (stress/panic)
2010-03-24,0.6369135402139201,-0.4511213622705531,2,high volatility (stress/panic)
2010-03-25,0.6804706156910872,-0.3849706382915643,2,high volatility (stress/panic)
2010-03-26,0.6675904271086717,-0.4040804265592909,2,high volatility (stress/panic)
2010-03-29,0.6597356634096418,-0.41591603417260264,2,high volatility (stress/panic)
2010-03-30,0.6545810649597339,-0.4237598434566549,2,high volatility (stress/panic)
2010-03-31,0.6471175544694237,-0.4352273093786293,2,high volatility (stress/panic)
2010-04-01,0.6570369932217038,-0.42001495580914344,2,high volatility (stress/panic)
2010-04-02,0.6476479307491004,-0.4344080470251035,2,high volatility (stress/panic)
2010-04-05,0.6459436287732006,-0.4370430409680715,2,high volatility (stress/panic)
2010-04-06,0.6337604375441612,-0.4560842547146745,2,high volatility (stress/panic)
2010-04-07,0.6406917594683645,-0.44520681218300134,2,high volatility (stress/panic)
2010-04-08,0.6289067835287832,-0.4637722311515557,2,high volatility (stress/panic)
2010-04-09,0.6170899708779116,-0.4827404458080668,2,high volatility (stress/panic)
2010-04-12,0.6254644114175457,-0.4692608469087771,2,high volatility (stress/panic)
2010-04-13,0.6371294725056869,-0.45078239052206653,2,high volatility (stress/panic)
2010-04-14,0.6251807437280229,-0.4697144810882568,2,high volatility (stress/panic)
2010-04-15,0.6225287655262016,-0.4739654420302636,2,high volatility (stress/panic)
2010-04-16,0.6362204262994386,-0.4522101934559414,2,high volatility (stress/panic)
2010-04-19,0.6286905290459207,-0.4641161480521909,2,high volatility (stress/panic)
2010-04-20,0.6181883781064583,-0.4809620490298124,2,high volatility (stress/panic)
2010-04-21,0.606788107835249,-0.49957562986188786,2,high volatility (stress/panic)
2010-04-22,0.6021232250074577,-0.5072931619165909,2,high volatility (stress/panic)
2010-04-23,0.6033158300779771,-0.5053144547316802,2,high volatility (stress/panic)
2010-04-26,0.5989668173329029,-0.5125490791742626,2,high volatility (stress/panic)
2010-04-27,0.5887093063350859,-0.529822754791767,2,high volatility (stress/panic)
2010-04-28,0.597659762204031,-0.5147336464754273,2,high volatility (stress/panic)
2010-04-29,0.6042626849924613,-0.5037462666648824,2,high volatility (stress/panic)
2010-04-30,0.6159462839083192,-0.4845955206984183,2,high volatility (stress/panic)
2010-05-03,0.6106156798305042,-0.49328751962930667,2,high volatility (stress/panic)
2010-05-04,0.6235255097128405,-0.4723656009654847,2,high volatility (stress/panic)
2010-05-05,0.6482105525247194,-0.4335397086714439,2,high volatility (stress/panic)
2010-05-06,0.672342439650291,-0.39698748543928447,2,high volatility (stress/panic)
2010-05-07,0.7257696956758322,-0.32052253807039444,2,high volatility (stress/panic)
2010-05-10,0.71370124556737,-0.3372908277812354,2,high volatility (stress/panic)
2010-05-11,0.7317399942430757,-0.31233002724045683,2,high volatility (stress/panic)
2010-05-12,0.7506524737520174,-0.2868124856493126,2,high volatility (stress/panic)
2010-05-13,0.7445395897515092,-0.29498925197704123,2,high volatility (stress/panic)
2010-05-14,0.7389458074114127,-0.30253069304843966,2,high volatility (stress/panic)
2010-05-17,0.7751579736724034,-0.2546884334040785,2,high volatility (stress/panic)
2010-05-18,0.7733853358789616,-0.25697786057964156,2,high volatility (stress/panic)
2010-05-19,0.764369705579417,-0.2687036990347888,2,high volatility (stress/panic)
2010-05-20,0.752432054750783,-0.28444457912572596,2,high volatility (stress/panic)
2010-05-21,0.7428621107342495,-0.2972448359634188,2,high volatility (stress/panic)
2010-05-24,0.7954250830018988,-0.22887861162668868,2,high volatility (stress/panic)
2010-05-25,0.8225363508921321,-0.19536260170567302,2,high volatility (stress/panic)
2010-05-26,0.8306688448818852,-0.18552406549688055,2,high volatility (stress/panic)
2010-05-27,0.8192323820673441,-0.19938749658733887,2,high volatility (stress/panic)
2010-05-28,0.8359845020600921,-0.17914520427490152,2,high volatility (stress/panic)
2010-06-01,0.8199491089370105,-0.19851300292171922,2,high volatility (stress/panic)
2010-06-02,0.8201047770685972,-0.19832316997368926,2,high volatility (stress/panic)
2010-06-03,0.8098260873511314,-0.2109357613424066,2,high volatility (stress/panic)
2010-06-04,0.7945564956851667,-0.22997118705621486,2,high volatility (stress/panic)
2010-06-07,0.8389571677838786,-0.1755956253271874,2,high volatility (stress/panic)
2010-06-08,0.8251813010058081,-0.19215215799596402,2,high volatility (stress/panic)
2010-06-09,0.8115275546001054,-0.20883693745903056,2,high volatility (stress/panic)
2010-06-10,0.8001500633098015,-0.22295598976772446,2,high volatility (stress/panic)
2010-06-11,0.7920649641301679,-0.23311186511473309,2,high volatility (stress/panic)
2010-06-14,0.7787363621513581,-0.250082721520037,2,high volatility (stress/panic)
2010-06-15,0.8276578670703516,-0.18915541401049724,2,high volatility (stress/panic)
2010-06-16,0.8156924832984064,-0.20371785375005025,2,high volatility (stress/panic)
2010-06-17,0.800082327534443,-0.22304064719096695,2,high volatility (stress/panic)
2010-06-18,0.7876164966281941,-0.23874398699696348,2,high volatility (stress/panic)
2010-06-21,0.7725851581006666,-0.258013039262374,2,high volatility (stress/panic)
2010-06-22,0.7588929468879576,-0.2758945564776829,2,high volatility (stress/panic)
2010-06-23,0.7552209178047395,-0.280744966170112,2,high volatility (stress/panic)
2010-06-24,0.7409144062291808,-0.2998701715196775,2,high volatility (stress/panic)
2010-06-25,0.7275685461572121,-0.31804706285311724,2,high volatility (stress/panic)
2010-06-28,0.7171692443482708,-0.3324434211206442,2,high volatility (stress/panic)
2010-06-29,0.7039435730079191,-0.3510570780138237,2,high volatility (stress/panic)
2010-06-30,0.7196407356216985,-0.3290031698063334,2,high volatility (stress/panic)
2010-07-01,0.7250732138427777,-0.321482644615337,2,high volatility (stress/panic)
2010-07-02,0.7612764076770773,-0.2727587706719243,2,high volatility (stress/panic)
2010-07-06,0.767117608650046,-0.2651151534504058,2,high volatility (stress/panic)
2010-07-07,0.760025792633138,-0.27440290860244865,2,high volatility (stress/panic)
2010-07-08,0.7496489419445849,-0.28815025944142736,2,high volatility (stress/panic)
2010-07-09,0.7480569353723283,-0.29027618709647146,2,high volatility (stress/panic)
2010-07-12,0.7367647378228932,-0.3054866537328586,2,high volatility (stress/panic)
2010-07-13,0.7296323744986256,-0.3152144682642701,2,high volatility (stress/panic)
2010-07-14,0.7500744670363796,-0.2875827879988059,2,high volatility (stress/panic)
2010-07-15,0.7378829761658879,-0.3039700358359494,2,high volatility (stress/panic)
2010-07-16,0.7534434525544947,-0.2831013101092855,2,high volatility (stress/panic)
2010-07-19,0.7401590465174267,-0.3008901881513242,2,high volatility (stress/panic)
2010-07-20,0.7291295896799115,-0.3159037991502815,2,high volatility (stress/panic)
2010-07-21,0.7203539287944831,-0.32801261998177755,2,high volatility (stress/panic)
2010-07-22,0.7184514838011361,-0.3306571000280518,2,high volatility (stress/panic)
2010-07-23,0.7164810416108086,-0.3334034917837118,2,high volatility (stress/panic)
2010-07-26,0.7041374078443576,-0.3507817602724455,2,high volatility (stress/panic)
2010-07-27,0.7099956606682728,-0.3424964207002797,2,high volatility (stress/panic)
2010-07-28,0.6965079404940646,-0.36167608526148426,2,high volatility (stress/panic)
2010-07-29,0.6836954641215832,-0.38024268839537556,2,high volatility (stress/panic)
2010-07-30,0.6780138347839365,-0.38858758596388443,2,high volatility (stress/panic)
2010-08-02,0.6652304050167825,-0.4076218246249907,2,high volatility (stress/panic)
2010-08-03,0.6709971099703851,-0.398990449068337,2,high volatility (stress/panic)
2010-08-04,0.6653044178032208,-0.40751057193886,2,high volatility (stress/panic)
2010-08-05,0.6632225405900226,-0.41064468811795657,2,high volatility (stress/panic)
2010-08-06,0.650686350408959,-0.42972754948166786,2,high volatility (stress/panic)
2010-08-09,0.6643728651907945,-0.40891174315047457,2,high volatility (stress/panic)
2010-08-10,0.6544467306332675,-0.42396508635125224,2,high volatility (stress/panic)
2010-08-11,0.6765720893518884,-0.3907162748137777,2,high volatility (stress/panic)
2010-08-12,0.7245243929961478,-0.32223984905643605,2,high volatility (stress/panic)
2010-08-13,0.7123872935825315,-0.33913356379738024,2,high volatility (stress/panic)
2010-08-16,0.7143950781281196,-0.3363191389618902,2,high volatility (stress/panic)
2010-08-17,0.7091410410446055,-0.34370084269281553,2,high volatility (stress/panic)
2010-08-18,0.7001712326255558,-0.3564303558163377,2,high volatility (stress/panic)
2010-08-19,0.6873703463351587,-0.37488205437506317,2,high volatility (stress/panic)
2010-08-20,0.6763071834999193,-0.391107892692284,2,high volatility (stress/panic)
2010-08-23,0.7009756401654375,-0.3552821426719777,2,high volatility (stress/panic)
2010-08-24,0.688585481935859,-0.3731158117506567,2,high volatility (stress/panic)
2010-08-25,0.6758116000147278,-0.3918409399857997,2,high volatility (stress/panic)
2010-08-26,0.6638895218363966,-0.40963952612536403,2,high volatility (stress/panic)
2010-08-27,0.6589998261746386,-0.417032008251078,2,high volatility (stress/panic)
2010-08-30,0.650765321066028,-0.42960619167961206,2,high volatility (stress/panic)
2010-08-31,0.6494603968747485,-0.4316134195192067,2,high volatility (stress/panic)
2010-09-01,0.6378435782739276,-0.449662200816916,2,high volatility (stress/panic)
2010-09-02,0.6475410967083468,-0.4345730176027274,2,high volatility (stress/panic)
2010-09-03,0.6355718944693168,-0.45323006419386697,2,high volatility (stress/panic)
2010-09-07,0.6304769700716065,-0.4612786506969162,2,high volatility (stress/panic)
2010-09-08,0.6648060623396321,-0.4082599164397089,2,high volatility (stress/panic)
2010-09-09,0.6522771424108694,-0.42728574232269345,2,high volatility (stress/panic)
2010-09-10,0.6405664421461144,-0.4454024282149485,2,high volatility (stress/panic)
2010-09-13,0.6295277518106551,-0.46278534098789065,2,high volatility (stress/panic)
2010-09-14,0.6630586547870837,-0.4108918239506055,2,high volatility (stress/panic)
2010-09-15,0.6766517873796388,-0.3905984849503072,2,high volatility (stress/panic)
2010-09-16,0.6638874031893173,-0.40964271739498076,2,high volatility (stress/panic)
2010-09-17,0.6599634067673267,-0.4155708897906867,2,high volatility (stress/panic)
2010-09-20,0.6492500009109498,-0.43193742703619914,2,high volatility (stress/panic)
2010-09-21,0.6384197750754077,-0.44875925733097144,2,high volatility (stress/panic)
2010-09-22,0.6331954851815531,-0.456976081162492,2,high volatility (stress/panic)
2010-09-23,0.7201312192852609,-0.32832183457006203,2,high volatility (stress/panic)
2010-09-24,0.7088295474687853,-0.34414019395066825,2,high volatility (stress/panic)
2010-09-27,0.7212309873691758,-0.3267958221739302,2,high volatility (stress/panic)
2010-09-28,0.7075143183351487,-0.34599741173998977,2,high volatility (stress/panic)
2010-09-29,0.7112711213882733,-0.34070159783028875,2,high volatility (stress/panic)
2010-09-30,0.702241849743023,-0.35347741898464485,2,high volatility (stress/panic)
2010-10-01,0.6908259341699027,-0.36986739118804196,2,high volatility (stress/panic)
2010-10-04,0.7117370428656767,-0.34004675760412995,2,high volatility (stress/panic)
2010-10-05,0.7042320830011437,-0.35064731379722136,2,high volatility (stress/panic)
2010-10-06,0.7209867378046654,-0.3271345360346493,2,high volatility (stress/panic)
2010-10-07,0.7184958893742361,-0.33059529460087594,2,high volatility (stress/panic)
2010-10-08,0.7048412529491808,-0.34978267464687146,2,high volatility (stress/panic)
2010-10-12,0.6914683395432897,-0.36893791411235294,2,high volatility (stress/panic)
2010-10-13,0.6866034590589613,-0.37599836001760745,2,high volatility (stress/panic)
2010-10-14,0.6935482140485182,-0.36593451886299916,2,high volatility (stress/panic)
2010-10-15,0.6950176057537147,-0.3638181017184617,2,high volatility (stress/panic)
2010-10-18,0.6880888983707121,-0.37383723664791346,2,high volatility (stress/panic)
2010-10-19,0.6755666721460075,-0.39220342601424624,2,high volatility (stress/panic)
2010-10-20,0.6949106173777526,-0.363972049777639,2,high volatility (stress/panic)
2010-10-21,0.7028357204498045,-0.35263209805042284,2,high volatility (stress/panic)
2010-10-22,0.6903478433407451,-0.3705596876333365,2,high volatility (stress/panic)
2010-10-25,0.6838318876408224,-0.3800431698709148,2,high volatility (stress/panic)
2010-10-26,0.6806269397530468,-0.3847409353404105,2,high volatility (stress/panic)
2010-10-27,0.6856522645496517,-0.3773846827638507,2,high volatility (stress/panic)
2010-10-28,0.6828785066244895,-0.38143831718957794,2,high volatility (stress/panic)
2010-10-29,0.6985367490573591,-0.3587674902769839,2,high volatility (stress/panic)
2010-11-01,0.6869268215529145,-0.3755275112791533,2,high volatility (stress/panic)
2010-11-02,0.673946154370354,-0.3946050609194072,2,high volatility (stress/panic)
2010-11-03,0.6885805039796333,-0.3731230410262511,2,high volatility (stress/panic)
2010-11-04,0.675703551995134,-0.3920008316742701,2,high volatility (stress/panic)
2010-11-05,0.7230391556510872,-0.324291901096062,2,high volatility (stress/panic)
2010-11-08,0.7555219200526748,-0.28034648372243726,2,high volatility (stress/panic)
2010-11-09,0.7552523660694898,-0.2807033258907499,2,high volatility (stress/panic)
2010-11-10,0.7457224560436404,-0.29340179084042595,2,high volatility (stress/panic)
2010-11-12,0.7559985197713006,-0.27971586077899097,2,high volatility (stress/panic)
2010-11-15,0.7425684190825587,-0.2976402656380114,2,high volatility (stress/panic)
2010-11-16,0.7381084948682104,-0.3036644531703268,2,high volatility (stress/panic)
2010-11-17,0.737185100697225,-0.30491626405643557,2,high volatility (stress/panic)
2010-11-18,0.7252631672450982,-0.3212207006885575,2,high volatility (stress/panic)
2010-11-19,0.7172307893329457,-0.33235760826053884,2,high volatility (stress/panic)
2010-11-22,0.7055258617166702,-0.3488118510731499,2,high volatility (stress/panic)
2010-11-23,0.6945910968577031,-0.36443195640806325,2,high volatility (stress/panic)
2010-11-24,0.7526743088165594,-0.28412266956008675,2,high volatility (stress/panic)
2010-11-26,0.7402803444292896,-0.3007263207037595,2,high volatility (stress/panic)
2010-11-29,0.7424226625911295,-0.29783657185654155,2,high volatility (stress/panic)
2010-11-30,0.7609503190022171,-0.27318720708567656,2,high volatility (stress/panic)
2010-12-01,0.7508927173255628,-0.28649249051760023,2,high volatility (stress/panic)
2010-12-02,0.755486301555934,-0.2803936290605474,2,high volatility (stress/panic)
2010-12-03,0.7502425640600445,-0.287358705993624,2,high volatility (stress/panic)
2010-12-06,0.7634777584562571,-0.2698712857808288,2,high volatility (stress/panic)
2010-12-07,0.7605193632081063,-0.2737537064522758,2,high volatility (stress/panic)
2010-12-08,0.7493678091716296,-0.2885253490140316,2,high volatility (stress/panic)
2010-12-09,0.7442991601721595,-0.2953122279627914,2,high volatility (stress/panic)
2010-12-10,0.7319297088050176,-0.3120707958542919,2,high volatility (stress/panic)
2010-12-13,0.7200049086439062,-0.3284972494342947,2,high volatility (stress/panic)
2010-12-14,0.7381804884707357,-0.3035669199591536,2,high volatility (stress/panic)
2010-12-15,0.7241860572593851,-0.32270693444655546,2,high volatility (stress/panic)
2010-12-16,0.7218068986609472,-0.32599762923953346,2,high volatility (stress/panic)
2010-12-17,0.7227176385259156,-0.3247366745624802,2,high volatility (stress/panic)
2010-12-20,0.7127899309536889,-0.3385685289723243,2,high volatility (stress/panic)
2010-12-21,0.7006587728757112,-0.3557342823914026,2,high volatility (stress/panic)
2010-12-22,0.6874548822986003,-0.37475907734236474,2,high volatility (stress/panic)
2010-12-23,0.6771613666385929,-0.3898456790235702,2,high volatility (stress/panic)
2010-12-27,0.664607722126693,-0.4085583039195565,2,high volatility (stress/panic)
2010-12-28,0.6555184056557979,-0.42232889736892665,2,high volatility (stress/panic)
2010-12-29,0.6440486305289214,-0.4399810424850982,2,high volatility (stress/panic)
2010-12-30,0.6383919223371298,-0.448802885907274,2,high volatility (stress/panic)
2011-01-03,0.639074415938623,-0.4477343745172222,2,high volatility (stress/panic)
2011-01-04,0.6445297218720558,-0.4392343414954513,2,high volatility (stress/panic)
2011-01-05,0.6391910043838275,-0.447551957870923,2,high volatility (stress/panic)
2011-01-06,0.6570698105912396,-0.4199650095346894,2,high volatility (stress/panic)
2011-01-07,0.6784408958165917,-0.38795791357286186,2,high volatility (stress/panic)
2011-01-10,0.6767648996228731,-0.3904313342943652,2,high volatility (stress/panic)
2011-01-11,0.663957550123175,-0.4095370620867341,2,high volatility (stress/panic)
2011-01-12,0.6533484442940046,-0.4256446866717199,2,high volatility (stress/panic)
2011-01-13,0.6544166155465337,-0.4240111035108388,2,high volatility (stress/panic)
2011-01-14,0.7767208807761151,-0.25267421995225947,2,high volatility (stress/panic)
2011-01-18,0.7635877305532097,-0.2697272551574741,2,high volatility (stress/panic)
2011-01-19,0.7561757422100546,-0.27948146657718365,2,high volatility (stress/panic)
2011-01-20,0.7546880357777949,-0.28145081276808687,2,high volatility (stress/panic)
2011-01-21,0.7439351640798906,-0.2958013930003065,2,high volatility (stress/panic)
2011-01-24,0.7562915431044884,-0.27932833811512103,2,high volatility (stress/panic)
2011-01-25,0.7490274212783575,-0.2889796856165649,2,high volatility (stress/panic)
2011-01-26,0.7348392856400543,-0.3081034626717868,2,high volatility (stress/panic)
2011-01-27,0.7236260598798263,-0.32348051190298893,2,high volatility (stress/panic)
2011-01-28,0.7098615992588034,-0.3426852585696225,2,high volatility (stress/panic)
2011-01-31,0.7055849820877841,-0.34872805840525556,2,high volatility (stress/panic)
2011-02-01,0.7091015290568411,-0.34375656233994445,2,high volatility (stress/panic)
2011-02-02,0.7043931200331369,-0.3504186695384819,2,high volatility (stress/panic)
2011-02-03,0.6912663526414364,-0.3692300698012665,2,high volatility (stress/panic)
2011-02-04,0.7003909500054346,-0.35611659983405275,2,high volatility (stress/panic)
2011-02-07,0.6940867392281993,-0.3651583418065684,2,high volatility (stress/panic)
2011-02-08,0.6819449906003219,-0.3828062833355921,2,high volatility (stress/panic)
2011-02-09,0.6942998575054059,-0.3648513404578348,2,high volatility (stress/panic)
2011-02-10,0.6811350226578607,-0.3839947213288354,2,high volatility (stress/panic)
2011-02-11,0.6720000103168405,-0.39749692310654633,2,high volatility (stress/panic)
2011-02-14,0.679732024337113,-0.38605664033983295,2,high volatility (stress/panic)
2011-02-15,0.6699973738237136,-0.4004814862709063,2,high volatility (stress/panic)
2011-02-16,0.6579977052129952,-0.4185538351811457,2,high volatility (stress/panic)
2011-02-17,0.6501324220359092,-0.4305792106327293,2,high volatility (stress/panic)
2011-02-18,0.6447027289669284,-0.43896595374924086,2,high volatility (stress/panic)
2011-02-22,0.638576576347459,-0.4485136790680976,2,high volatility (stress/panic)
2011-02-23,0.6267446698008503,-0.46721604648592047,2,high volatility (stress/panic)
2011-02-24,0.6302279441069797,-0.46167370899337395,2,high volatility (stress/panic)
2011-02-25,0.6205188348955069,-0.47719932041378166,2,high volatility (stress/panic)
2011-02-28,0.610972704710477,-0.492702993950025,2,high volatility (stress/panic)
2011-03-01,0.6017264472584245,-0.5079523434947255,2,high volatility (stress/panic)
2011-03-02,0.591168198567171,-0.525654702122469,2,high volatility (stress/panic)
2011-03-03,0.5855093387393479,-0.53527314604706,2,high volatility (stress/panic)
2011-03-04,0.5849160831556361,-0.5362868896370743,2,high volatility (stress/panic)
2011-03-07,0.5762433084745096,-0.5512252969304413,2,high volatility (stress/panic)
2011-03-08,0.5655570040449384,-0.5699441855974126,2,high volatility (stress/panic)
2011-03-09,0.5618998354089594,-0.5764316737827685,2,high volatility (stress/panic)
2011-03-10,0.5514926168379682,-0.5951268277980141,1,normal volatility
2011-03-11,0.5532570491895253,-0.5919325587141188,1,normal volatility
2011-03-14,0.5461106115286,-0.6049337385376301,1,normal volatility
2011-03-15,0.5580256782587706,-0.583350299274746,1,normal volatility
2011-03-16,0.5477184433603698,-0.6019939135575444,1,normal volatility
2011-03-17,0.5411970750307661,-0.6139717872995804,1,normal volatility
2011-03-18,0.5488331660063731,-0.599960770711421,1,normal volatility
2011-03-21,0.5636119312162075,-0.5733893295290822,1,normal volatility
2011-03-22,0.5563469344783512,-0.5863631964531907,1,normal volatility
2011-03-23,0.5474160010642789,-0.6025462517755955,1,normal volatility
2011-03-24,0.5502749266433885,-0.5973372590229811,1,normal volatility
2011-03-25,0.5501486785473519,-0.5975667126551913,1,normal volatility
2011-03-28,0.5451598054235732,-0.6066763063390723,1,normal volatility
2011-03-29,0.5377339347293653,-0.6203913862608236,1,normal volatility
2011-03-30,0.5280906125509044,-0.638487395320247,1,normal volatility
2011-03-31,0.5183998096210717,-0.6570085011874426,1,normal volatility
2011-04-01,0.5231415214681403,-0.6479032559802073,1,normal volatility
2011-04-04,0.5154334403312237,-0.6627471005806592,1,normal volatility
2011-04-05,0.5060304921411878,-0.6811583503617091,1,normal volatility
2011-04-06,0.4969186208788516,-0.6993290069788933,1,normal volatility
2011-04-07,0.507662562322926,-0.6779382995095145,1,normal volatility
2011-04-08,0.5020602127649383,-0.6890352207364348,1,normal volatility
2011-04-11,0.5330361766258648,-0.6291659835251077,1,normal volatility
2011-04-12,0.5237251865710126,-0.6467881853434838,1,normal volatility
2011-04-13,0.5140699074055047,-0.6653960161495389,1,normal volatility
2011-04-14,0.5055325209806575,-0.6821429083067834,1,normal volatility
2011-04-15,0.4965177543913172,-0.7001360370399425,1,normal volatility
2011-04-18,0.4881717543687875,-0.7170879793771143,1,normal volatility
2011-04-19,0.5718390001539908,-0.5588977954842189,2,high volatility (stress/panic)
2011-04-20,0.5802365214047799,-0.5443194630421866,2,high volatility (stress/panic)
2011-04-21,0.6264922510383444,-0.4676188733763862,2,high volatility (stress/panic)
2011-04-22,0.6222811821222136,-0.47436322710214607,2,high volatility (stress/panic)
2011-04-25,0.6127908457274532,-0.48973159910164765,2,high volatility (stress/panic)
2011-04-26,0.6027715533434475,-0.5062170042135141,2,high volatility (stress/panic)
2011-04-27,0.5951446125157521,-0.5189508567224995,2,high volatility (stress/panic)
2011-04-28,0.5858133422463379,-0.5347540687359981,2,high volatility (stress/panic)
2011-04-29,0.5985140696405752,-0.5133052460890348,2,high volatility (stress/panic)
2011-05-02,0.589272971190722,-0.5288657541485325,2,high volatility (stress/panic)
2011-05-03,0.5818869013800463,-0.541479177660433,2,high volatility (stress/panic)
2011-05-04,0.571070061418791,-0.5602433773455808,2,high volatility (stress/panic)
2011-05-05,0.5607715653333276,-0.5784416483037841,2,high volatility (stress/panic)
2011-05-06,0.658374320733568,-0.4179816329109282,2,high volatility (stress/panic)
2011-05-09,0.6562524052210801,-0.4212097999842313,2,high volatility (stress/panic)
2011-05-10,0.6941411574909446,-0.36507994219667467,2,high volatility (stress/panic)
2011-05-11,0.6854297754651466,-0.3777092280207568,2,high volatility (stress/panic)
2011-05-12,0.6829054166197005,-0.38139891125609676,2,high volatility (stress/panic)
2011-05-13,0.6720730969915728,-0.3973881690895113,2,high volatility (stress/panic)
2011-05-16,0.6699766479610321,-0.4005124209940371,2,high volatility (stress/panic)
2011-05-17,0.6660292417345015,-0.4064217028973499,2,high volatility (stress/panic)
2011-05-18,0.6590833382463758,-0.4169052907963632,2,high volatility (stress/panic)
2011-05-19,0.6655483485318163,-0.4071439938507385,2,high volatility (stress/panic)
2011-05-20,0.6532885598206548,-0.4257363486607852,2,high volatility (stress/panic)
2011-05-23,0.6503971279893791,-0.43017213651877295,2,high volatility (stress/panic)
2011-05-24,0.6731303630979519,-0.3958162636410857,2,high volatility (stress/panic)
2011-05-25,0.6726086866571298,-0.39659156471754375,2,high volatility (stress/panic)
2011-05-26,0.6599058536890529,-0.41565810006224096,2,high volatility (stress/panic)
2011-05-27,0.647689810805183,-0.43434338426611235,2,high volatility (stress/panic)
2011-05-31,0.6913520458866123,-0.36910611188869025,2,high volatility (stress/panic)
2011-06-01,0.6889825293215819,-0.3725393648624119,2,high volatility (stress/panic)
2011-06-02,0.6800629661154226,-0.38556988787028074,2,high volatility (stress/panic)
2011-06-03,0.6672066265691909,-0.4046554960786613,2,high volatility (stress/panic)
2011-06-06,0.6965831880442901,-0.3615680556448179,2,high volatility (stress/panic)
2011-06-07,0.683730542957489,-0.3801913820201393,2,high volatility (stress/panic)
2011-06-08,0.674814048619847,-0.39331810958831687,2,high volatility (stress/panic)
2011-06-09,0.6719831044442253,-0.39752208097115116,2,high volatility (stress/panic)
2011-06-10,0.6628955845271137,-0.4111377906000676,2,high volatility (stress/panic)
2011-06-13,0.688187169789469,-0.3736944289348427,2,high volatility (stress/panic)
2011-06-14,0.6751617103131927,-0.3928030459677575,2,high volatility (stress/panic)
2011-06-15,0.6774081954338171,-0.3894812403046336,2,high volatility (stress/panic)
2011-06-16,0.745808654939694,-0.2932862063976815,2,high volatility (stress/panic)
2011-06-17,0.7369650869204845,-0.30521475980025076,2,high volatility (stress/panic)
2011-06-20,0.7596328426022851,-0.27492006427214916,2,high volatility (stress/panic)
2011-06-21,0.7451707124020412,-0.2941419426882778,2,high volatility (stress/panic)
2011-06-22,0.7388281833575464,-0.3026898839055659,2,high volatility (stress/panic)
2011-06-23,0.7247836290380751,-0.3218821113764525,2,high volatility (stress/panic)
2011-06-24,0.779544956341622,-0.24904491884186652,2,high volatility (stress/panic)
2011-06-27,0.7653371474776073,-0.2674388265852194,2,high volatility (stress/panic)
2011-06-28,0.7614635485203848,-0.272512975789498,2,high volatility (stress/panic)
2011-06-29,0.756068045115831,-0.2796239000859978,2,high volatility (stress/panic)
2011-06-30,0.7461299782088084,-0.29285546043140187,2,high volatility (stress/panic)
2011-07-01,0.7430162891529439,-0.29703731101486375,2,high volatility (stress/panic)
2011-07-05,0.729101829942354,-0.31594187230820053,2,high volatility (stress/panic)
2011-07-06,0.7169422654867931,-0.33275996395823576,2,high volatility (stress/panic)
2011-07-07,0.7280556038756486,-0.31737785475210784,2,high volatility (stress/panic)
2011-07-08,0.7147523292523623,-0.33581918894996143,2,high volatility (stress/panic)
2011-07-11,0.7133684670388357,-0.33775720798905084,2,high volatility (stress/panic)
2011-07-12,0.7596537296175109,-0.27489256845192805,2,high volatility (stress/panic)
2011-07-13,0.7456278862716194,-0.29352861519479057,2,high volatility (stress/panic)
2011-07-14,0.7612555235350055,-0.27278620410914156,2,high volatility (stress/panic)
2011-07-15,0.7470395279107417,-0.2916371797061362,2,high volatility (stress/panic)
2011-07-18,0.7336046149321265,-0.30978506725796984,2,high volatility (stress/panic)
2011-07-19,0.7361829596719018,-0.30627660463503176,2,high volatility (stress/panic)
2011-07-20,0.739125394892421,-0.3022876905711407,2,high volatility (stress/panic)
2011-07-21,0.7264267587900092,-0.3196176148322269,2,high volatility (stress/panic)
2011-07-22,0.7552616329227452,-0.28069105608952766,2,high volatility (stress/panic)
2011-07-25,0.7408878973890185,-0.2999059507057409,2,high volatility (stress/panic)
2011-07-26,0.7268557784325431,-0.31902720017573966,2,high volatility (stress/panic)
2011-07-27,0.7369007336228044,-0.30530208565695216,2,high volatility (stress/panic)
2011-07-28,0.7408601854034611,-0.29994335515509696,2,high volatility (stress/panic)
2011-07-29,0.7327059005121034,-0.31101088474081995,2,high volatility (stress/panic)
2011-08-01,0.7280043159450115,-0.31744830230712967,2,high volatility (stress/panic)
2011-08-02,0.7567889157467879,-0.2786709075636864,2,high volatility (stress/panic)
2011-08-03,0.7435338969288475,-0.2963409230937994,2,high volatility (stress/panic)
2011-08-04,0.739217832697143,-0.30216263462592124,2,high volatility (stress/panic)
2011-08-05,0.7574388383269098,-0.2778124863410091,2,high volatility (stress/panic)
2011-08-08,0.7429892392047973,-0.29707371726993265,2,high volatility (stress/panic)
2011-08-09,0.7377123809225538,-0.30420125809247756,2,high volatility (stress/panic)
2011-08-10,0.7236656351237831,-0.32342582321223873,2,high volatility (stress/panic)
2011-08-11,0.7129159762640185,-0.3383917108641579,2,high volatility (stress/panic)
2011-08-12,0.7012581059238449,-0.35487926296234895,2,high volatility (stress/panic)
2011-08-15,0.6880764095924752,-0.37385538676137003,2,high volatility (stress/panic)
2011-08-16,0.7339726580727589,-0.309283501643514,2,high volatility (stress/panic)
2011-08-17,0.7211298499802448,-0.32693606085273774,2,high volatility (stress/panic)
2011-08-18,0.7077332480897112,-0.3456880245182729,2,high volatility (stress/panic)
2011-08-19,0.7113514067410106,-0.34058872832170856,2,high volatility (stress/panic)
2011-08-22,0.7080032969075752,-0.3453065286501419,2,high volatility (stress/panic)
2011-08-23,0.6952516639407124,-0.3634813925725271,2,high volatility (stress/panic)
2011-08-24,0.685076208230334,-0.3782251940170571,2,high volatility (stress/panic)
2011-08-25,0.6731549839119013,-0.39577968771903943,2,high volatility (stress/panic)
2011-08-26,0.6610280495051746,-0.41395900507590966,2,high volatility (stress/panic)
2011-08-29,0.6582021448092954,-0.41824318388006726,2,high volatility (stress/panic)
2011-08-30,0.648916427909629,-0.43245134112495803,2,high volatility (stress/panic)
2011-08-31,0.6443343106013809,-0.4395375717311453,2,high volatility (stress/panic)
2011-09-01,0.6333107277500452,-0.45679409615897065,2,high volatility (stress/panic)
2011-09-02,0.6428318978562523,-0.4418720230515113,2,high volatility (stress/panic)
2011-09-06,0.6398032409999967,-0.4465945858340406,2,high volatility (stress/panic)
2011-09-07,0.6867827024791271,-0.3757373359499369,2,high volatility (stress/panic)
2011-09-08,0.6787893964391822,-0.38744436678240457,2,high volatility (stress/panic)
2011-09-09,0.6830932924029487,-0.3811238366411767,2,high volatility (stress/panic)
2011-09-12,0.7765703168570124,-0.2528680843349376,2,high volatility (stress/panic)
2011-09-13,0.7629337756014892,-0.27058404622014703,2,high volatility (stress/panic)
2011-09-14,0.7511739226267343,-0.2861180659787986,2,high volatility (stress/panic)
2011-09-15,0.7381313020496318,-0.3036335541504374,2,high volatility (stress/panic)
2011-09-16,0.7535486178823437,-0.28296174026007026,2,high volatility (stress/panic)
2011-09-19,0.746429070176893,-0.2924546830250923,2,high volatility (stress/panic)
2011-09-20,0.7606773457864775,-0.27354599816838976,2,high volatility (stress/panic)
2011-09-21,0.7512638152729968,-0.28599840358733686,2,high volatility (stress/panic)
2011-09-22,0.737979672132236,-0.3038389992972878,2,high volatility (stress/panic)
2011-09-23,0.8244464041090193,-0.19304314320811464,2,high volatility (stress/panic)
2011-09-26,0.8153501765400043,-0.20413759355435634,2,high volatility (stress/panic)
2011-09-27,0.7997322010865118,-0.2234783559969034,2,high volatility (stress/panic)
2011-09-28,0.7950326722989262,-0.22937206794091958,2,high volatility (stress/panic)
2011-09-29,0.780493385042804,-0.24782901434404683,2,high volatility (stress/panic)
2011-09-30,0.7657593169094425,-0.2668873663051474,2,high volatility (stress/panic)
2011-10-03,0.798225702027307,-0.2253638869018139,2,high volatility (stress/panic)
2011-10-04,0.8194693186408573,-0.19909832061948346,2,high volatility (stress/panic)
2011-10-05,0.8040160280151448,-0.21813607465965704,2,high volatility (stress/panic)
2011-10-06,0.7902398922067454,-0.23541871859554966,2,high volatility (stress/panic)
2011-10-07,0.7838793896759285,-0.24350011016534023,2,high volatility (stress/panic)
2011-10-11,0.7834844601971263,-0.24400405120901322,2,high volatility (stress/panic)
2011-10-12,0.7960220504965856,-0.2281283918925607,2,high volatility (stress/panic)
2011-10-13,0.8084099799626511,-0.21268594820149764,2,high volatility (stress/panic)
2011-10-14,0.7997473842332463,-0.22345937088840392,2,high volatility (stress/panic)
2011-10-17,0.8058935129268467,-0.21580366316062063,2,high volatility (stress/panic)
2011-10-18,0.8004789950431203,-0.2225449866858642,2,high volatility (stress/panic)
2011-10-19,0.7883283967619281,-0.23784052877942918,2,high volatility (stress/panic)
2011-10-20,0.7773678976932561,-0.2518415558683437,2,high volatility (stress/panic)
2011-10-21,0.7759895598819944,-0.2536162126497375,2,high volatility (stress/panic)
2011-10-24,0.8121667287644355,-0.20804962890729764,2,high volatility (stress/panic)
2011-10-25,0.8009402985400003,-0.2219688683494762,2,high volatility (stress/panic)
2011-10-26,0.7861114202428826,-0.24065674056516592,2,high volatility (stress/panic)
2011-10-27,0.7776164222649071,-0.251521906891081,2,high volatility (stress/panic)
2011-10-28,0.8918703538747448,-0.11443450015522064,2,high volatility (stress/panic)
2011-10-31,0.8747663384461506,-0.1337984700623545,2,high volatility (stress/panic)
2011-11-01,0.9080233217811796,-0.09648521592965728,2,high volatility (stress/panic)
2011-11-02,0.9675341430613956,-0.033004564714938456,2,high volatility (stress/panic)
2011-11-03,0.9657479271131262,-0.03485242383916179,2,high volatility (stress/panic)
2011-11-04,0.9506254304743432,-0.050635163135711106,2,high volatility (stress/panic)
2011-11-07,0.9326241900887564,-0.069752956611952,2,high volatility (stress/panic)
2011-11-08,0.9149316075403908,-0.08890596235772293,2,high volatility (stress/panic)
2011-11-09,0.8992282840516134,-0.10621834565366489,2,high volatility (stress/panic)
2011-11-10,0.9211004080617796,-0.08218622797232537,2,high volatility (stress/panic)
2011-11-14,0.9033807760362196,-0.10161113555831487,2,high volatility (stress/panic)
2011-11-15,0.8867475070065592,-0.1201949967148678,2,high volatility (stress/panic)
2011-11-16,0.8813254955601062,-0.12632825980432605,2,high volatility (stress/panic)
2011-11-17,0.8647711476138698,-0.1452903762873919,2,high volatility (stress/panic)
2011-11-18,0.8485379839232969,-0.16424042934247152,2,high volatility (stress/panic)
2011-11-21,0.8322499010041489,-0.18362252147666572,2,high volatility (stress/panic)
2011-11-22,0.8163182023648167,-0.20295104615183168,2,high volatility (stress/panic)
2011-11-23,0.8014282616027321,-0.22135981611273953,2,high volatility (stress/panic)
2011-11-25,0.8160897235868597,-0.20323097468662574,2,high volatility (stress/panic)
2011-11-28,0.8141415691555615,-0.20562101022003307,2,high volatility (stress/panic)
2011-11-29,0.8093907038926992,-0.21147353178955022,2,high volatility (stress/panic)
2011-11-30,0.7940172805802574,-0.23065005401684857,2,high volatility (stress/panic)
2011-12-01,0.7950617729608797,-0.2293354655088521,2,high volatility (stress/panic)
2011-12-02,0.7814469755344299,-0.2466079810265507,2,high volatility (stress/panic)
2011-12-05,0.7799581300817535,-0.2485150401216565,2,high volatility (stress/panic)
2011-12-06,0.7732081917839001,-0.25720693705341147,2,high volatility (stress/panic)
2011-12-07,0.7642284837830141,-0.26888847198269283,2,high volatility (stress/panic)
2011-12-08,0.749786040359359,-0.2879673926725788,2,high volatility (stress/panic)
2011-12-09,0.740812000203908,-0.30000839680201197,2,high volatility (stress/panic)
2011-12-12,0.7295865949384831,-0.31527721355626037,2,high volatility (stress/panic)
2011-12-13,0.761795151892585,-0.27207758897391826,2,high volatility (stress/panic)
2011-12-14,0.7597430026689923,-0.2747750572717509,2,high volatility (stress/panic)
2011-12-15,0.7666420029753481,-0.2657353362826269,2,high volatility (stress/panic)
2011-12-16,0.7545672893231598,-0.28161082075730454,2,high volatility (stress/panic)
2011-12-19,0.740417180398849,-0.3005414943396244,2,high volatility (stress/panic)
2011-12-20,0.7263910948883273,-0.3196667110098361,2,high volatility (stress/panic)
2011-12-21,0.7180502139131444,-0.33121577656712897,2,high volatility (stress/panic)
2011-12-22,0.7063282157427219,-0.34767525469929184,2,high volatility (stress/panic)
2011-12-23,0.6929666053029172,-0.3667734695494206,2,high volatility (stress/panic)
2011-12-27,0.6798533303489869,-0.3858781947398157,2,high volatility (stress/panic)
2011-12-28,0.6689601533440593,-0.4020307821463622,2,high volatility (stress/panic)
2011-12-29,0.6918758755489188,-0.3683487100473444,2,high volatility (stress/panic)
2011-12-30,0.679931266674986,-0.3857635643398905,2,high volatility (stress/panic)
2012-01-03,0.6678425178021986,-0.4037028850324295,2,high volatility (stress/panic)
2012-01-04,0.6683399970634669,-0.4029582572907549,2,high volatility (stress/panic)
2012-01-05,0.6837307294178596,-0.3801911093098632,2,high volatility (stress/panic)
2012-01-06,0.7059127168292867,-0.34826367968520006,2,high volatility (stress/panic)
2012-01-09,0.6983102494533519,-0.35909179151575066,2,high volatility (stress/panic)
2012-01-10,0.6859282438014865,-0.3769822575997732,2,high volatility (stress/panic)
2012-01-11,0.6753525423968526,-0.3925204394205892,2,high volatility (stress/panic)
2012-01-12,0.6781709439707703,-0.3883558930707068,2,high volatility (stress/panic)
2012-01-13,0.6950984108168939,-0.3637018451437485,2,high volatility (stress/panic)
2012-01-17,0.7120898287043552,-0.33955121161754687,2,high volatility (stress/panic)
2012-01-18,0.7042476473000532,-0.3506252129482347,2,high volatility (stress/panic)
2012-01-19,0.7029406335652162,-0.35248283801299674,2,high volatility (stress/panic)
2012-01-20,0.7100540194537089,-0.34241422810337846,2,high volatility (stress/panic)
2012-01-23,0.6967852455079186,-0.36127802831223393,2,high volatility (stress/panic)
2012-01-24,0.695926563664883,-0.3625111361902403,2,high volatility (stress/panic)
2012-01-25,0.6841997722612008,-0.37950533929282326,2,high volatility (stress/panic)
2012-01-26,0.6722867014070942,-0.3970703904448755,2,high volatility (stress/panic)
2012-01-27,0.7084489272610381,-0.34467730817865405,2,high volatility (stress/panic)
2012-01-30,0.6975620321773021,-0.3601638342198793,2,high volatility (stress/panic)
2012-01-31,0.6916327588467831,-0.3687001595411805,2,high volatility (stress/panic)
2012-02-01,0.6861835339502375,-0.3766101448377721,2,high volatility (stress/panic)
2012-02-02,0.698627618806018,-0.35863741288469253,2,high volatility (stress/panic)
2012-02-03,0.6855684930900235,-0.3775068679907963,2,high volatility (stress/panic)
2012-02-06,0.6783946317272471,-0.38802610767365503,2,high volatility (stress/panic)
2012-02-07,0.6665484104974896,-0.4056425080963775,2,high volatility (stress/panic)
2012-02-08,0.6752415429715605,-0.3926848106802364,2,high volatility (stress/panic)
2012-02-09,0.6626133764739383,-0.4115636014632795,2,high volatility (stress/panic)
2012-02-10,0.6533506198937751,-0.42564135675463327,2,high volatility (stress/panic)
2012-02-13,0.6605568902591321,-0.41467202661819197,2,high volatility (stress/panic)
2012-02-14,0.649089235637977,-0.4321850745989758,2,high volatility (stress/panic)
2012-02-15,0.6431454788051842,-0.4413843302493854,2,high volatility (stress/panic)
2012-02-16,0.6374415802791411,-0.45029264492646304,2,high volatility (stress/panic)
2012-02-17,0.6264144695806102,-0.46774303498643116,2,high volatility (stress/panic)
2012-02-21,0.617413016575752,-0.48221708424718407,2,high volatility (stress/panic)
2012-02-22,0.6256633258732415,-0.4689428706519283,2,high volatility (stress/panic)
2012-02-23,0.6139134562338654,-0.48790131152866323,2,high volatility (stress/panic)
2012-02-24,0.6082290794352281,-0.4972036925911039,2,high volatility (stress/panic)
2012-02-27,0.6378192990666383,-0.4497002660576994,2,high volatility (stress/panic)
2012-02-28,0.6302972524036111,-0.4615637416608793,2,high volatility (stress/panic)
2012-02-29,0.6214919851462077,-0.4756322640981008,2,high volatility (stress/panic)
2012-03-01,0.6241456892510181,-0.47137146150026293,2,high volatility (stress/panic)
2012-03-02,0.6149099808454879,-0.48627939449809776,2,high volatility (stress/panic)
2012-03-05,0.6271027686347098,-0.466644846461709,2,high volatility (stress/panic)
2012-03-06,0.6163710565290899,-0.48390613230201246,2,high volatility (stress/panic)
2012-03-07,0.6264506755156055,-0.4676852379678979,2,high volatility (stress/panic)
2012-03-08,0.616917047773876,-0.4830207085659827,2,high volatility (stress/panic)
2012-03-09,0.6255592850727323,-0.4691091732744014,2,high volatility (stress/panic)
2012-03-12,0.6506721647008928,-0.42974935086522503,2,high volatility (stress/panic)
2012-03-13,0.6403261051836378,-0.4457776930500794,2,high volatility (stress/panic)
2012-03-14,0.6299408397061574,-0.4621293692342522,2,high volatility (stress/panic)
2012-03-15,0.6302367678307543,-0.4616597082463618,2,high volatility (stress/panic)
2012-03-16,0.6220803615156837,-0.4746859960101055,2,high volatility (stress/panic)
2012-03-19,0.6285326452241454,-0.4643673108144379,2,high volatility (stress/panic)
2012-03-20,0.6255897912009142,-0.46906040829704343,2,high volatility (stress/panic)
2012-03-21,0.6144663332991414,-0.48700113862233485,2,high volatility (stress/panic)
2012-03-22,0.6046597426441045,-0.5030893880151966,2,high volatility (stress/panic)
2012-03-23,0.5933640630065476,-0.5219471341211847,2,high volatility (stress/panic)
2012-03-26,0.5911193657263004,-0.5257373095056017,2,high volatility (stress/panic)
2012-03-27,0.5878920788044906,-0.5312118873770811,2,high volatility (stress/panic)
2012-03-28,0.5770407595746303,-0.5498423744583364,2,high volatility (stress/panic)
2012-03-29,0.568577817652746,-0.5646170927444085,2,high volatility (stress/panic)
2012-03-30,0.560205300164492,-0.579451955000436,2,high volatility (stress/panic)
2012-04-02,0.5590623038983048,-0.5814943560479834,2,high volatility (stress/panic)
2012-04-03,0.5487963760182784,-0.6000278060575008,2,high volatility (stress/panic)
2012-04-04,0.5389318403516655,-0.6181661718176436,2,high volatility (stress/panic)
2012-04-05,0.611683407829577,-0.4915404377874936,2,high volatility (stress/panic)
2012-04-06,0.6069745056809553,-0.49926848933029455,2,high volatility (stress/panic)
2012-04-09,0.5968062314973874,-0.5161627886300282,2,high volatility (stress/panic)
2012-04-10,0.5856339651932342,-0.5350603173455027,2,high volatility (stress/panic)
2012-04-11,0.575321554885075,-0.5528261686062244,2,high volatility (stress/panic)
2012-04-12,0.5671949563739812,-0.5670521959511785,2,high volatility (stress/panic)
2012-04-13,0.565491687162652,-0.5700596835116346,2,high volatility (stress/panic)
2012-04-16,0.5699774775377048,-0.56215843202595,2,high volatility (stress/panic)
2012-04-17,0.5597522428650037,-0.5802610166064256,2,high volatility (stress/panic)
2012-04-18,0.55569625774388,-0.5875334330290325,1,normal volatility
2012-04-19,0.5453703899602652,-0.6062901005463288,1,normal volatility
2012-04-20,0.5354931532374612,-0.6245671749137728,1,normal volatility
2012-04-23,0.5387879210198729,-0.6184332529973836,1,normal volatility
2012-04-24,0.542416927518727,-0.6117203342907026,1,normal volatility
2012-04-25,0.5447805473156216,-0.6073722308863285,1,normal volatility
2012-04-26,0.5347094545658491,-0.6260317551829361,1,normal volatility
2012-04-27,0.5258740428491255,-0.6426935571841129,1,normal volatility
2012-04-30,0.5167482893842993,-0.6601993907609117,1,normal volatility
2012-05-01,0.5079313472760227,-0.67740898369375,1,normal volatility
2012-05-02,0.498611030240664,-0.6959289857132612,1,normal volatility
2012-05-03,0.5004884427878226,-0.6921707718264926,1,normal volatility
2012-05-04,0.4913990513733229,-0.71049874935414,1,normal volatility
2012-05-07,0.4892354782492341,-0.7149113548036213,1,normal volatility
2012-05-08,0.4836161441273708,-0.7264637775742014,1,normal volatility
2012-05-09,0.4778303499928114,-0.7384995258214198,1,normal volatility
2012-05-10,0.4776319359114824,-0.738914851652922,1,normal volatility
2012-05-11,0.4690163248527871,-0.7571177033531761,1,normal volatility
2012-05-14,0.4615962636471724,-0.7730646581728863,1,normal volatility
2012-05-15,0.4725918578648441,-0.7495231427635967,1,normal volatility
2012-05-16,0.478434974722848,-0.7372349713196917,1,normal volatility
2012-05-17,0.4732937868491955,-0.7480389694554953,1,normal volatility
2012-05-18,0.4657110268476912,-0.7641899512674873,1,normal volatility
2012-05-21,0.4576788323277351,-0.7815875803104375,1,normal volatility
2012-05-22,0.4554474475720327,-0.7864749419962133,1,normal volatility
2012-05-23,0.4500574135246125,-0.7983801187458734,1,normal volatility
2012-05-24,0.5090147711721632,-0.6752782428680824,1,normal volatility
2012-05-25,0.5001737119539031,-0.6927998169898502,1,normal volatility
2012-05-29,0.500888283196393,-0.6913721903946609,1,normal volatility
2012-05-30,0.4937844523623808,-0.7056561882646353,1,normal volatility
2012-05-31,0.5013152670502363,-0.6905201002587342,1,normal volatility
2012-06-01,0.4961245674320609,-0.700928239772337,1,normal volatility
2012-06-04,0.4950137152579102,-0.7031698092055572,1,normal volatility
2012-06-05,0.4999599206887641,-0.6932273423952912,1,normal volatility
2012-06-06,0.4987703340696804,-0.6956095415446182,1,normal volatility
2012-06-07,0.5129373669884619,-0.6676015329055837,1,normal volatility
2012-06-08,0.5061742514875057,-0.680874298447925,1,normal volatility
2012-06-11,0.5140192053256838,-0.6654946497781499,1,normal volatility
2012-06-12,0.5057845588866764,-0.6816444733129435,1,normal volatility
2012-06-13,0.4981617020272399,-0.6968305517961075,1,normal volatility
2012-06-14,0.5227285482344386,-0.6486929778914233,1,normal volatility
2012-06-15,0.5134596514018798,-0.6665838283543459,1,normal volatility
2012-06-18,0.5055517269238226,-0.6821049175197502,1,normal volatility
2012-06-19,0.5032023632711442,-0.686762877122149,1,normal volatility
2012-06-20,0.52423773817086,-0.6458099987519246,1,normal volatility
2012-06-21,0.514875971538607,-0.6638292392869451,1,normal volatility
2012-06-22,0.5357534625380551,-0.6240811816758309,1,normal volatility
2012-06-25,0.5294799377415988,-0.6358600037206208,1,normal volatility
2012-06-26,0.5291030357227385,-0.6365720915667972,1,normal volatility
2012-06-27,0.5194881951619404,-0.6549111921621715,1,normal volatility
2012-06-28,0.5103313446652409,-0.6726950688024268,1,normal volatility
2012-06-29,0.5022538581037612,-0.6886495936764551,1,normal volatility
2012-07-02,0.6123320545938733,-0.4904805707434421,2,high volatility (stress/panic)
2012-07-03,0.614217470450509,-0.48740622714271087,2,high volatility (stress/panic)
2012-07-05,0.605312553819858,-0.5020103364683088,2,high volatility (stress/panic)
2012-07-06,0.6965427557765129,-0.361626101032556,2,high volatility (stress/panic)
2012-07-09,0.7011770108371634,-0.35499491193006605,2,high volatility (stress/panic)
2012-07-10,0.6883696231900367,-0.37342934230337704,2,high volatility (stress/panic)
2012-07-11,0.6787527999628106,-0.38749828256708885,2,high volatility (stress/panic)
2012-07-12,0.666097885232614,-0.40631864441774435,2,high volatility (stress/panic)
2012-07-13,0.6572484026778566,-0.4196932456864628,2,high volatility (stress/panic)
2012-07-16,0.6470369003838983,-0.4353519530567117,2,high volatility (stress/panic)
2012-07-17,0.6373279118395593,-0.45047098060296903,2,high volatility (stress/panic)
2012-07-18,0.6273940387139896,-0.4661804848422813,2,high volatility (stress/panic)
2012-07-19,0.6171424028185629,-0.4826554829731902,2,high volatility (stress/panic)
2012-07-20,0.6055714605440132,-0.5015827038874349,2,high volatility (stress/panic)
2012-07-23,0.6076502457859346,-0.4981558161793821,2,high volatility (stress/panic)
2012-07-24,0.601388891580141,-0.50851347953255,2,high volatility (stress/panic)
2012-07-25,0.5987323470215496,-0.5129406137454251,2,high volatility (stress/panic)
2012-07-26,0.5982837849276126,-0.5136900808628033,2,high volatility (stress/panic)
2012-07-27,0.6325648387665109,-0.4579725517506341,2,high volatility (stress/panic)
2012-07-30,0.6367575700213387,-0.45136627666345663,2,high volatility (stress/panic)
2012-07-31,0.6522469000463321,-0.42733210768440155,2,high volatility (stress/panic)
2012-08-01,0.6482393104997085,-0.43349534447994825,2,high volatility (stress/panic)
2012-08-02,0.6364623850770426,-0.4518299592320543,2,high volatility (stress/panic)
2012-08-03,0.6676218276010731,-0.4040333921012165,2,high volatility (stress/panic)
2012-08-06,0.7576826834885949,-0.2774906043529581,2,high volatility (stress/panic)
2012-08-07,0.7449740408609579,-0.29440590569159636,2,high volatility (stress/panic)
2012-08-08,0.7307767959609272,-0.31364720654104244,2,high volatility (stress/panic)
2012-08-09,0.7224147085145792,-0.3251559164629107,2,high volatility (stress/panic)
2012-08-10,0.721199127889165,-0.3268399969033386,2,high volatility (stress/panic)
2012-08-13,0.7082329925496738,-0.3449821539030429,2,high volatility (stress/panic)
2012-08-14,0.6978574891780375,-0.35974036729738185,2,high volatility (stress/panic)
2012-08-15,0.684770331086017,-0.3786717800259589,2,high volatility (stress/panic)
2012-08-16,0.6747686231599453,-0.39338542737605764,2,high volatility (stress/panic)
2012-08-17,0.6707179038621477,-0.3994066419399814,2,high volatility (stress/panic)
2012-08-20,0.6610510148472544,-0.41392426382222625,2,high volatility (stress/panic)
2012-08-21,0.6501200141672032,-0.43059829595548793,2,high volatility (stress/panic)
2012-08-22,0.6691099790856042,-0.40180683911297427,2,high volatility (stress/panic)
2012-08-23,0.6564545202437458,-0.420901863733813,2,high volatility (stress/panic)
2012-08-24,0.666736021418072,-0.40536108139202287,2,high volatility (stress/panic)
2012-08-27,0.6585118016344804,-0.4177728359632246,2,high volatility (stress/panic)
2012-08-28,0.646687417264827,-0.4358922275538433,2,high volatility (stress/panic)
2012-08-29,0.6392909277632233,-0.4473956422013985,2,high volatility (stress/panic)
2012-08-30,0.6284507967695031,-0.46449754077932615,2,high volatility (stress/panic)
2012-08-31,0.6197554125485139,-0.4784303746664678,2,high volatility (stress/panic)
2012-09-04,0.6210293008269945,-0.4763770148654676,2,high volatility (stress/panic)
2012-09-05,0.6096028910941017,-0.4949475320125121,2,high volatility (stress/panic)
2012-09-06,0.6009659614801237,-0.5092169825231749,2,high volatility (stress/panic)
2012-09-07,0.5908255459268932,-0.5262344897084399,2,high volatility (stress/panic)
2012-09-10,0.6352747076169384,-0.4536977632179787,2,high volatility (stress/panic)
2012-09-11,0.6233098950016561,-0.47271146011019355,2,high volatility (stress/panic)
2012-09-12,0.619090532556323,-0.47950376084278024,2,high volatility (stress/panic)
2012-09-13,0.6099575931519639,-0.4943658436543773,2,high volatility (stress/panic)
2012-09-14,0.5991706663516089,-0.5122088026643482,2,high volatility (stress/panic)
2012-09-17,0.6804132101261964,-0.38505500341345916,2,high volatility (stress/panic)
2012-09-18,0.6679543505085845,-0.4035354453426081,2,high volatility (stress/panic)
2012-09-19,0.6641925664608663,-0.40918316182017594,2,high volatility (stress/panic)
2012-09-20,0.6520025518583069,-0.4277068031700346,2,high volatility (stress/panic)
2012-09-21,0.6626218653432295,-0.4115507903501676,2,high volatility (stress/panic)
2012-09-24,0.6532138942228422,-0.42585064710341397,2,high volatility (stress/panic)
2012-09-25,0.6519851183877048,-0.4277335418747033,2,high volatility (stress/panic)
2012-09-26,0.642034819539739,-0.4431127407196898,2,high volatility (stress/panic)
2012-09-27,0.6449294943245133,-0.43861427928604657,2,high volatility (stress/panic)
2012-09-28,0.6336896302103365,-0.4561959866648314,2,high volatility (stress/panic)
2012-10-01,0.6222976981395041,-0.47433668637009063,2,high volatility (stress/panic)
2012-10-02,0.6142824530778703,-0.48730043531289086,2,high volatility (stress/panic)
2012-10-03,0.6076971693980187,-0.4980785977453424,2,high volatility (stress/panic)
2012-10-04,0.5994796264435617,-0.5116932893396493,2,high volatility (stress/panic)
2012-10-05,0.604313801192954,-0.5036616775617393,2,high volatility (stress/panic)
2012-10-09,0.5993576247035405,-0.5118968227889571,2,high volatility (stress/panic)
2012-10-10,0.647863681615172,-0.434074972638109,2,high volatility (stress/panic)
2012-10-11,0.6359288586501843,-0.45266857936679167,2,high volatility (stress/panic)
2012-10-12,0.6269279512217336,-0.4669236552840777,2,high volatility (stress/panic)
2012-10-15,0.6157717253134924,-0.48487895991857827,2,high volatility (stress/panic)
2012-10-16,0.6042482765945235,-0.5037701115424159,2,high volatility (stress/panic)
2012-10-17,0.6068083199867684,-0.49954232035131585,2,high volatility (stress/panic)
2012-10-18,0.6126963922033631,-0.4898857476253591,2,high volatility (stress/panic)
2012-10-19,0.6024368550063696,-0.5067724240784327,2,high volatility (stress/panic)
2012-10-22,0.603845629553696,-0.5044366939226222,2,high volatility (stress/panic)
2012-10-23,0.5957493530522407,-0.5179352489422038,2,high volatility (stress/panic)
2012-10-24,0.6000989032492718,-0.5106607986016181,2,high volatility (stress/panic)
2012-10-25,0.5899664201531974,-0.5276896586966723,2,high volatility (stress/panic)
2012-10-26,0.5792448313834992,-0.5460300386555134,2,high volatility (stress/panic)
2012-10-29,0.5691580454594308,-0.5635971233898337,2,high volatility (stress/panic)
2012-10-30,0.5605070809707311,-0.5789134032388726,2,high volatility (stress/panic)
2012-10-31,0.5610038510417299,-0.578027508880988,2,high volatility (stress/panic)
2012-11-01,0.5513949071689009,-0.5953040166177188,1,normal volatility
2012-11-02,0.5420023245020373,-0.6124849888025411,1,normal volatility
2012-11-05,0.5481758058278781,-0.6011592299292644,1,normal volatility
2012-11-06,0.5448921724505946,-0.6071673526080371,1,normal volatility
2012-11-07,0.5365481492003643,-0.6225989740598026,1,normal volatility
2012-11-08,0.5339342100229598,-0.6274826498161523,1,normal volatility
2012-11-09,0.5247914973301935,-0.6447542432171325,1,normal volatility
2012-11-13,0.5164250283353738,-0.6608251542294988,1,normal volatility
2012-11-14,0.5069231891738791,-0.679395787511572,1,normal volatility
2012-11-15,0.4990297022768004,-0.6950896614012753,1,normal volatility
2012-11-16,0.4943460776134296,-0.7045194451026978,1,normal volatility
2012-11-19,0.4959032863165179,-0.7013743585347827,1,normal volatility
2012-11-20,0.5062766925493328,-0.6806719359279826,1,normal volatility
2012-11-21,0.497155368437046,-0.6988526891892419,1,normal volatility
2012-11-23,0.4880678195271993,-0.7173009083440607,1,normal volatility
2012-11-26,0.5254413015576713,-0.6435167950797572,1,normal volatility
2012-11-27,0.5158738510312075,-0.6618930181351182,1,normal volatility
2012-11-28,0.5077772683929699,-0.6777123755954387,1,normal volatility
2012-11-29,0.4990413420109912,-0.6950663369410417,1,normal volatility
2012-11-30,0.4920465507572376,-0.7091819516053408,1,normal volatility
2012-12-03,0.4906457534926095,-0.7120328912277636,1,normal volatility
2012-12-04,0.4889737930277489,-0.7154463839337092,1,normal volatility
2012-12-05,0.4806058077805873,-0.7327078713154411,1,normal volatility
2012-12-06,0.4718733547191616,-0.7510446456727959,1,normal volatility
2012-12-07,0.4903805886876529,-0.7125734777543696,1,normal volatility
2012-12-10,0.4828904284596996,-0.7279655072564205,1,normal volatility
2012-12-11,0.4743835996888959,-0.7457390025351207,1,normal volatility
2012-12-12,0.4750698520397542,-0.7442934288335072,1,normal volatility
2012-12-13,0.4715716848913674,-0.7516841526401543,1,normal volatility
2012-12-14,0.4667321330330017,-0.7619997768152091,1,normal volatility
2012-12-17,0.4661218734165461,-0.7633081481129508,1,normal volatility
2012-12-18,0.4606803105728201,-0.77505094601994,1,normal volatility
2012-12-19,0.4596626571938668,-0.7772624124609038,1,normal volatility
2012-12-20,0.4545294679709553,-0.7884925314466639,1,normal volatility
2012-12-21,0.4492794239209825,-0.8001102598127253,1,normal volatility
2012-12-24,0.4490861610771594,-0.8005405141546811,1,normal volatility
2012-12-26,0.4414595517623043,-0.8176688786224969,1,normal volatility
2012-12-27,0.4396139919000839,-0.8218582282510862,1,normal volatility
2012-12-28,0.4317286269688928,-0.8399580664374382,1,normal volatility
2012-12-31,0.4241424943395025,-0.8576858086541448,1,normal volatility
2013-01-02,0.4194204682247408,-0.8688813581173322,1,normal volatility
2013-01-03,0.4122152632424571,-0.8862095824814435,1,normal volatility
2013-01-04,0.423427026219163,-0.8593740909081109,1,normal volatility
2013-01-07,0.4259437887210082,-0.8534478927782488,1,normal volatility
2013-01-08,0.4255624434686944,-0.8543435885779809,1,normal volatility
2013-01-09,0.420359011557165,-0.8666461434073246,1,normal volatility
2013-01-10,0.4131914540149082,-0.8838442243926772,1,normal volatility
2013-01-11,0.4569367752773027,-0.7832102449732409,1,normal volatility
2013-01-14,0.4890822378399973,-0.7152246281052693,1,normal volatility
2013-01-15,0.4807598201548342,-0.7323874679827462,1,normal volatility
2013-01-16,0.4735242669924487,-0.7475521174212095,1,normal volatility
2013-01-17,0.4678797668205652,-0.7595439245741988,1,normal volatility
2013-01-18,0.465487054552212,-0.7646709924213982,1,normal volatility
2013-01-22,0.4632850600959449,-0.7694127337966199,1,normal volatility
2013-01-23,0.4549017385688143,-0.7876738425431494,1,normal volatility
2013-01-24,0.4467428574129331,-0.8057721129541607,1,normal volatility
2013-01-25,0.4505286719710525,-0.7973335591841758,1,normal volatility
2013-01-28,0.4567389404289979,-0.7836432976373223,1,normal volatility
2013-01-29,0.448520112376617,-0.8018017548396423,1,normal volatility
2013-01-30,0.4419942714275898,-0.8164583575594917,1,normal volatility
2013-01-31,0.4491557610046724,-0.800385544928816,1,normal volatility
2013-02-01,0.442057710368522,-0.8163148389828754,1,normal volatility
2013-02-04,0.4606973262554383,-0.7750140107136334,1,normal volatility
2013-02-05,0.5089682470448885,-0.6753696473934517,1,normal volatility
2013-02-06,0.5033318739107727,-0.6865055373605015,1,normal volatility
2013-02-07,0.497418681648329,-0.6983231897167542,1,normal volatility
2013-02-08,0.5310238692988596,-0.6329483071518854,1,normal volatility
2013-02-11,0.5216751385833999,-0.6507102247118879,1,normal volatility
2013-02-12,0.516876579596024,-0.6599511571585024,1,normal volatility
2013-02-13,0.510112267869309,-0.6731244444124198,1,normal volatility
2013-02-14,0.5007386733369709,-0.6916709240889947,1,normal volatility
2013-02-15,0.51802661487466,-0.6577286579756533,1,normal volatility
2013-02-19,0.5101891989557359,-0.6729736437146376,1,normal volatility
2013-02-20,0.5021947230914066,-0.6887673398976756,1,normal volatility
2013-02-21,0.4957598938632139,-0.7016635544173553,1,normal volatility
2013-02-22,0.5306455386657802,-0.6336610161105418,1,normal volatility
2013-02-25,0.5236942934441418,-0.6468471743683574,1,normal volatility
2013-02-26,0.5141296248001155,-0.6652798569940299,1,normal volatility
2013-02-27,0.533450661970378,-0.6283886924224298,1,normal volatility
2013-02-28,0.5289348698311499,-0.6368899741154695,1,normal volatility
2013-03-01,0.5203980407778716,-0.6531612971897064,1,normal volatility
2013-03-04,0.5280560329822493,-0.6385528778340885,1,normal volatility
2013-03-05,0.518468137361967,-0.6568767047688283,1,normal volatility
2013-03-06,0.5101397065405952,-0.6730706563836171,1,normal volatility
2013-03-07,0.502520244915073,-0.6881193514722567,1,normal volatility
2013-03-08,0.5189696012688068,-0.6559099692680427,1,normal volatility
2013-03-11,0.532752480354358,-0.6296983522575935,1,normal volatility
2013-03-12,0.5239962115182234,-0.6462708246142855,1,normal volatility
2013-03-13,0.5145332895794809,-0.6644950230227787,1,normal volatility
2013-03-14,0.5167027931725688,-0.6602874379119142,1,normal volatility
2013-03-15,0.5086403947185678,-0.6760140057925631,1,normal volatility
2013-03-18,0.5220693570348833,-0.6499548320427354,1,normal volatility
2013-03-19,0.5421899428120451,-0.6121388909423426,1,normal volatility
2013-03-20,0.5415734416119969,-0.6132765954918911,1,normal volatility
2013-03-21,0.5397708089520069,-0.6166106573854713,1,normal volatility
2013-03-22,0.5307262423305837,-0.6335089418489042,1,normal volatility
2013-03-25,0.5309155817416835,-0.6331522501496624,1,normal volatility
2013-03-26,0.5483564888698766,-0.6008296764003669,1,normal volatility
2013-03-27,0.5392202627314585,-0.6176311408403845,1,normal volatility
2013-03-28,0.5412686967271068,-0.6138394566553903,1,normal volatility
2013-03-29,0.5390910520937986,-0.6178707945220289,1,normal volatility
2013-04-01,0.5304771994226924,-0.6339783012623109,1,normal volatility
2013-04-02,0.5244569475407268,-0.6453919373732482,1,normal volatility
2013-04-03,0.5156824378850883,-0.6622641334108872,1,normal volatility
2013-04-04,0.5064978617785093,-0.6802351768649765,1,normal volatility
2013-04-05,0.4973333080598298,-0.6984948377045785,1,normal volatility
2013-04-08,0.5529429309479142,-0.5925004817943831,1,normal volatility
2013-04-09,0.5433502836665312,-0.610001077403787,1,normal volatility
2013-04-10,0.5478626740474425,-0.6017306182421831,1,normal volatility
2013-04-11,0.5396798730462797,-0.6167791429077074,1,normal volatility
2013-04-12,0.5382491823632393,-0.6194336618038639,1,normal volatility
2013-04-15,0.5300428163864762,-0.6347974900640925,1,normal volatility
2013-04-16,0.5205149762821308,-0.6529366184647127,1,normal volatility
2013-04-17,0.5184632314712326,-0.6568861670936876,1,normal volatility
2013-04-18,0.5264386701142019,-0.6416204402060413,1,normal volatility
2013-04-19,0.5179160264020245,-0.6579421610570966,1,normal volatility
2013-04-22,0.5084353602581544,-0.6764171900434661,1,normal volatility
2013-04-23,0.4996039016216835,-0.6939396912702486,1,normal volatility
2013-04-24,0.4935507281244445,-0.7061296328393273,1,normal volatility
2013-04-25,0.4849841663996697,-0.7236390351761849,1,normal volatility
2013-04-26,0.4762745862278235,-0.7417607292483803,1,normal volatility
2013-04-29,0.468624319970939,-0.7579538550427415,1,normal volatility
2013-04-30,0.4706172962473157,-0.7537100497575665,1,normal volatility
2013-05-01,0.4764037078861871,-0.7414896583948676,1,normal volatility
2013-05-02,0.4691437372748497,-0.7568460814242762,1,normal volatility
2013-05-03,0.4961766200843396,-0.7008233267620911,1,normal volatility
2013-05-06,0.4919636475600651,-0.7093504522926516,1,normal volatility
2013-05-07,0.487368385111916,-0.718735004252804,1,normal volatility
2013-05-08,0.479272010640632,-0.735486970848343,1,normal volatility
2013-05-09,0.4899619861812718,-0.7134274701087825,1,normal volatility
2013-05-10,0.4922942534304897,-0.7086786651878179,1,normal volatility
2013-05-13,0.5316087939448986,-0.6318474098703551,1,normal volatility
2013-05-14,0.5233050357059008,-0.6475907426693834,1,normal volatility
2013-05-15,0.5139260996578818,-0.6656757988482516,1,normal volatility
2013-05-16,0.5312570193855802,-0.6325093458697086,1,normal volatility
2013-05-17,0.5251915273900751,-0.643992268842655,1,normal volatility
2013-05-20,0.5290947175770645,-0.6365878129112212,1,normal volatility
2013-05-21,0.5242720545394266,-0.645744541340239,1,normal volatility
2013-05-22,0.519154963971113,-0.6555528585503451,1,normal volatility
2013-05-23,0.514091811870108,-0.6653534071626531,1,normal volatility
2013-05-24,0.5189300292471893,-0.6559862233112529,1,normal volatility
2013-05-28,0.5105537541962355,-0.6722593497684995,1,normal volatility
2013-05-29,0.5065790643441396,-0.6800748680795126,1,normal volatility
2013-05-30,0.5097243131662796,-0.6738852618393631,1,normal volatility
2013-05-31,0.5214850005608994,-0.6510747670625227,1,normal volatility
2013-06-03,0.5179456579711005,-0.6578849496175172,1,normal volatility
2013-06-04,0.5342530610293647,-0.6268856552169549,1,normal volatility
2013-06-05,0.5254011366681568,-0.6435932382991649,1,normal volatility
2013-06-06,0.516105609604209,-0.6614438646669765,1,normal volatility
2013-06-07,0.5588890435539419,-0.5818043164879345,1,normal volatility
2013-06-10,0.5485501019164428,-0.6004766599262147,1,normal volatility
2013-06-11,0.5384760208613493,-0.6190123128825483,1,normal volatility
2013-06-12,0.5325250296127639,-0.6301253785355769,1,normal volatility
2013-06-13,0.534432470467406,-0.6265498980003759,1,normal volatility
2013-06-14,0.527622918446092,-0.6393734200261485,1,normal volatility
2013-06-17,0.5184520129975992,-0.6569078052626579,1,normal volatility
2013-06-18,0.5091869922632035,-0.674939958062718,1,normal volatility
2013-06-19,0.5090646485610724,-0.675180259571333,1,normal volatility
2013-06-20,0.4997202017323518,-0.6937069337278196,1,normal volatility
2013-06-21,0.5623277119333774,-0.5756704817161103,1,normal volatility
2013-06-24,0.5711636381575392,-0.5600795286708441,1,normal volatility
2013-06-25,0.5613932108168387,-0.5773337084355689,1,normal volatility
2013-06-26,0.5511570130245674,-0.595735550305463,1,normal volatility
2013-06-27,0.5517130264702226,-0.5947272474722173,1,normal volatility
2013-06-28,0.5417052983785349,-0.6130331553461161,1,normal volatility
2013-07-01,0.5317268883219999,-0.6316252892746557,1,normal volatility
2013-07-02,0.5272996710079055,-0.63998625636416,1,normal volatility
2013-07-03,0.5213409357363505,-0.6513510640368325,1,normal volatility
2013-07-05,0.5120024020958173,-0.6694259623602417,1,normal volatility
2013-07-08,0.5655314582962991,-0.5699893558020325,2,high volatility (stress/panic)
2013-07-09,0.5571847426542497,-0.584858419622509,2,high volatility (stress/panic)
2013-07-10,0.5627965325961247,-0.574837114748578,2,high volatility (stress/panic)
2013-07-11,0.5631279546586448,-0.5742484037367049,2,high volatility (stress/panic)
2013-07-12,0.6287262401708579,-0.4640593472748814,2,high volatility (stress/panic)
2013-07-15,0.6169089594546938,-0.4830338195218792,2,high volatility (stress/panic)
2013-07-16,0.6054439390881842,-0.5017933064220338,2,high volatility (stress/panic)
2013-07-17,0.6142766649970016,-0.4873098578645346,2,high volatility (stress/panic)
2013-07-18,0.6070947585062724,-0.49907039054094615,2,high volatility (stress/panic)
2013-07-19,0.5961334940654244,-0.5172906536660596,2,high volatility (stress/panic)
2013-07-22,0.5927159169967884,-0.5230400554843354,2,high volatility (stress/panic)
2013-07-23,0.5865690983986538,-0.5334648029967648,2,high volatility (stress/panic)
2013-07-24,0.5763319399204362,-0.5510714996903483,2,high volatility (stress/panic)
2013-07-25,0.566110079599807,-0.5689667327636304,2,high volatility (stress/panic)
2013-07-26,0.5556563561735273,-0.5876052402482178,1,normal volatility
2013-07-29,0.5478219525909437,-0.6018049488579963,1,normal volatility
2013-07-30,0.5377360555573654,-0.6203874422586305,1,normal volatility
2013-07-31,0.5278287546586333,-0.6389833761797157,1,normal volatility
2013-08-01,0.5186572828317451,-0.6565119553022888,1,normal volatility
2013-08-02,0.5176577486613857,-0.6584409719621491,1,normal volatility
2013-08-05,0.5137126185956232,-0.6660912776766328,1,normal volatility
2013-08-06,0.5044812118484079,-0.684224681014929,1,normal volatility
2013-08-07,0.4985967536249555,-0.6959576188947114,1,normal volatility
2013-08-08,0.4919121708266283,-0.7094550930054768,1,normal volatility
2013-08-09,0.4916551364288387,-0.7099777504824889,1,normal volatility
2013-08-12,0.488768261776999,-0.7158668041309734,1,normal volatility
2013-08-13,0.481233701348544,-0.7314022612813548,1,normal volatility
2013-08-14,0.4816290440279012,-0.7305810794390375,1,normal volatility
2013-08-15,0.4730652657554924,-0.7485219174391718,1,normal volatility
2013-08-16,0.4646056793721694,-0.7665662345014961,1,normal volatility
2013-08-19,0.4641261997833617,-0.7675987814446322,1,normal volatility
2013-08-20,0.4574930109232613,-0.7819936710537178,1,normal volatility
2013-08-21,0.463406205815222,-0.7691512751546241,1,normal volatility
2013-08-22,0.4624462437461779,-0.7712249585228503,1,normal volatility
2013-08-23,0.4541363967670431,-0.7893576926542843,1,normal volatility
2013-08-26,0.4481523625914634,-0.8026220093161405,1,normal volatility
2013-08-27,0.4412535390231928,-0.818135650317632,1,normal volatility
2013-08-28,0.4341801536295239,-0.8342957304832654,1,normal volatility
2013-08-29,0.4352298496416625,-0.8318809974614503,1,normal volatility
2013-08-30,0.4502754931824494,-0.7978956764679619,1,normal volatility
2013-09-03,0.4445174661431658,-0.810765930889779,1,normal volatility
2013-09-04,0.4389242536303901,-0.8234284237773847,1,normal volatility
2013-09-05,0.4369392123935215,-0.8279611956364592,1,normal volatility
2013-09-06,0.4495381452416824,-0.7995345671767071,1,normal volatility
2013-09-09,0.4467661329486639,-0.8057200137901073,1,normal volatility
2013-09-10,0.4601161596404116,-0.7762763004196304,1,normal volatility
2013-09-11,0.4517941680805465,-0.7945285832198002,1,normal volatility
2013-09-12,0.4477948717610598,-0.8034200269575114,1,normal volatility
2013-09-13,0.4402566349479728,-0.820397460855166,1,normal volatility
2013-09-16,0.4359154510679575,-0.8303069740068383,1,normal volatility
2013-09-17,0.4416625647208501,-0.8172091166975429,1,normal volatility
2013-09-18,0.4338779241387253,-0.8349920652349396,1,normal volatility
2013-09-19,0.4261810314913987,-0.8528910664286508,1,normal volatility
2013-09-20,0.489780067207372,-0.713798831071316,1,normal volatility
2013-09-23,0.4808678129172157,-0.7321628638654737,1,normal volatility
2013-09-24,0.4721086853712844,-0.7505460542865119,1,normal volatility
2013-09-25,0.4654147513307466,-0.7648263325897251,1,normal volatility
2013-09-26,0.4618543330070035,-0.7725057341384345,1,normal volatility
2013-09-27,0.459378973182825,-0.7778797599469698,1,normal volatility
2013-09-30,0.457589230118093,-0.7817833747746056,1,normal volatility
2013-10-01,0.449322865390306,-0.8000135730584759,1,normal volatility
2013-10-02,0.4412290465068232,-0.8181911585322472,1,normal volatility
2013-10-03,0.4413351647849598,-0.8179506813470401,1,normal volatility
2013-10-04,0.4393687547505934,-0.8224162304571322,1,normal volatility
2013-10-07,0.4396065953674094,-0.8218750534546398,1,normal volatility
2013-10-08,0.4320702691974463,-0.8391670437864854,1,normal volatility
2013-10-09,0.4247987358458575,-0.8561397849395858,1,normal volatility
2013-10-10,0.428435765468264,-0.8476144577395741,1,normal volatility
2013-10-11,0.4220467414269058,-0.8626392094046145,1,normal volatility
2013-10-15,0.4160426554803177,-0.8769674867651522,1,normal volatility
2013-10-16,0.4188423833526838,-0.8702606032135711,1,normal volatility
2013-10-17,0.4114270852754054,-0.8881234670918168,1,normal volatility
2013-10-18,0.4746360734160788,-0.7452069298283175,1,normal volatility
2013-10-21,0.4679036402867326,-0.7594929010873722,1,normal volatility
2013-10-22,0.4603017560415537,-0.7758730131726191,1,normal volatility
2013-10-23,0.4763506727359375,-0.7416009885579884,1,normal volatility
2013-10-24,0.4678464205248971,-0.7596151981927706,1,normal volatility
2013-10-25,0.4606713638319085,-0.7750703669232941,1,normal volatility
2013-10-28,0.4528371487888828,-0.792222713080181,1,normal volatility
2013-10-29,0.4447830644404265,-0.8101686113200194,1,normal volatility
2013-10-30,0.4373065502997165,-0.8271208417142829,1,normal volatility
2013-10-31,0.4294764714911404,-0.8451883202198588,1,normal volatility
2013-11-01,0.4898088818691472,-0.713740000963421,1,normal volatility
2013-11-04,0.5037773285682706,-0.6856209169331421,1,normal volatility
2013-11-05,0.4962473918677472,-0.7006807026766696,1,normal volatility
2013-11-06,0.4914511217512186,-0.7103927914383391,1,normal volatility
2013-11-07,0.4902547344940633,-0.7128301566467273,1,normal volatility
2013-11-08,0.5211838275920367,-0.6516524633916095,1,normal volatility
2013-11-12,0.5136926466774299,-0.666130156041132,1,normal volatility
2013-11-13,0.5147760101969834,-0.6640234045849503,1,normal volatility
2013-11-14,0.5069939991041158,-0.6792561115475575,1,normal volatility
2013-11-15,0.4980208259751212,-0.6971133836047326,1,normal volatility
2013-11-18,0.4892413048545787,-0.7148994452612688,1,normal volatility
2013-11-19,0.4838400621436166,-0.7260008769926708,1,normal volatility
2013-11-20,0.4752208302816526,-0.7439756771266298,1,normal volatility
2013-11-21,0.4795225906144313,-0.734964272912463,1,normal volatility
2013-11-22,0.4716448698427452,-0.7515289709882689,1,normal volatility
2013-11-25,0.4762691637825906,-0.7417721144372137,1,normal volatility
2013-11-26,0.4718566874990968,-0.7510799676808297,1,normal volatility
2013-11-27,0.4696166096675142,-0.7558386412736579,1,normal volatility
2013-11-29,0.4612619961146213,-0.7737890761290206,1,normal volatility
2013-12-02,0.4571809136340701,-0.7826760941400744,1,normal volatility
2013-12-03,0.4552683581760948,-0.7868682357045601,1,normal volatility
2013-12-04,0.4533216870034391,-0.791153279683744,1,normal volatility
2013-12-05,0.4504041020802574,-0.7976100945599038,1,normal volatility
2013-12-06,0.4689786545852626,-0.7571980241829683,1,normal volatility
2013-12-09,0.4620220908107394,-0.7721425734358669,1,normal volatility
2013-12-10,0.4566162714307788,-0.7839119094487267,1,normal volatility
2013-12-11,0.4518472243121876,-0.7944111555938665,1,normal volatility
2013-12-12,0.4462253756576678,-0.8069311280098572,1,normal volatility
2013-12-13,0.4427662585307516,-0.8147132812977633,1,normal volatility
2013-12-16,0.4364944124884777,-0.8289797044980922,1,normal volatility
2013-12-17,0.4313033299779598,-0.8409436545652865,1,normal volatility
2013-12-18,0.4237513950531845,-0.8586083281319888,1,normal volatility
2013-12-19,0.4170418686363298,-0.8745686578198518,1,normal volatility
2013-12-20,0.4328490694580837,-0.8373661811249437,1,normal volatility
2013-12-23,0.4252497595926264,-0.855078613038186,1,normal volatility
2013-12-24,0.4196459489501211,-0.8683439019012505,1,normal volatility
2013-12-26,0.4136031186934901,-0.8828484154549097,1,normal volatility
2013-12-27,0.4068120959037299,-0.8994038809731648,1,normal volatility
2013-12-30,0.4140056902056024,-0.8818755607933001,1,normal volatility
2013-12-31,0.4128564781134911,-0.8846552570379997,1,normal volatility
2014-01-02,0.4087046099698784,-0.894762608881983,1,normal volatility
2014-01-03,0.4294433724105891,-0.8452653916271681,1,normal volatility
2014-01-06,0.4311880134200114,-0.8412110579647947,1,normal volatility
2014-01-07,0.4257301437911992,-0.8539495987155437,1,normal volatility
2014-01-08,0.4188532334664491,-0.8702346985447438,1,normal volatility
2014-01-09,0.4137969824603458,-0.882379805963243,1,normal volatility
2014-01-10,0.4065479624113199,-0.9000533682426582,1,normal volatility
2014-01-13,0.412863681325546,-0.8846378099356786,1,normal volatility
2014-01-14,0.4062003366705735,-0.900908801006621,0,low volatility
2014-01-15,0.4022323158578835,-0.9107254571391098,0,low volatility
2014-01-16,0.410018326493794,-0.8915534215173924,0,low volatility
2014-01-17,0.4027935108146816,-0.9093312284594527,0,low volatility
2014-01-21,0.4009030220806702,-0.9140357211214541,0,low volatility
2014-01-22,0.3939686261782806,-0.931484001843895,0,low volatility
2014-01-23,0.3875251338850469,-0.9479745706533298,0,low volatility
2014-01-24,0.4261735802940504,-0.85290855022529,0,low volatility
2014-01-27,0.4185762015154164,-0.8708963231534954,0,low volatility
2014-01-28,0.4111408719221729,-0.8888193691441121,0,low volatility
2014-01-29,0.4045159570251366,-0.905064094497429,0,low volatility
2014-01-30,0.3973924500536436,-0.9228309474000914,0,low volatility
2014-01-31,0.4222590263919549,-0.8621363466323492,0,low volatility
2014-02-03,0.4204327959974164,-0.8664706316105211,0,low volatility
2014-02-04,0.4143569163560211,-0.8810275597640793,0,low volatility
2014-02-05,0.40759426221808,-0.897483054724602,0,low volatility
2014-02-06,0.4008133408768343,-0.9142594441445919,0,low volatility
2014-02-07,0.4123153947772518,-0.885966701190583,0,low volatility
2014-02-10,0.4053048146023184,-0.9031158663108102,0,low volatility
2014-02-11,0.4005442104314102,-0.9149311304726316,0,low volatility
2014-02-12,0.3937954545529498,-0.9319236553705181,0,low volatility
2014-02-13,0.3965292621892497,-0.9250054393964904,0,low volatility
2014-02-14,0.4048935626021219,-0.9041310548055971,0,low volatility
2014-02-18,0.3989442529682117,-0.9189335887252349,0,low volatility
2014-02-19,0.4037367889975091,-0.9069921257298097,0,low volatility
2014-02-20,0.3966793314177498,-0.9246270541104505,0,low volatility
2014-02-21,0.4024164144060873,-0.9102678697609362,0,low volatility
2014-02-24,0.3980272058085813,-0.9212349197309169,0,low volatility
2014-02-25,0.3923509166184192,-0.9355986441850064,0,low volatility
2014-02-26,0.3855699612204011,-0.9530326206795928,0,low volatility
2014-02-27,0.3953774658759446,-0.927914360572878,0,low volatility
2014-02-28,0.3966304244850646,-0.9247503525632511,0,low volatility
2014-03-03,0.4066515985512455,-0.8997984833522533,0,low volatility
2014-03-04,0.4038350982559667,-0.9067486569798571,0,low volatility
2014-03-05,0.3991382066369318,-0.9184475395201579,0,low volatility
2014-03-06,0.3921597330576266,-0.9360860399001729,0,low volatility
2014-03-07,0.4175549183499088,-0.8733392023841147,0,low volatility
2014-03-10,0.411166828586356,-0.888756237875426,0,low volatility
2014-03-11,0.4042850621273689,-0.9056350505139832,0,low volatility
2014-03-12,0.3975220726901741,-0.922504817649104,0,low volatility
2014-03-13,0.3940731000618115,-0.931218853741544,0,low volatility
2014-03-14,0.3885784023758322,-0.9452603216177135,0,low volatility
2014-03-17,0.3818058097395492,-0.9628431510971239,0,low volatility
2014-03-18,0.3752064741212746,-0.9802788068782674,0,low volatility
2014-03-19,0.3691700656189621,-0.9964978586790871,0,low volatility
2014-03-20,0.3628243971922718,-1.0138363160554051,0,low volatility
2014-03-21,0.397144901976966,-0.9234540725031589,0,low volatility
2014-03-24,0.3901734994459329,-0.9411637684097447,0,low volatility
2014-03-25,0.3833621966900586,-0.9587750534143346,0,low volatility
2014-03-26,0.3767920767729626,-0.9760617641736182,0,low volatility
2014-03-27,0.3705205947232828,-0.9928462494931971,0,low volatility
2014-03-28,0.3671047316227987,-1.0021080993692815,0,low volatility
2014-03-31,0.3608006937513414,-1.019429567981378,0,low volatility
2014-04-01,0.3563333957021148,-1.0318884815958955,0,low volatility
2014-04-02,0.3524206373672826,-1.0429298242986031,0,low volatility
2014-04-03,0.3514555815129452,-1.0456719441007987,0,low volatility
2014-04-04,0.3532192994540913,-1.040666170029136,0,low volatility
2014-04-07,0.3472442608089975,-1.0577268250321488,0,low volatility
2014-04-08,0.3464125794505847,-1.060124788142067,0,low volatility
2014-04-09,0.3500893606852279,-1.049566840842815,0,low volatility
2014-04-10,0.3447777869468569,-1.0648551652758058,0,low volatility
2014-04-11,0.3555020077247854,-1.0342243821463915,0,low volatility
2014-04-14,0.3495747953719745,-1.0510377334176926,0,low volatility
2014-04-15,0.3584969159127747,-1.0258352217332325,0,low volatility
2014-04-16,0.3531961339825421,-1.0407317560015283,0,low volatility
2014-04-17,0.3478094065566449,-1.0561006315488926,0,low volatility
2014-04-18,0.3423938682606781,-1.0717935429920808,0,low volatility
2014-04-21,0.3373023009883545,-1.0867757151519883,0,low volatility
2014-04-22,0.3335279955007754,-1.0980284726195424,0,low volatility
2014-04-23,0.3286206090253379,-1.1128513576787564,0,low volatility
2014-04-24,0.323523077162025,-1.128484831690489,0,low volatility
2014-04-25,0.3188608535821978,-1.1430004670253875,0,low volatility
2014-04-28,0.3139954998527112,-1.158376624855847,0,low volatility
2014-04-29,0.3090248572009103,-1.1743335613039472,0,low volatility
2014-04-30,0.3079815176772927,-1.1777155053503445,0,low volatility
2014-05-01,0.3154488644627173,-1.1537586879095776,0,low volatility
2014-05-02,0.3103139269962211,-1.1701708261752655,0,low volatility
2014-05-05,0.3052975055459636,-1.1864685497759493,0,low volatility
2014-05-06,0.3017771825964574,-1.1980663398920397,0,low volatility
2014-05-07,0.3023149120493988,-1.1962860497682917,0,low volatility
2014-05-08,0.297592891282126,-1.212028863129308,0,low volatility
2014-05-09,0.3017329769846137,-1.19821283489704,0,low volatility
2014-05-12,0.3283546973440522,-1.1136608605420408,0,low volatility
2014-05-13,0.3229246367562288,-1.1303363057195985,0,low volatility
2014-05-14,0.3247701254309934,-1.1246376532777351,0,low volatility
2014-05-15,0.3195956373896356,-1.1406987154033466,0,low volatility
2014-05-16,0.3144361550542651,-1.1569742280467954,0,low volatility
2014-05-19,0.3093424307064579,-1.1733064256851062,0,low volatility
2014-05-20,0.3045854573865806,-1.1888035829747419,0,low volatility
2014-05-21,0.3002644983992663,-1.2030915314301043,0,low volatility
2014-05-22,0.301999677414728,-1.1973293297709902,0,low volatility
2014-05-23,0.2972203832468831,-1.2132813842141388,0,low volatility
2014-05-27,0.294337232819446,-1.2230291185968587,0,low volatility
2014-05-28,0.289972083668882,-1.2379706238459693,0,low volatility
2014-05-29,0.2870017479741991,-1.248266972738627,0,low volatility
2014-05-30,0.2830985117509835,-1.2619603438509606,0,low volatility
2014-06-02,0.2825608366022192,-1.2638614007759816,0,low volatility
2014-06-03,0.2821437548229016,-1.265338569056499,0,low volatility
2014-06-04,0.2790499680048889,-1.2763644164049708,0,low volatility
2014-06-05,0.274816889952058,-1.291650257815063,0,low volatility
2014-06-06,0.2706203476463441,-1.3070383715183012,0,low volatility
2014-06-09,0.2683108596482128,-1.3156090466029537,0,low volatility
2014-06-10,0.2733556881104165,-1.2969814449664052,0,low volatility
2014-06-11,0.2767988782949044,-1.2844641076496355,0,low volatility
2014-06-12,0.272944919514083,-1.2984852641751425,0,low volatility
2014-06-13,0.2711111408436278,-1.3052264283619959,0,low volatility
2014-06-16,0.2711840743986198,-1.3049574473590964,0,low volatility
2014-06-17,0.2790929625650242,-1.2762103535014904,0,low volatility
2014-06-18,0.2790900330404875,-1.2762208501470698,0,low volatility
2014-06-19,0.2770551402462771,-1.2835387303441335,0,low volatility
2014-06-20,0.2833266684578845,-1.2611547415323763,0,low volatility
2014-06-23,0.2828927282748144,-1.2626875052297384,0,low volatility
2014-06-24,0.2787231824757948,-1.2775361672007994,0,low volatility
2014-06-25,0.2744983421764393,-1.2928100574808827,0,low volatility
2014-06-26,0.2797667245474489,-1.273799149671999,0,low volatility
2014-06-27,0.2781450466075213,-1.27961255096914,0,low volatility
2014-06-30,0.2756090609747457,-1.2887718631162224,0,low volatility
2014-07-01,0.2842788140391099,-1.257799782837724,0,low volatility
2014-07-02,0.2800963205229266,-1.272621733100369,0,low volatility
2014-07-03,0.2778910434623802,-1.2805261721075711,0,low volatility
2014-07-07,0.2810319955357218,-1.2692867530138563,0,low volatility
2014-07-08,0.2767857089115404,-1.2845116862263186,0,low volatility
2014-07-09,0.2729722145255925,-1.2983852672714724,0,low volatility
2014-07-10,0.269873648199647,-1.3098013991466602,0,low volatility
2014-07-11,0.269013524936756,-1.312993622068922,0,low volatility
2014-07-14,0.26496238717353,-1.3281673982638942,0,low volatility
2014-07-15,0.2630037371972661,-1.3355870370297953,0,low volatility
2014-07-16,0.2672962939993503,-1.3193975205074508,0,low volatility
2014-07-17,0.2700820471903243,-1.3090294876627944,0,low volatility
2014-07-18,0.2660017873658318,-1.324252250802593,0,low volatility
2014-07-21,0.2628054388124507,-1.336341296952459,0,low volatility
2014-07-22,0.2592772422395657,-1.349857356430473,0,low volatility
2014-07-23,0.2665894955730146,-1.3220452734653445,0,low volatility
2014-07-24,0.2627961214117795,-1.3363767511876719,0,low volatility
2014-07-25,0.2590734355434872,-1.3506437225540884,0,low volatility
2014-07-28,0.2605153767476207,-1.3450933917088284,0,low volatility
2014-07-29,0.2570508894158108,-1.3584812003978688,0,low volatility
2014-07-30,0.2567587274864385,-1.3596184385936882,0,low volatility
2014-07-31,0.2569846089926498,-1.3587390830683597,0,low volatility
2014-08-01,0.2538930020832387,-1.3708423523557909,0,low volatility
2014-08-04,0.2591307707088925,-1.3504224384929115,0,low volatility
2014-08-05,0.2571378955800713,-1.3581427793057341,0,low volatility
2014-08-06,0.262385857840105,-1.337939118791043,0,low volatility
2014-08-07,0.2589136426397626,-1.3512606989827436,0,low volatility
2014-08-08,0.255351072338365,-1.36511592641281,0,low volatility
2014-08-11,0.2620945130335601,-1.3390501035015918,0,low volatility
2014-08-12,0.2609642577985033,-1.3433718243377872,0,low volatility
2014-08-13,0.2600999578517106,-1.3466892685740242,0,low volatility
2014-08-14,0.2567339551160971,-1.359714924371188,0,low volatility
2014-08-15,0.2533714817091718,-1.3728985600126584,0,low volatility
2014-08-18,0.2508706102177095,-1.3828179699052836,0,low volatility
2014-08-19,0.2518803470554288,-1.378801117502338,0,low volatility
2014-08-20,0.2540401097077827,-1.3702631121950601,0,low volatility
2014-08-21,0.2555326561592376,-1.3644050647494208,0,low volatility
2014-08-22,0.2518079882542135,-1.3790884332753688,0,low volatility
2014-08-25,0.2571641172148256,-1.3580408095131813,0,low volatility
2014-08-26,0.2572247450835059,-1.357805081746098,0,low volatility
2014-08-27,0.254569483442329,-1.3681814608348188,0,low volatility
2014-08-28,0.2509267520353936,-1.3825942069996109,0,low volatility
2014-08-29,0.2480743295086522,-1.3940268619622567,0,low volatility
2014-09-02,0.2477830931508664,-1.3952015399159021,0,low volatility
2014-09-03,0.2470569166860768,-1.3981365369720822,0,low volatility
2014-09-04,0.244264122404373,-1.4095051702655343,0,low volatility
2014-09-05,0.3929010207019169,-0.9341975545541672,0,low volatility
2014-09-08,0.3887454463666763,-0.9448305290835317,0,low volatility
2014-09-09,0.3821103681836201,-0.9620457901588204,0,low volatility
2014-09-10,0.3797995011149563,-0.9681117941515328,0,low volatility
2014-09-11,0.3732071824846646,-0.985621564522481,0,low volatility
2014-09-12,0.369272845341075,-0.9962194899081201,0,low volatility
2014-09-15,0.3641084818871946,-1.010303428584047,0,low volatility
2014-09-16,0.3578948248346554,-1.0275161211228725,0,low volatility
2014-09-17,0.3538759205903234,-1.038808934097227,0,low volatility
2014-09-18,0.3488062501718242,-1.0532386680372603,0,low volatility
2014-09-19,0.3492203422448416,-1.0520522028621722,0,low volatility
2014-09-22,0.3623783722511116,-1.0150663858129751,0,low volatility
2014-09-23,0.3562582523349593,-1.0320993832185599,0,low volatility
2014-09-24,0.3530363420314895,-1.0411842754174614,0,low volatility
2014-09-25,0.3624051312089291,-1.0149925459485138,0,low volatility
2014-09-26,0.3611233049230516,-1.018535814085462,0,low volatility
2014-09-29,0.3669592990228205,-1.002504338922807,0,low volatility
2014-09-30,0.3616594928042116,-1.017052137436806,0,low volatility
2014-10-01,0.3731065634783035,-0.9858912071694642,0,low volatility
2014-10-02,0.3669360188747309,-1.0025677816169614,0,low volatility
2014-10-03,0.3695300736066892,-0.9955231519012957,0,low volatility
2014-10-06,0.4318950919488474,-0.8395725629400939,1,normal volatility
2014-10-07,0.439910868885563,-0.8211831433046781,1,normal volatility
2014-10-08,0.4352869701371842,-0.8317497639360183,1,normal volatility
2014-10-09,0.4364965414338171,-0.8289748271386423,1,normal volatility
2014-10-10,0.4286778435777967,-0.8470495895274386,1,normal volatility
2014-10-14,0.4269131618729814,-0.8511746544145503,1,normal volatility
2014-10-15,0.4209990482902126,-0.86512470589563,1,normal volatility
2014-10-16,0.451181449413564,-0.7958856935318647,1,normal volatility
2014-10-17,0.4461466094530142,-0.8071076602322317,1,normal volatility
2014-10-20,0.4463059780451401,-0.8067505127578394,1,normal volatility
2014-10-21,0.4404308988617042,-0.8200017156917209,1,normal volatility
2014-10-22,0.4414518760664845,-0.8176862658610762,1,normal volatility
2014-10-23,0.444780640758367,-0.8101740604678327,1,normal volatility
2014-10-24,0.4367849523008363,-0.8283143050055746,1,normal volatility
2014-10-27,0.4298116051953507,-0.844408293753077,1,normal volatility
2014-10-28,0.426028848951584,-0.8532482144620748,1,normal volatility
2014-10-29,0.4219383012937936,-0.8628961811001301,1,normal volatility
2014-10-30,0.4151164318829242,-0.8791962393466521,1,normal volatility
2014-10-31,0.4596381510044264,-0.777315727304593,1,normal volatility
2014-11-03,0.472633175856994,-0.7494357180960262,1,normal volatility
2014-11-04,0.4686225937975047,-0.75795753854046,1,normal volatility
2014-11-05,0.4718526990798047,-0.7510884203238761,1,normal volatility
2014-11-06,0.4741176371891752,-0.7462998083545554,1,normal volatility
2014-11-07,0.4792025066299052,-0.7356320013308363,1,normal volatility
2014-11-10,0.4706710264174912,-0.7535958867132789,1,normal volatility
2014-11-12,0.462160262773276,-0.7718435589328735,1,normal volatility
2014-11-13,0.4564628659837896,-0.7842479273077416,1,normal volatility
2014-11-14,0.4493675385366078,-0.7999141547356733,1,normal volatility
2014-11-17,0.4422239455395136,-0.8159388610988173,1,normal volatility
2014-11-18,0.4401679845772982,-0.8205988418002422,1,normal volatility
2014-11-19,0.4530921269224608,-0.7916598034863594,1,normal volatility
2014-11-20,0.4454966789500694,-0.8085654867565913,1,normal volatility
2014-11-21,0.4387127321665523,-0.8239104487406815,1,normal volatility
2014-11-24,0.4765706148543804,-0.7411393720001199,1,normal volatility
2014-11-25,0.4708378627699755,-0.7532414846334972,1,normal volatility
2014-11-26,0.4677076284693165,-0.7599119037796856,1,normal volatility
2014-11-28,0.4618419936201557,-0.772532451548676,1,normal volatility
2014-12-01,0.464302065846744,-0.7672199345869994,1,normal volatility
2014-12-02,0.4631660861195751,-0.7696695718986823,1,normal volatility
2014-12-03,0.4802388370073798,-0.7334717217319285,1,normal volatility
2014-12-04,0.4900367713766979,-0.7132748470671828,1,normal volatility
2014-12-05,0.521460921208441,-0.6511209427116337,1,normal volatility
2014-12-08,0.549158529785737,-0.5993681181619817,1,normal volatility
2014-12-09,0.5392602524669724,-0.6175569814374677,1,normal volatility
2014-12-10,0.5635761744774456,-0.5734527736669208,1,normal volatility
2014-12-11,0.5533385336688916,-0.5917852881470285,1,normal volatility
2014-12-12,0.5447218214468724,-0.6074800339907362,1,normal volatility
2014-12-15,0.5517293950784177,-0.5946975792124574,1,normal volatility
2014-12-16,0.5418764347935038,-0.6127172836196874,1,normal volatility
2014-12-17,0.5345473481267454,-0.6263349684801298,1,normal volatility
2014-12-18,0.545958042608321,-0.6052131512296685,1,normal volatility
2014-12-19,0.5649193040371306,-0.5710723827491598,1,normal volatility
2014-12-22,0.5612131225383066,-0.577654548029514,1,normal volatility
2014-12-23,0.5514821439919253,-0.5951458179805915,1,normal volatility
2014-12-24,0.5528788822151764,-0.5926163209504696,1,normal volatility
2014-12-29,0.5427870721005092,-0.611038168363806,1,normal volatility
2014-12-30,0.5328916310818107,-0.6294371942842133,1,normal volatility
2014-12-31,0.5230838994272622,-0.6480134082280604,1,normal volatility
2015-01-02,0.5261922780415141,-0.6420885854332349,1,normal volatility
2015-01-05,0.5342818746012333,-0.6268317242299281,1,normal volatility
2015-01-06,0.5469973300121183,-0.6033113577199329,1,normal volatility
2015-01-07,0.5377059097856682,-0.6204435043664458,1,normal volatility
2015-01-08,0.5601346408883895,-0.5795780939938022,1,normal volatility
2015-01-09,0.5498851032654749,-0.5980459257326056,1,normal volatility
2015-01-12,0.5406389921753767,-0.6150035201504475,1,normal volatility
2015-01-13,0.5306437159672212,-0.6336644509866628,1,normal volatility
2015-01-14,0.5278380733683486,-0.6389657215381789,1,normal volatility
2015-01-15,0.5200749983297148,-0.6537822502493142,1,normal volatility
2015-01-16,0.6147575348240557,-0.48652734123210606,2,high volatility (stress/panic)
2015-01-20,0.6179995205463901,-0.48126759733965,2,high volatility (stress/panic)
2015-01-21,0.6105886534720151,-0.49333178144161205,2,high volatility (stress/panic)
2015-01-22,0.6006630128935841,-0.5097212123635316,2,high volatility (stress/panic)
2015-01-23,0.65456765294714,-0.423780333126638,2,high volatility (stress/panic)
2015-01-26,0.6817843774530712,-0.3830418332207171,2,high volatility (stress/panic)
2015-01-27,0.6691674695447215,-0.40172092201228415,2,high volatility (stress/panic)
2015-01-28,0.6707803551621674,-0.39931353514741613,2,high volatility (stress/panic)
2015-01-29,0.659734235472531,-0.4159181985828891,2,high volatility (stress/panic)
2015-01-30,0.6497674198573549,-0.4311407957278017,2,high volatility (stress/panic)
2015-02-02,0.6381965321256803,-0.4491089989890464,2,high volatility (stress/panic)
2015-02-03,0.631444760009514,-0.45974481527023786,2,high volatility (stress/panic)
2015-02-04,0.6551868632194391,-0.4228347966756631,2,high volatility (stress/panic)
2015-02-05,0.6469735560891319,-0.4354498568943509,2,high volatility (stress/panic)
2015-02-06,0.6352538125758376,-0.45373065510630806,2,high volatility (stress/panic)
2015-02-09,0.6466263852483148,-0.43598660838615005,2,high volatility (stress/panic)
2015-02-10,0.6348382084157387,-0.4543851024503801,2,high volatility (stress/panic)
2015-02-11,0.6228832134959634,-0.47339623604011394,2,high volatility (stress/panic)
2015-02-12,0.6117351378738121,-0.49145587139858676,2,high volatility (stress/panic)
2015-02-13,0.6291263694635114,-0.46342313711307825,2,high volatility (stress/panic)
2015-02-17,0.6172915663874298,-0.4824138117727634,2,high volatility (stress/panic)
2015-02-18,0.6060566846702797,-0.5007817582274601,2,high volatility (stress/panic)
2015-02-19,0.6013160124750245,-0.5086346715306201,2,high volatility (stress/panic)
2015-02-20,0.5963051816849039,-0.5170026931626689,2,high volatility (stress/panic)
2015-02-23,0.5860619231525155,-0.5343298240791722,2,high volatility (stress/panic)
2015-02-24,0.5767234589917544,-0.5503924012069031,2,high volatility (stress/panic)
2015-02-25,0.5697343565282618,-0.5625850679629717,2,high volatility (stress/panic)
2015-02-26,0.5674066396553694,-0.5666790547805947,2,high volatility (stress/panic)
2015-02-27,0.6135005954863125,-0.48857404419380573,2,high volatility (stress/panic)
2015-03-02,0.6024913413389782,-0.506681984942207,2,high volatility (stress/panic)
2015-03-03,0.5913010176842977,-0.5254300550604402,2,high volatility (stress/panic)
2015-03-04,0.5815544764811069,-0.5420506287267459,2,high volatility (stress/panic)
2015-03-05,0.6211783047045042,-0.4761371131331632,2,high volatility (stress/panic)
2015-03-06,0.6195233573258874,-0.4788048751113712,2,high volatility (stress/panic)
2015-03-09,0.6635178867350247,-0.410199467419472,2,high volatility (stress/panic)
2015-03-10,0.6511464867418022,-0.42902064404976653,2,high volatility (stress/panic)
2015-03-11,0.6853951907386542,-0.37775968628837286,2,high volatility (stress/panic)
2015-03-12,0.7129117183616827,-0.33839768339835946,2,high volatility (stress/panic)
2015-03-13,0.7030889316226253,-0.3522718921529227,2,high volatility (stress/panic)
2015-03-16,0.7092795766235113,-0.34350550489580295,2,high volatility (stress/panic)
2015-03-17,0.7022042013899967,-0.3535310320842792,2,high volatility (stress/panic)
2015-03-18,0.69113707357546,-0.36941710502398317,2,high volatility (stress/panic)
2015-03-19,0.68166330309472,-0.38321943352089255,2,high volatility (stress/panic)
2015-03-20,0.6698806472208829,-0.4006557209419624,2,high volatility (stress/panic)
2015-03-23,0.7266105379133332,-0.3193646562540528,2,high volatility (stress/panic)
2015-03-24,0.7531413411084402,-0.2835023648011617,2,high volatility (stress/panic)
2015-03-25,0.7395735531997906,-0.3016815383564933,2,high volatility (stress/panic)
2015-03-26,0.738656392310949,-0.30292242920614043,2,high volatility (stress/panic)
2015-03-27,0.7339953037987427,-0.3092526484824454,2,high volatility (stress/panic)
2015-03-30,0.7216527732353223,-0.3262111792668898,2,high volatility (stress/panic)
2015-03-31,0.7195674748577862,-0.3291049768464019,2,high volatility (stress/panic)
2015-04-01,0.7190528321205802,-0.32982044395980636,2,high volatility (stress/panic)
2015-04-02,0.7071258402383332,-0.34654663707369227,2,high volatility (stress/panic)
2015-04-03,0.7193774764714995,-0.329369056979857,2,high volatility (stress/panic)
2015-04-06,0.7352241272802315,-0.30757989117740625,2,high volatility (stress/panic)
2015-04-07,0.7219670583109958,-0.32577576673822956,2,high volatility (stress/panic)
2015-04-08,0.7609825482468032,-0.2731448540420115,2,high volatility (stress/panic)
2015-04-09,0.7485569559384118,-0.28960798457932097,2,high volatility (stress/panic)
2015-04-10,0.7800962049900317,-0.24833802717340892,2,high volatility (stress/panic)
2015-04-13,0.7764205821394354,-0.2530609183278963,2,high volatility (stress/panic)
2015-04-14,0.7621042383868732,-0.2716719368678825,2,high volatility (stress/panic)
2015-04-15,0.7655197261952964,-0.2672002951827157,2,high volatility (stress/panic)
2015-04-16,0.7633106861224331,-0.2700901403773304,2,high volatility (stress/panic)
2015-04-17,0.7944820949061644,-0.23006482956369986,2,high volatility (stress/panic)
2015-04-20,0.7823661602915936,-0.24543241235793908,2,high volatility (stress/panic)
2015-04-21,0.7679745280034899,-0.2639987130466134,2,high volatility (stress/panic)
2015-04-22,0.753352049070626,-0.28322263179345863,2,high volatility (stress/panic)
2015-04-23,0.7407467539299301,-0.3000964746778817,2,high volatility (stress/panic)
2015-04-24,0.7388871805936786,-0.3026100346496093,2,high volatility (stress/panic)
2015-04-27,0.7366122351721874,-0.30569366477490084,2,high volatility (stress/panic)
2015-04-28,0.7231870377128871,-0.324087393581271,2,high volatility (stress/panic)
2015-04-29,0.7261501606878935,-0.3199984526408824,2,high volatility (stress/panic)
2015-04-30,0.7899544658702355,-0.23577997332115358,2,high volatility (stress/panic)
2015-05-01,0.7750961202806719,-0.25476823115079056,2,high volatility (stress/panic)
2015-05-04,0.7623824017078195,-0.271307009663252,2,high volatility (stress/panic)
2015-05-05,0.7525008310897352,-0.2843531779215298,2,high volatility (stress/panic)
2015-05-06,0.7399348307633281,-0.3011931631980498,2,high volatility (stress/panic)
2015-05-07,0.7833975226244994,-0.24411502009329328,2,high volatility (stress/panic)
2015-05-08,0.7755393927594624,-0.2541965010605955,2,high volatility (stress/panic)
2015-05-11,0.7640273688627743,-0.2691516673384346,2,high volatility (stress/panic)
2015-05-12,0.7684612956892879,-0.2633650807209701,2,high volatility (stress/panic)
2015-05-13,0.7728121649641014,-0.2577192547945488,2,high volatility (stress/panic)
2015-05-14,0.7912623248828844,-0.23412572917380317,2,high volatility (stress/panic)
2015-05-15,0.776149127521806,-0.2534106026205968,2,high volatility (stress/panic)
2015-05-18,0.7682412943625798,-0.2636514098124096,2,high volatility (stress/panic)
2015-05-19,0.7637838234020207,-0.2694704835168336,2,high volatility (stress/panic)
2015-05-20,0.8259422052956826,-0.19123047728481682,2,high volatility (stress/panic)
2015-05-21,0.8195616929374642,-0.1989856024389827,2,high volatility (stress/panic)
2015-05-22,0.8081264188260265,-0.21303677375636343,2,high volatility (stress/panic)
2015-05-26,0.8088699712308289,-0.2121171026157445,2,high volatility (stress/panic)
2015-05-27,0.8400065441545225,-0.174345596514979,2,high volatility (stress/panic)
2015-05-28,0.8241955263997839,-0.19334748790119718,2,high volatility (stress/panic)
2015-05-29,0.8097758646224186,-0.2109977799497165,2,high volatility (stress/panic)
2015-06-01,0.8069169774952699,-0.2145344939533475,2,high volatility (stress/panic)
2015-06-02,0.8040778182097152,-0.21805922566885233,2,high volatility (stress/panic)
2015-06-03,0.8762276711048911,-0.13212932329195054,2,high volatility (stress/panic)
2015-06-04,0.900349859214202,-0.10497185873448958,2,high volatility (stress/panic)
2015-06-05,0.8833171897082294,-0.12407092463898785,2,high volatility (stress/panic)
2015-06-08,0.9106132161033494,-0.09363704256570352,2,high volatility (stress/panic)
2015-06-09,0.918766472122728,-0.08472329977474588,2,high volatility (stress/panic)
2015-06-10,0.9055929237630592,-0.09916538542962682,2,high volatility (stress/panic)
2015-06-11,0.8890808311581276,-0.11756712391410774,2,high volatility (stress/panic)
2015-06-12,0.8802868585851784,-0.12750744896343325,2,high volatility (stress/panic)
2015-06-15,0.8664622918857999,-0.14333668850473325,2,high volatility (stress/panic)
2015-06-16,0.8500366025817214,-0.1624758685640615,2,high volatility (stress/panic)
2015-06-17,0.8350415658942919,-0.18027377585611842,2,high volatility (stress/panic)
2015-06-18,0.8191048835622549,-0.19954314037085202,2,high volatility (stress/panic)
2015-06-19,0.8489392909819015,-0.16376760172702848,2,high volatility (stress/panic)
2015-06-22,0.8407138050255663,-0.17350398010551984,2,high volatility (stress/panic)
2015-06-23,0.8279255472062969,-0.1888320474727928,2,high volatility (stress/panic)
2015-06-24,0.8731922195754052,-0.13559956458951106,2,high volatility (stress/panic)
2015-06-25,0.8566332720565969,-0.15474537255590143,2,high volatility (stress/panic)
2015-06-26,0.8408000638212426,-0.17340138351401962,2,high volatility (stress/panic)
2015-06-29,0.8274727527100704,-0.18937909951161816,2,high volatility (stress/panic)
2015-06-30,0.8127292344116355,-0.207357269910269,2,high volatility (stress/panic)
2015-07-01,0.7983697967165796,-0.22518338446424951,2,high volatility (stress/panic)
2015-07-02,0.7923235073463358,-0.2327855016967743,2,high volatility (stress/panic)
2015-07-06,0.7772543498662519,-0.25198763357613985,2,high volatility (stress/panic)
2015-07-07,0.7627593094486627,-0.27081275034851543,2,high volatility (stress/panic)
2015-07-08,0.7789068724665912,-0.24986378779744303,2,high volatility (stress/panic)
2015-07-09,0.7928350306066241,-0.23214011101086326,2,high volatility (stress/panic)
2015-07-10,0.7818891602372162,-0.24604228730981204,2,high volatility (stress/panic)
2015-07-13,0.7976211035526131,-0.22612160186731883,2,high volatility (stress/panic)
2015-07-14,0.814239940095261,-0.20550018971297085,2,high volatility (stress/panic)
2015-07-15,0.7986791393463742,-0.22479599165908487,2,high volatility (stress/panic)
2015-07-16,0.7881938452698263,-0.2380112228411319,2,high volatility (stress/panic)
2015-07-17,0.7819810750817224,-0.24592473939242576,2,high volatility (stress/panic)
2015-07-20,0.7720416290573767,-0.2587168067617369,2,high volatility (stress/panic)
2015-07-21,0.7573103391908959,-0.2779821502539914,2,high volatility (stress/panic)
2015-07-22,0.7555416342013542,-0.28032039064564374,2,high volatility (stress/panic)
2015-07-23,0.7449260480076355,-0.29447032994889727,2,high volatility (stress/panic)
2015-07-24,0.7488731475552283,-0.28918567221792507,2,high volatility (stress/panic)
2015-07-27,0.7345969376249678,-0.3084333143706177,2,high volatility (stress/panic)
2015-07-28,0.7592703071658833,-0.27539742906442266,2,high volatility (stress/panic)
2015-07-29,0.7512428663428886,-0.2860262888944251,2,high volatility (stress/panic)
2015-07-30,0.7385894717137567,-0.30301303104686017,2,high volatility (stress/panic)
2015-07-31,0.7506337734068225,-0.28683739808054454,2,high volatility (stress/panic)
2015-08-03,0.7635288985654435,-0.26980430492128854,2,high volatility (stress/panic)
2015-08-04,0.7577226553459914,-0.27743785033872653,2,high volatility (stress/panic)
2015-08-05,0.7434130424292756,-0.2965034769773834,2,high volatility (stress/panic)
2015-08-06,0.7444129904023509,-0.2951593035302618,2,high volatility (stress/panic)
2015-08-07,0.736632697184599,-0.3056658866207549,2,high volatility (stress/panic)
2015-08-10,0.7254975929586286,-0.3208975244323458,2,high volatility (stress/panic)
2015-08-11,0.7146135836341433,-0.33601332484952906,2,high volatility (stress/panic)
2015-08-12,0.7062067586052092,-0.34784722514960664,2,high volatility (stress/panic)
2015-08-13,0.7444019415091614,-0.295174146064351,2,high volatility (stress/panic)
2015-08-14,0.7360303619170381,-0.3064839084994548,2,high volatility (stress/panic)
2015-08-17,0.7243358608888426,-0.32250009790771583,2,high volatility (stress/panic)
2015-08-18,0.7126544114056891,-0.3387586725568628,2,high volatility (stress/panic)
2015-08-19,0.7044228705073785,-0.3503764348187658,2,high volatility (stress/panic)
2015-08-20,0.6935516144422379,-0.3659296159805247,2,high volatility (stress/panic)
2015-08-21,0.7223388787676552,-0.3252608890307743,2,high volatility (stress/panic)
2015-08-24,0.7577779251339251,-0.2773649110226087,2,high volatility (stress/panic)
2015-08-25,0.834253898103754,-0.1812174887769084,2,high volatility (stress/panic)
2015-08-26,0.8664014251103931,-0.14340693843245103,2,high volatility (stress/panic)
2015-08-27,0.8503868773763235,-0.16206388319255266,2,high volatility (stress/panic)
2015-08-28,0.8727287113231722,-0.13613052593480376,2,high volatility (stress/panic)
2015-08-31,0.8635756844675375,-0.14667373675045087,2,high volatility (stress/panic)
2015-09-01,0.84788951949996,-0.1650049352864182,2,high volatility (stress/panic)
2015-09-02,0.8402163588551066,-0.1740958502446492,2,high volatility (stress/panic)
2015-09-03,0.8248369761174968,-0.1925695168799028,2,high volatility (stress/panic)
2015-09-04,0.8432143262814339,-0.1705341109676544,2,high volatility (stress/panic)
2015-09-08,0.8273739141332173,-0.1894985529678821,2,high volatility (stress/panic)
2015-09-09,0.8194558291193045,-0.19911478204430388,2,high volatility (stress/panic)
2015-09-10,0.8042511575764028,-0.21784367353994297,2,high volatility (stress/panic)
2015-09-11,0.8066198434877165,-0.21490279544736746,2,high volatility (stress/panic)
2015-09-14,0.8019716463820479,-0.22068202537892145,2,high volatility (stress/panic)
2015-09-15,0.7883261732410727,-0.23784334933492401,2,high volatility (stress/panic)
2015-09-16,0.7773184491063493,-0.2519051681680533,2,high volatility (stress/panic)
2015-09-17,0.7662958237539177,-0.266186990904594,2,high volatility (stress/panic)
2015-09-18,0.7518118183292533,-0.28526922793138654,2,high volatility (stress/panic)
2015-09-21,0.7417560331148522,-0.2987348862212945,2,high volatility (stress/panic)
2015-09-22,0.7736293913094098,-0.25666234266221827,2,high volatility (stress/panic)
2015-09-23,0.7685618976148778,-0.2632341758313473,2,high volatility (stress/panic)
2015-09-24,0.7554096966697394,-0.2804950323157683,2,high volatility (stress/panic)
2015-09-25,0.7580437663271524,-0.2770141557887307,2,high volatility (stress/panic)
2015-09-28,0.7505782351827357,-0.28691138926073007,2,high volatility (stress/panic)
2015-09-29,0.7402793912649286,-0.30072760827674694,2,high volatility (stress/panic)
2015-09-30,0.7264073550632936,-0.31964432638385104,2,high volatility (stress/panic)
2015-10-01,0.7269558850106108,-0.31888948415551066,2,high volatility (stress/panic)
2015-10-02,0.7162469915033847,-0.3337302113063238,2,high volatility (stress/panic)
2015-10-05,0.7148976673503106,-0.3356158691181224,2,high volatility (stress/panic)
2015-10-06,0.7131887677978012,-0.33800914213876004,2,high volatility (stress/panic)
2015-10-07,0.7089766487510976,-0.3439326884633425,2,high volatility (stress/panic)
2015-10-08,0.6960752264813828,-0.36229754046339957,2,high volatility (stress/panic)
2015-10-09,0.6853071560061945,-0.37788813829371126,2,high volatility (stress/panic)
2015-10-13,0.6866252492433482,-0.3759666243216421,2,high volatility (stress/panic)
2015-10-14,0.6744402999569437,-0.39387211732282135,2,high volatility (stress/panic)
2015-10-15,0.668362984299255,-0.40292386335865354,2,high volatility (stress/panic)
2015-10-16,0.6564554278683671,-0.4209004811186191,2,high volatility (stress/panic)
2015-10-19,0.6513712887241156,-0.4286754633715756,2,high volatility (stress/panic)
2015-10-20,0.6425875071758382,-0.4422522735478116,2,high volatility (stress/panic)
2015-10-21,0.6340876483081131,-0.4555680875573186,2,high volatility (stress/panic)
2015-10-22,0.6225619157033145,-0.4739121926121762,2,high volatility (stress/panic)
2015-10-23,0.7047273924641991,-0.34994422830458055,2,high volatility (stress/panic)
2015-10-26,0.724090362339954,-0.3228390845227085,2,high volatility (stress/panic)
2015-10-27,0.713055140909346,-0.33819652507940634,2,high volatility (stress/panic)
2015-10-28,0.6995102569243395,-0.35737482176131813,2,high volatility (stress/panic)
2015-10-29,0.6867117894403374,-0.37584059524841956,2,high volatility (stress/panic)
2015-10-30,0.6972440999012111,-0.3606197144662953,2,high volatility (stress/panic)
2015-11-02,0.6981813750390541,-0.3592763603486793,2,high volatility (stress/panic)
2015-11-03,0.6854615598831157,-0.37766285757963536,2,high volatility (stress/panic)
2015-11-04,0.6868223452252571,-0.37567961521542553,2,high volatility (stress/panic)
2015-11-05,0.690211737305646,-0.3707568628041123,2,high volatility (stress/panic)
2015-11-06,0.6772994178430247,-0.38964183228767135,2,high volatility (stress/panic)
2015-11-09,0.6996079537733647,-0.3572351668723503,2,high volatility (stress/panic)
2015-11-10,0.6874297965267133,-0.37479556879837717,2,high volatility (stress/panic)
2015-11-12,0.6897853935031246,-0.37137475367731426,2,high volatility (stress/panic)
2015-11-13,0.6928967995105113,-0.3668742093369386,2,high volatility (stress/panic)
2015-11-16,0.6846417795965332,-0.37885952699980074,2,high volatility (stress/panic)
2015-11-17,0.6721025705831633,-0.39734431531011893,2,high volatility (stress/panic)
2015-11-18,0.6726549489366733,-0.39652278670505947,2,high volatility (stress/panic)
2015-11-19,0.6599795573533865,-0.4155464181483511,2,high volatility (stress/panic)
2015-11-20,0.6766404139294031,-0.39061529351570795,2,high volatility (stress/panic)
2015-11-23,0.6815105081968638,-0.3834436087467229,2,high volatility (stress/panic)
2015-11-24,0.676696672981085,-0.3905321522905712,2,high volatility (stress/panic)
2015-11-25,0.670240771890397,-0.40011827012139195,2,high volatility (stress/panic)
2015-11-27,0.6607006968534127,-0.4144543452269914,2,high volatility (stress/panic)
2015-11-30,0.6491784674905066,-0.4320476116513033,2,high volatility (stress/panic)
2015-12-01,0.6398450410944524,-0.44652925523491366,2,high volatility (stress/panic)
2015-12-02,0.6368384775330455,-0.45123922301568353,2,high volatility (stress/panic)
2015-12-03,0.6305470412406433,-0.46116751693819263,2,high volatility (stress/panic)
2015-12-04,0.8573468786846432,-0.15391268301866193,2,high volatility (stress/panic)
2015-12-07,0.841446509479591,-0.17263283305247865,2,high volatility (stress/panic)
2015-12-08,0.8289035977089342,-0.18765141805273883,2,high volatility (stress/panic)
2015-12-09,0.8156221933825337,-0.20380402954055948,2,high volatility (stress/panic)
2015-12-10,0.8227492955371055,-0.19510374738864344,2,high volatility (stress/panic)
2015-12-11,0.8093854270964949,-0.2114800512780741,2,high volatility (stress/panic)
2015-12-14,0.7996981134481282,-0.22352098072156806,2,high volatility (stress/panic)
2015-12-15,0.785490481323615,-0.24144693934382475,2,high volatility (stress/panic)
2015-12-16,0.7959648938820043,-0.2282001972736383,2,high volatility (stress/panic)
2015-12-17,0.7821573148715788,-0.24569938875627462,2,high volatility (stress/panic)
2015-12-18,0.8025153516373846,-0.22000429439472638,2,high volatility (stress/panic)
2015-12-21,0.7910005533269499,-0.23445661168634624,2,high volatility (stress/panic)
2015-12-22,0.7868187231110049,-0.23975739621883974,2,high volatility (stress/panic)
2015-12-23,0.7786875423004904,-0.25014541460024997,2,high volatility (stress/panic)
2015-12-24,0.7849900155117273,-0.242084280373958,2,high volatility (stress/panic)
2015-12-28,0.7831155115832827,-0.2444750694999754,2,high volatility (stress/panic)
2015-12-29,0.7698021194604833,-0.2616217848750666,2,high volatility (stress/panic)
2015-12-30,0.7641399658900527,-0.2690043051681781,2,high volatility (stress/panic)
2015-12-31,0.7495777227772566,-0.2882452673132291,2,high volatility (stress/panic)
2016-01-04,0.7411459551567313,-0.29955770256029185,2,high volatility (stress/panic)
2016-01-05,0.7337134354598146,-0.3096367415042472,2,high volatility (stress/panic)
2016-01-06,0.7275885856022328,-0.3180195201986717,2,high volatility (stress/panic)
2016-01-07,0.7146142506158747,-0.33601239150396245,2,high volatility (stress/panic)
2016-01-08,0.7228774087392217,-0.3245156303436876,2,high volatility (stress/panic)
2016-01-11,0.7105900635043894,-0.3416595787403884,2,high volatility (stress/panic)
2016-01-12,0.6971812629692841,-0.360709840382881,2,high volatility (stress/panic)
2016-01-13,0.6877206268278708,-0.37437258917294225,2,high volatility (stress/panic)
2016-01-14,0.6762286580975265,-0.39122400850979644,2,high volatility (stress/panic)
2016-01-15,0.6634280444274543,-0.41033487957997944,2,high volatility (stress/panic)
2016-01-19,0.675804901018169,-0.3918508525557539,2,high volatility (stress/panic)
2016-01-20,0.6707250658263062,-0.3993959639397676,2,high volatility (stress/panic)
2016-01-21,0.6580522350867696,-0.418470966177264,2,high volatility (stress/panic)
2016-01-22,0.6590312451626289,-0.4169843326102232,2,high volatility (stress/panic)
2016-01-25,0.6474129580768467,-0.4347709221252003,2,high volatility (stress/panic)
2016-01-26,0.6360703862298431,-0.4524460515927974,2,high volatility (stress/panic)
2016-01-27,0.6246342144423499,-0.47058905746764185,2,high volatility (stress/panic)
2016-01-28,0.6140962446056795,-0.48760361294690274,2,high volatility (stress/panic)
2016-01-29,0.6213799487957424,-0.47581255033308467,2,high volatility (stress/panic)
2016-02-01,0.6454667638027187,-0.4377815590950698,2,high volatility (stress/panic)
2016-02-02,0.6412665774625008,-0.44431003103793604,2,high volatility (stress/panic)
2016-02-03,0.6302424768865303,-0.4616506496985119,2,high volatility (stress/panic)
2016-02-04,0.6681038290231145,-0.40331168485456403,2,high volatility (stress/panic)
2016-02-05,0.7045317545361399,-0.3502218747966859,2,high volatility (stress/panic)
2016-02-08,0.7009254486091735,-0.35535374766135575,2,high volatility (stress/panic)
2016-02-09,0.6910482013493735,-0.3695457017147759,2,high volatility (stress/panic)
2016-02-10,0.7142506670049333,-0.33652130401809127,2,high volatility (stress/panic)
2016-02-11,0.7131483289892959,-0.33806584515603016,2,high volatility (stress/panic)
2016-02-12,0.7398821048589856,-0.3012644232344712,2,high volatility (stress/panic)
2016-02-16,0.7573027795744424,-0.2779921324948157,2,high volatility (stress/panic)
2016-02-17,0.7605389490020359,-0.2737279536014174,2,high volatility (stress/panic)
2016-02-18,0.7460266243748863,-0.29299398990466013,2,high volatility (stress/panic)
2016-02-19,0.7364276177278962,-0.3059443266220931,2,high volatility (stress/panic)
2016-02-22,0.7250605407545985,-0.3215001231246667,2,high volatility (stress/panic)
2016-02-23,0.7360004917609425,-0.3065244921000295,2,high volatility (stress/panic)
2016-02-24,0.7219881703511611,-0.32574652477871757,2,high volatility (stress/panic)
2016-02-25,0.7083251221650925,-0.3448520785964366,2,high volatility (stress/panic)
2016-02-26,0.6949407747393362,-0.36392865325084567,2,high volatility (stress/panic)
2016-02-29,0.7013018961931781,-0.3548168196169215,2,high volatility (stress/panic)
2016-03-01,0.6971107074598825,-0.3608110466021782,2,high volatility (stress/panic)
2016-03-02,0.6848453860579864,-0.3785621799810631,2,high volatility (stress/panic)
2016-03-03,0.6718727438290779,-0.39768632569358514,2,high volatility (stress/panic)
2016-03-04,0.6843233285863433,-0.3793247704366575,2,high volatility (stress/panic)
2016-03-07,0.6803563971184746,-0.3851385047019246,2,high volatility (stress/panic)
2016-03-08,0.6675372106388335,-0.4041601439860923,2,high volatility (stress/panic)
2016-03-09,0.6563386067970688,-0.42107845430941965,2,high volatility (stress/panic)
2016-03-10,0.6440115367021285,-0.4400386389044997,2,high volatility (stress/panic)
2016-03-11,0.6777526334560405,-0.38897290502472065,2,high volatility (stress/panic)
2016-03-14,0.665702588848192,-0.4069122714718317,2,high volatility (stress/panic)
2016-03-15,0.6650700618749903,-0.40786288767286494,2,high volatility (stress/panic)
2016-03-16,0.6525699453116105,-0.4268369496504935,2,high volatility (stress/panic)
2016-03-17,0.6433789935688692,-0.44102131381050114,2,high volatility (stress/panic)
2016-03-18,0.7567152023846613,-0.2787683151112468,2,high volatility (stress/panic)
2016-03-21,0.7433525652521542,-0.29658483099424027,2,high volatility (stress/panic)
2016-03-22,0.7311654264850843,-0.3131155432135256,2,high volatility (stress/panic)
2016-03-23,0.7192698037810291,-0.3295187429969224,2,high volatility (stress/panic)
2016-03-24,0.7115765966717336,-0.34027221205094454,2,high volatility (stress/panic)
2016-03-25,0.698285934936556,-0.35912661119672945,2,high volatility (stress/panic)
2016-03-28,0.6850412486413254,-0.3782762255382465,2,high volatility (stress/panic)
2016-03-29,0.6768776700236129,-0.39026471660143897,2,high volatility (stress/panic)
2016-03-30,0.6641270677592725,-0.4092817807067142,2,high volatility (stress/panic)
2016-03-31,0.6868592283953082,-0.37562591547777413,2,high volatility (stress/panic)
2016-04-01,0.681702306838505,-0.3831622166694311,2,high volatility (stress/panic)
2016-04-04,0.6688298394885085,-0.4022256017468394,2,high volatility (stress/panic)
2016-04-05,0.6561851845974386,-0.4213122362817311,2,high volatility (stress/panic)
2016-04-06,0.6440808771758331,-0.43993097508624496,2,high volatility (stress/panic)
2016-04-07,0.6391965520552053,-0.4475432787010579,2,high volatility (stress/panic)
2016-04-08,0.6314376221220259,-0.4597561193910161,2,high volatility (stress/panic)
2016-04-11,0.6205417721711763,-0.4771623564242045,2,high volatility (stress/panic)
2016-04-12,0.6089833916985548,-0.49596428307505686,2,high volatility (stress/panic)
2016-04-13,0.5981996091934906,-0.5138307860905975,2,high volatility (stress/panic)
2016-04-14,0.617994877303081,-0.4812751107123921,2,high volatility (stress/panic)
2016-04-15,0.6072003201447452,-0.49889652565325177,2,high volatility (stress/panic)
2016-04-18,0.59859725606505,-0.5131662674947765,2,high volatility (stress/panic)
2016-04-19,0.589284757237771,-0.5288457533513462,2,high volatility (stress/panic)
2016-04-20,0.5854444057966374,-0.5353840521235469,2,high volatility (stress/panic)
2016-04-21,0.5794452510972481,-0.545684096770314,2,high volatility (stress/panic)
2016-04-22,0.5706866586877285,-0.5609149788150039,2,high volatility (stress/panic)
2016-04-25,0.5698524158905115,-0.5623778711693103,2,high volatility (stress/panic)
2016-04-26,0.5625753896090914,-0.575230127912522,2,high volatility (stress/panic)
2016-04-27,0.557371102428074,-0.5845240087872273,1,normal volatility
2016-04-28,0.547068160808289,-0.6031818758984807,1,normal volatility
2016-04-29,0.5369574363367884,-0.6218364495573321,1,normal volatility
2016-05-02,0.5630347107125686,-0.5744139996122504,1,normal volatility
2016-05-03,0.5670622553056023,-0.5672861835646015,1,normal volatility
2016-05-04,0.5566371973421395,-0.5858416025470956,1,normal volatility
2016-05-05,0.5474685142322591,-0.6024503271967256,1,normal volatility
2016-05-06,0.5546022592672802,-0.5895040721209093,1,normal volatility
2016-05-09,0.5451204660429015,-0.606748470133499,1,normal volatility
2016-05-10,0.5359154268664273,-0.6237789160577716,1,normal volatility
2016-05-11,0.5266439790331419,-0.6412305203422823,1,normal volatility
2016-05-12,0.5263825795149708,-0.641726993145211,1,normal volatility
2016-05-13,0.5276912017471497,-0.6392440115403785,1,normal volatility
2016-05-16,0.5380064724646013,-0.6198846882893716,1,normal volatility
2016-05-17,0.5313594190824588,-0.6323166146197703,1,normal volatility
2016-05-18,0.5217991657401254,-0.650472505092352,1,normal volatility
2016-05-19,0.5224690941400952,-0.649189446863709,1,normal volatility
2016-05-20,0.5235686054262715,-0.6470872058229411,1,normal volatility
2016-05-23,0.5140274604120196,-0.6654785900279242,1,normal volatility
2016-05-24,0.5051767927902097,-0.6828468262390507,1,normal volatility
2016-05-25,0.5023532813209748,-0.6884516591533238,1,normal volatility
2016-05-26,0.4934226343140364,-0.7063892017719899,1,normal volatility
2016-05-27,0.4872918750331338,-0.718892002710765,1,normal volatility
2016-05-31,0.4842517788030249,-0.7251503033862907,1,normal volatility
2016-06-01,0.4754782360056916,-0.7434341687998484,1,normal volatility
2016-06-02,0.4698438192990894,-0.7553549388653401,1,normal volatility
2016-06-03,0.4614902110968057,-0.7732944363220303,1,normal volatility
2016-06-06,0.542671110637096,-0.611251831986594,1,normal volatility
2016-06-07,0.5342709951908984,-0.6268520871163006,1,normal volatility
2016-06-08,0.5244209888000403,-0.6454605034846225,1,normal volatility
2016-06-09,0.521896173249178,-0.650286612704587,1,normal volatility
2016-06-10,0.5260644088975228,-0.6423316233653438,1,normal volatility
2016-06-13,0.5226641660928787,-0.6488161510124121,1,normal volatility
2016-06-14,0.5130329772566823,-0.6674151527260133,1,normal volatility
2016-06-15,0.5199935086413008,-0.653938950866696,1,normal volatility
2016-06-16,0.5136913279669908,-0.6661327231639831,1,normal volatility
2016-06-17,0.5229733370103875,-0.6482247970764621,1,normal volatility
2016-06-20,0.5408009017006532,-0.6147040869088903,1,normal volatility
2016-06-21,0.541524037856989,-0.6133678222853768,1,normal volatility
2016-06-22,0.5398764983836184,-0.6164148722781849,1,normal volatility
2016-06-23,0.5315625653781805,-0.6319343733995019,1,normal volatility
2016-06-24,0.5427559905092737,-0.6110954329575647,1,normal volatility
2016-06-27,0.6804572951173127,-0.384990214014377,2,high volatility (stress/panic)
2016-06-28,0.6906203849148179,-0.370164976774629,2,high volatility (stress/panic)
2016-06-29,0.6796471578031146,-0.3861815010633509,2,high volatility (stress/panic)
2016-06-30,0.6759502696087875,-0.3916357713127336,2,high volatility (stress/panic)
2016-07-01,0.6793099129468472,-0.38667783000625777,2,high volatility (stress/panic)
2016-07-05,0.6952753785526654,-0.36344728376165086,2,high volatility (stress/panic)
2016-07-06,0.6912147107613856,-0.36930477878852414,2,high volatility (stress/panic)
2016-07-07,0.6781204523085578,-0.38843034854889436,2,high volatility (stress/panic)
2016-07-08,0.6655760383501877,-0.4071023901979946,2,high volatility (stress/panic)
2016-07-11,0.6546180328004904,-0.42370336947828213,2,high volatility (stress/panic)
2016-07-12,0.6423966902722632,-0.442549268491962,2,high volatility (stress/panic)
2016-07-13,0.6324119890609075,-0.45821421579219584,2,high volatility (stress/panic)
2016-07-14,0.6241494930823485,-0.47136536705820437,2,high volatility (stress/panic)
2016-07-15,0.6124262817166354,-0.4903267001876689,2,high volatility (stress/panic)
2016-07-18,0.6070658069037063,-0.4991180804485192,2,high volatility (stress/panic)
2016-07-19,0.5964760518769614,-0.5167161859836179,2,high volatility (stress/panic)
2016-07-20,0.5950808477492711,-0.5190580040969606,2,high volatility (stress/panic)
2016-07-21,0.5840481146109272,-0.537771911515208,2,high volatility (stress/panic)
2016-07-22,0.5733855538492941,-0.556196919695208,2,high volatility (stress/panic)
2016-07-25,0.5688266878196023,-0.5641794820797231,2,high volatility (stress/panic)
2016-07-26,0.5586724129663649,-0.5821920009217996,1,normal volatility
2016-07-27,0.5483454612706028,-0.6008497868766414,1,normal volatility
2016-07-28,0.538233774488347,-0.6194622881277556,1,normal volatility
2016-07-29,0.5603004071887142,-0.5792821976777798,1,normal volatility
2016-08-01,0.5649557135460492,-0.5710079340121498,1,normal volatility
2016-08-02,0.5546397808413883,-0.5894364194846664,1,normal volatility
2016-08-03,0.5510400465129498,-0.5959477927734401,1,normal volatility
2016-08-04,0.5488920892969226,-0.5998534154504913,1,normal volatility
2016-08-05,0.5421827579985465,-0.6121521424996592,1,normal volatility
2016-08-08,0.5401813834670433,-0.6158503005146777,1,normal volatility
2016-08-09,0.530182803188838,-0.6345334202272753,1,normal volatility
2016-08-10,0.5234866597338668,-0.6472437318350795,1,normal volatility
2016-08-11,0.5248482137534642,-0.6446461748528604,1,normal volatility
2016-08-12,0.5151797586240978,-0.6632393933487053,1,normal volatility
2016-08-15,0.5057610067025357,-0.6816910400420089,1,normal volatility
2016-08-16,0.4987697087667261,-0.6956107952345504,1,normal volatility
2016-08-17,0.507981568335642,-0.6773101148657463,1,normal volatility
2016-08-18,0.4991749761895327,-0.6947985910088159,1,normal volatility
2016-08-19,0.5051330772013496,-0.6829333652112726,1,normal volatility
2016-08-22,0.4960190388411093,-0.7011409682335846,1,normal volatility
2016-08-23,0.4873232078724611,-0.7188277048358652,1,normal volatility
2016-08-24,0.4785121044932222,-0.7370737716625395,1,normal volatility
2016-08-25,0.47796843014545,-0.7382105943926116,1,normal volatility
2016-08-26,0.470357689143032,-0.7542618329928302,1,normal volatility
2016-08-29,0.4660186790493517,-0.7635295618629331,1,normal volatility
2016-08-30,0.4670736335779794,-0.7612683601279008,1,normal volatility
2016-08-31,0.4618047742854819,-0.7726130436884143,1,normal volatility
2016-09-01,0.4534829132576803,-0.7907976876280937,1,normal volatility
2016-09-02,0.4531903112041735,-0.7914431286883797,1,normal volatility
2016-09-06,0.4491967975374862,-0.800294185400862,1,normal volatility
2016-09-07,0.4620438895306626,-0.7720953934283977,1,normal volatility
2016-09-08,0.4536884973848619,-0.7903444455433252,1,normal volatility
2016-09-09,0.4466536649910234,-0.8059717833579946,1,normal volatility
2016-09-12,0.4443507458996703,-0.8111410601680945,1,normal volatility
2016-09-13,0.437304419593002,-0.8271257140673355,1,normal volatility
2016-09-14,0.4300181582639467,-0.8439278426653216,1,normal volatility
2016-09-15,0.4253959489993258,-0.8547348990649959,1,normal volatility
2016-09-16,0.4199007056835252,-0.8677370106943895,1,normal volatility
2016-09-19,0.4379489202197658,-0.8256529959092084,1,normal volatility
2016-09-20,0.431439827971678,-0.8406272266838263,1,normal volatility
2016-09-21,0.4238705049624015,-0.858327283222699,1,normal volatility
2016-09-22,0.4164664054868127,-0.8759494797236471,1,normal volatility
2016-09-23,0.4240317895024866,-0.8579468513189685,1,normal volatility
2016-09-26,0.4165808799080699,-0.8756746467724215,1,normal volatility
2016-09-27,0.4173065316562328,-0.8739342393234847,1,normal volatility
2016-09-28,0.4232658267249231,-0.8597548653427293,1,normal volatility
2016-09-29,0.4159229782779506,-0.8772551842332602,1,normal volatility
2016-09-30,0.4157228347160548,-0.8777365034742943,1,normal volatility
2016-10-03,0.4084525697655938,-0.8953794797081283,0,low volatility
2016-10-04,0.4039920682954201,-0.906360034145844,0,low volatility
2016-10-05,0.3968981212042938,-0.9240756528795699,0,low volatility
2016-10-06,0.3908308104531151,-0.9394805224812691,0,low volatility
2016-10-07,0.3893946917497365,-0.943161818007172,0,low volatility
2016-10-11,0.3825993129228277,-0.9607670177882931,0,low volatility
2016-10-12,0.4095508040641364,-0.8926943197355862,0,low volatility
2016-10-13,0.4107735044108741,-0.8897133005470445,0,low volatility
2016-10-14,0.4058123279484902,-0.901864472681511,0,low volatility
2016-10-17,0.4091160902765064,-0.8937563239072288,0,low volatility
2016-10-18,0.4028245932953518,-0.9092540641541148,0,low volatility
2016-10-19,0.3957515149566762,-0.9269687521634626,0,low volatility
2016-10-20,0.3924681186515532,-0.9352999714241834,0,low volatility
2016-10-21,0.3895551048478943,-0.9427499478170106,0,low volatility
2016-10-24,0.4009677806535617,-0.9138742024009533,0,low volatility
2016-10-25,0.3959612628672834,-0.9264388935546604,0,low volatility
2016-10-26,0.3890435266639242,-0.9440640478857337,0,low volatility
2016-10-27,0.3851542154077475,-0.9541114653962501,0,low volatility
2016-10-28,0.378980224367595,-0.9702712537106708,0,low volatility
2016-10-31,0.376334240969127,-0.9772775917166189,0,low volatility
2016-11-01,0.3732584074947784,-0.9854843177132995,0,low volatility
2016-11-02,0.3932266574047998,-0.9333690969624131,0,low volatility
2016-11-03,0.4094019697787031,-0.8930577943871794,0,low volatility
2016-11-04,0.4043934662964755,-0.9053669485032443,0,low volatility
2016-11-07,0.4001673358761177,-0.9158724796635125,0,low volatility
2016-11-08,0.4185743955836998,-0.8709006376262388,1,normal volatility
2016-11-09,0.41118117976586,-0.8887213349405136,1,normal volatility
2016-11-10,0.4285034309375812,-0.8474565341208585,1,normal volatility
2016-11-14,0.4384172704491337,-0.8245841498516062,1,normal volatility
2016-11-15,0.5154804319801153,-0.6626559355470202,1,normal volatility
2016-11-16,0.5060335511561331,-0.6811523052601849,1,normal volatility
2016-11-17,0.4990185968340512,-0.6951119157205492,1,normal volatility
2016-11-18,0.4958486421481132,-0.701484555786518,1,normal volatility
2016-11-21,0.4970880869082271,-0.6989880313502788,1,normal volatility
2016-11-22,0.4880038638849074,-0.7174319553633941,1,normal volatility
2016-11-23,0.4807078901811908,-0.732495490276445,1,normal volatility
2016-11-25,0.4834396827014482,-0.7268287232639653,1,normal volatility
2016-11-28,0.4790654126050797,-0.7359181301326234,1,normal volatility
2016-11-29,0.4715385176004221,-0.7517544886218271,1,normal volatility
2016-11-30,0.4720846686426477,-0.7505969267662636,1,normal volatility
2016-12-01,0.4714938056764302,-0.7518493144786336,1,normal volatility
2016-12-02,0.4742923104640154,-0.7459314586187743,1,normal volatility
2016-12-05,0.4694176459222532,-0.756262403765929,1,normal volatility
2016-12-06,0.4725203119379844,-0.7496745447437686,1,normal volatility
2016-12-07,0.4640356764897989,-0.7677938407250529,1,normal volatility
2016-12-08,0.4617507561269185,-0.7727300223796704,1,normal volatility
2016-12-09,0.5127079105956548,-0.668048971024103,1,normal volatility
2016-12-12,0.5258262776532135,-0.6427843914170474,1,normal volatility
2016-12-13,0.5298803268463929,-0.6351040963352994,1,normal volatility
2016-12-14,0.5228771713890875,-0.6484086964402788,1,normal volatility
2016-12-15,0.5147327726166158,-0.6641074011105067,1,normal volatility
2016-12-16,0.7218491088537277,-0.32593915243817245,2,high volatility (stress/panic)
2016-12-19,0.7241383873123977,-0.3227727621651766,2,high volatility (stress/panic)
2016-12-20,0.7106754411154698,-0.3415394356553623,2,high volatility (stress/panic)
2016-12-21,0.7041813027178637,-0.35071942371014453,2,high volatility (stress/panic)
2016-12-22,0.6939692246541805,-0.36532766433729813,2,high volatility (stress/panic)
2016-12-23,0.6827232544076489,-0.38166569272751233,2,high volatility (stress/panic)
2016-12-27,0.6698040378313397,-0.40077009022673743,2,high volatility (stress/panic)
2016-12-28,0.6573734916757055,-0.4195029415408166,2,high volatility (stress/panic)
2016-12-29,0.6573146995154954,-0.4195923804825264,2,high volatility (stress/panic)
2016-12-30,0.6697605469348354,-0.4008350231116675,2,high volatility (stress/panic)
2017-01-03,0.6683974183297301,-0.4028723447313588,2,high volatility (stress/panic)
2017-01-04,0.7016790132965447,-0.3542792255414808,2,high volatility (stress/panic)
2017-01-05,0.6974376477221754,-0.36034216322919527,2,high volatility (stress/panic)
2017-01-06,0.7202385023940058,-0.3281728684992977,2,high volatility (stress/panic)
2017-01-09,0.7098380217747756,-0.34271847331967337,2,high volatility (stress/panic)
2017-01-10,0.6970153373973863,-0.360947863589418,2,high volatility (stress/panic)
2017-01-11,0.6838186339375535,-0.3800625515814617,2,high volatility (stress/panic)
2017-01-12,0.6831823438205843,-0.38099348019566787,2,high volatility (stress/panic)
2017-01-13,0.7353539044161327,-0.30740339304749953,2,high volatility (stress/panic)
2017-01-17,0.7250695197863735,-0.321487739364038,2,high volatility (stress/panic)
2017-01-18,0.7227129056074517,-0.32474322336343525,2,high volatility (stress/panic)
2017-01-19,0.7093197529084668,-0.34344886270779407,2,high volatility (stress/panic)
2017-01-23,0.702061955821225,-0.35373362269508013,2,high volatility (stress/panic)
2017-01-24,0.7172271651094984,-0.3323626613517586,2,high volatility (stress/panic)
2017-01-25,0.703804637194713,-0.351254465320233,2,high volatility (stress/panic)
2017-01-26,0.6905096308928963,-0.3703253585213022,2,high volatility (stress/panic)
2017-01-27,0.689910668765286,-0.37119315532977726,2,high volatility (stress/panic)
2017-01-30,0.6778586682970845,-0.38881646661037117,2,high volatility (stress/panic)
2017-01-31,0.6651967966811855,-0.4076723472474406,2,high volatility (stress/panic)
2017-02-01,0.6839334704263821,-0.3798946315486838,2,high volatility (stress/panic)
2017-02-02,0.6739701034126669,-0.3945695260081289,2,high volatility (stress/panic)
2017-02-03,0.6660399389852893,-0.4064056417934029,2,high volatility (stress/panic)
2017-02-06,0.6536617815081428,-0.42516521495228676,2,high volatility (stress/panic)
2017-02-07,0.6504289011494822,-0.43012328577409586,2,high volatility (stress/panic)
2017-02-08,0.6423031168706409,-0.4426949420590747,2,high volatility (stress/panic)
2017-02-09,0.6310917232307515,-0.46030406530799967,2,high volatility (stress/panic)
2017-02-10,0.6256281467700201,-0.46899909912307153,2,high volatility (stress/panic)
2017-02-13,0.6140070948842262,-0.48774879571571905,2,high volatility (stress/panic)
2017-02-14,0.6083599303429484,-0.49698858147769875,2,high volatility (stress/panic)
2017-02-15,0.5987436638106041,-0.5129217126752535,2,high volatility (stress/panic)
2017-02-16,0.5887330950808337,-0.5297823473022415,2,high volatility (stress/panic)
2017-02-17,0.5891985439105698,-0.5289920656958164,2,high volatility (stress/panic)
2017-02-21,0.5840347361618887,-0.5377948181934974,2,high volatility (stress/panic)
2017-02-22,0.5843460300589859,-0.5372619543986408,2,high volatility (stress/panic)
2017-02-23,0.5734898430397949,-0.5560150530494135,2,high volatility (stress/panic)
2017-02-24,0.5657574582184227,-0.5695898116682027,2,high volatility (stress/panic)
2017-02-27,0.555310343032344,-0.5882281448818467,1,normal volatility
2017-02-28,0.5510308049217594,-0.5959645640929585,1,normal volatility
2017-03-01,0.5408904331984711,-0.614538547082262,1,normal volatility
2017-03-02,0.5397428403122987,-0.6166624744972485,1,normal volatility
2017-03-03,0.5374402502915079,-0.6209376874076573,1,normal volatility
2017-03-06,0.532232265406918,-0.63067529580704,1,normal volatility
2017-03-07,0.5262162748750844,-0.6420429817871833,1,normal volatility
2017-03-08,0.5165402471730489,-0.6606020705675699,1,normal volatility
2017-03-09,0.5109197562541653,-0.6715427338800828,1,normal volatility
2017-03-10,0.5067356317011632,-0.6797658478730937,1,normal volatility
2017-03-13,0.519118005056963,-0.6556240516089493,1,normal volatility
2017-03-14,0.5095951887140406,-0.6741386160677312,1,normal volatility
2017-03-15,0.5021811805566574,-0.6887943069619008,1,normal volatility
2017-03-16,0.493663415344904,-0.7059013394711774,1,normal volatility
2017-03-17,0.5229713933181156,-0.6482285137016633,1,normal volatility
2017-03-20,0.5133933697515679,-0.6667129250196691,1,normal volatility
2017-03-21,0.5044591633017407,-0.6842683873571743,1,normal volatility
2017-03-22,0.5055020565810215,-0.6822031721203488,1,normal volatility
2017-03-23,0.49650538080041,-0.7001609580925732,1,normal volatility
2017-03-24,0.4879177893177418,-0.717608351833554,1,normal volatility
2017-03-27,0.4802941598329574,-0.7333565298003223,1,normal volatility
2017-03-28,0.4909346309742234,-0.7114442945228471,1,normal volatility
2017-03-29,0.4847846834940075,-0.7240504381790709,1,normal volatility
2017-03-30,0.505614870206094,-0.6819800255730962,1,normal volatility
2017-03-31,0.4991413811822791,-0.6948658943381028,1,normal volatility
2017-04-03,0.4924801860020437,-0.7083010506472323,1,normal volatility
2017-04-04,0.4895268357468934,-0.7143159957422865,1,normal volatility
2017-04-05,0.4808984752664165,-0.7320991012870014,1,normal volatility
2017-04-06,0.4721552672029655,-0.7504473915522374,1,normal volatility
2017-04-07,0.4638894154706294,-0.7681090838877779,1,normal volatility
2017-04-10,0.4597562697028319,-0.7770587783904055,1,normal volatility
2017-04-11,0.4517643568305299,-0.7945945695376879,1,normal volatility
2017-04-12,0.4438960050198365,-0.8121649669126825,1,normal volatility
2017-04-13,0.4359394367798008,-0.8302519517498465,1,normal volatility
2017-04-14,0.4296174139790092,-0.8448602012761273,1,normal volatility
2017-04-17,0.4220200387977575,-0.8627024807707736,1,normal volatility
2017-04-18,0.4195292240391684,-0.8686220915223511,1,normal volatility
2017-04-19,0.4206205272408931,-0.8660242122423135,1,normal volatility
2017-04-20,0.4131514070743911,-0.8839411501179038,1,normal volatility
2017-04-21,0.416349535627508,-0.8762301416425712,1,normal volatility
2017-04-24,0.4246180630201486,-0.8565651893551206,1,normal volatility
2017-04-25,0.4989935656834248,-0.6951620777357466,1,normal volatility
2017-04-26,0.5184178324891344,-0.6569737354440128,1,normal volatility
2017-04-27,0.5231001978001704,-0.6479822504749408,1,normal volatility
2017-04-28,0.5136195248944377,-0.6662725115687682,1,normal volatility
2017-05-01,0.507292681429365,-0.6786671610277191,1,normal volatility
2017-05-02,0.4989552579672404,-0.6952388506429245,1,normal volatility
2017-05-03,0.489818417599318,-0.7137205328857628,1,normal volatility
2017-05-04,0.4812360877812811,-0.7313973023044309,1,normal volatility
2017-05-05,0.4799011704164517,-0.7341750912452044,1,normal volatility
2017-05-08,0.4740389905578558,-0.7464657021092332,1,normal volatility
2017-05-09,0.4803460341358229,-0.7332485303573643,1,normal volatility
2017-05-10,0.4806528054296538,-0.7326100877461539,1,normal volatility
2017-05-11,0.4719012968233516,-0.7509854321642481,1,normal volatility
2017-05-12,0.4633670872602482,-0.7692356939769818,1,normal volatility
2017-05-15,0.4663208025338023,-0.7628814642525804,1,normal volatility
2017-05-16,0.4675509601574629,-0.7602469305096706,1,normal volatility
2017-05-17,0.4875493142486268,-0.7183638362272227,1,normal volatility
2017-05-18,0.490916997564443,-0.7114802132080531,1,normal volatility
2017-05-19,0.4819782740464343,-0.7298562405398867,1,normal volatility
2017-05-22,0.4847148542940057,-0.7241944902335605,1,normal volatility
2017-05-23,0.4826203995702963,-0.7285248565430456,1,normal volatility
2017-05-24,0.4781744795592658,-0.7377795930958094,1,normal volatility
2017-05-25,0.4710557538707856,-0.7527788185726018,1,normal volatility
2017-05-26,0.4686009410982489,-0.7580037445915321,1,normal volatility
2017-05-30,0.4673096475645408,-0.7607631841549486,1,normal volatility
2017-05-31,0.4594405798560718,-0.7777456603337534,1,normal volatility
2017-06-01,0.4605223894030505,-0.7753938047009246,1,normal volatility
2017-06-02,0.4536831729234399,-0.7903561815531572,1,normal volatility
2017-06-05,0.4560241991641551,-0.7852094025333802,1,normal volatility
2017-06-06,0.4490183811773104,-0.8006914540437223,1,normal volatility
2017-06-07,0.4418571120503348,-0.8167687250735782,1,normal volatility
2017-06-08,0.4368432845972272,-0.8281807646871328,1,normal volatility
2017-06-09,0.4301780555441898,-0.843556073342188,1,normal volatility
2017-06-12,0.4249334343696748,-0.8558227473372283,1,normal volatility
2017-06-13,0.4181267542615675,-0.8719706525650852,1,normal volatility
2017-06-14,0.4110182329366313,-0.8891177030936517,1,normal volatility
2017-06-15,0.4286357048057099,-0.8471478937527718,1,normal volatility
2017-06-16,0.472423844929479,-0.7498787197908112,1,normal volatility
2017-06-19,0.4696728260763525,-0.755718941409556,1,normal volatility
2017-06-20,0.4647417961823554,-0.7662733046453557,1,normal volatility
2017-06-21,0.4604256347082071,-0.7756039244746062,1,normal volatility
2017-06-22,0.4533806921086352,-0.7910231264898434,1,normal volatility
2017-06-23,0.4453080498631631,-0.8089889894247393,1,normal volatility
2017-06-26,0.4453285003425893,-0.8089430661366706,1,normal volatility
2017-06-27,0.4373211253280076,-0.8270875131821575,1,normal volatility
2017-06-28,0.4656290035197623,-0.7643660917220293,1,normal volatility
2017-06-29,0.4703071437319279,-0.7543693004124388,1,normal volatility
2017-06-30,0.4716726277545193,-0.7514701193039679,1,normal volatility
2017-07-03,0.4633198024634826,-0.7693377452681591,1,normal volatility
2017-07-05,0.4608393408891386,-0.7747057980512668,1,normal volatility
2017-07-06,0.455442133562481,-0.7864866097321537,1,normal volatility
2017-07-07,0.4644169476022867,-0.7669725362792982,1,normal volatility
2017-07-10,0.4564821654691815,-0.7842056476857932,1,normal volatility
2017-07-11,0.4482373459532259,-0.8024323967822012,1,normal volatility
2017-07-12,0.4440649311669918,-0.8117844858750399,1,normal volatility
2017-07-13,0.4371868154025461,-0.8273946800362522,1,normal volatility
2017-07-14,0.4314980516476077,-0.8404922837698735,1,normal volatility
2017-07-17,0.4389955714809922,-0.8232659537004618,1,normal volatility
2017-07-18,0.4322698379836134,-0.8387052607729345,1,normal volatility
2017-07-19,0.4620266976777382,-0.7721326023887616,1,normal volatility
2017-07-20,0.4644099089362158,-0.7669876923140779,1,normal volatility
2017-07-21,0.4958814058601932,-0.7014184819347522,1,normal volatility
2017-07-24,0.4881311841099078,-0.7171710893572324,1,normal volatility
2017-07-25,0.4796523180073672,-0.7346937750239949,1,normal volatility
2017-07-26,0.4715448647768842,-0.7517410281440353,1,normal volatility
2017-07-27,0.4645965630309493,-0.7665858563680916,1,normal volatility
2017-07-28,0.4580138992480593,-0.7808557476252481,1,normal volatility
2017-07-31,0.4783570127073557,-0.737397936763987,1,normal volatility
2017-08-01,0.4845340751187782,-0.7245675196418742,1,normal volatility
2017-08-02,0.4776404592723673,-0.7388970067723871,1,normal volatility
2017-08-03,0.4800047741195508,-0.733959229047265,1,normal volatility
2017-08-04,0.4723500530001179,-0.7500349305618176,1,normal volatility
2017-08-07,0.5070653120928649,-0.6791154629916413,1,normal volatility
2017-08-08,0.5010009417529677,-0.6911472981525965,1,normal volatility
2017-08-09,0.5027182061640861,-0.6877254921817376,1,normal volatility
2017-08-10,0.4951680758534384,-0.7028580268678808,1,normal volatility
2017-08-11,0.4861424453644862,-0.7212536005685215,1,normal volatility
2017-08-14,0.4875466903418872,-0.718369218070092,1,normal volatility
2017-08-15,0.4802994093637236,-0.7333456000357796,1,normal volatility
2017-08-16,0.478467776745768,-0.7371664125808177,1,normal volatility
2017-08-17,0.4727724993504384,-0.7491409800843839,1,normal volatility
2017-08-18,0.4674938873010963,-0.7603690056306504,1,normal volatility
2017-08-21,0.4594885871441628,-0.777641175048361,1,normal volatility
2017-08-22,0.4642586729166142,-0.7673133973586845,1,normal volatility
2017-08-23,0.4635522568989269,-0.768836156212863,1,normal volatility
2017-08-24,0.4600250089976653,-0.7764744235906202,1,normal volatility
2017-08-25,0.4517038689649368,-0.7947284710163597,1,normal volatility
2017-08-28,0.4595942698869795,-0.7774112006940926,1,normal volatility
2017-08-29,0.4793564299368587,-0.7353108456826969,1,normal volatility
2017-08-30,0.4782227443922421,-0.7376786625790565,1,normal volatility
2017-08-31,0.4950972920646235,-0.7030009861012917,1,normal volatility
2017-09-01,0.4888570339863633,-0.7156851962900286,1,normal volatility
2017-09-05,0.4805722570229186,-0.7327776830577414,1,normal volatility
2017-09-06,0.4749827246558465,-0.7444768447544555,1,normal volatility
2017-09-07,0.4693452901318987,-0.7564165551234634,1,normal volatility
2017-09-08,0.4811105057039662,-0.731658293674646,1,normal volatility
2017-09-11,0.4728551895172845,-0.7489660906050881,1,normal volatility
2017-09-12,0.480256305860366,-0.7334353470493123,1,normal volatility
2017-09-13,0.4715677920790445,-0.751692407648916,1,normal volatility
2017-09-14,0.4764242663322819,-0.7414465059126688,1,normal volatility
2017-09-15,0.4681170917567938,-0.7590368182967802,1,normal volatility
2017-09-18,0.4749027047335418,-0.7446453280683757,1,normal volatility
2017-09-19,0.4674227912621737,-0.7605210962729286,1,normal volatility
2017-09-20,0.4641047193904083,-0.7676450638782671,1,normal volatility
2017-09-21,0.4566926588153283,-0.7837446333339361,1,normal volatility
2017-09-22,0.4560318878850867,-0.785192542340151,1,normal volatility
2017-09-25,0.4494305272035661,-0.7997739927360822,1,normal volatility
2017-09-26,0.4800210188836568,-0.733925386697974,1,normal volatility
2017-09-27,0.4888302073793816,-0.7157400739765799,1,normal volatility
2017-09-28,0.481562853685578,-0.730718519013819,1,normal volatility
2017-09-29,0.4752963188275244,-0.7438168403374119,1,normal volatility
2017-10-02,0.4707215444591416,-0.753488560517467,1,normal volatility
2017-10-03,0.4751975610442537,-0.7440246434295043,1,normal volatility
2017-10-04,0.4671794488847118,-0.7610418362679934,1,normal volatility
2017-10-05,0.4587146672165195,-0.7793269022710364,1,normal volatility
2017-10-06,0.4589102257894094,-0.7789006745665767,1,normal volatility
2017-10-10,0.4527565353779073,-0.792400747473746,1,normal volatility
2017-10-11,0.4603442945035586,-0.7757806031481369,1,normal volatility
2017-10-12,0.4576230553355497,-0.7817094570223863,1,normal volatility
2017-10-13,0.4494708431154861,-0.7996842923233823,1,normal volatility
2017-10-16,0.44138996192522,-0.8178265268652597,1,normal volatility
2017-10-17,0.4355958467508796,-0.8310404225168124,1,normal volatility
2017-10-18,0.4373192738596419,-0.8270917468497708,1,normal volatility
2017-10-19,0.4309567367105371,-0.8417475727785473,1,normal volatility
2017-10-20,0.4375203519094294,-0.8266320556163025,1,normal volatility
2017-10-23,0.4452668298405936,-0.8090815588953999,1,normal volatility
2017-10-24,0.4374247210979112,-0.8268506540514483,1,normal volatility
2017-10-25,0.4296535596220888,-0.8447760703227695,1,normal volatility
2017-10-26,0.4262496035010525,-0.8527301805876525,1,normal volatility
2017-10-27,0.4506157251112337,-0.7971403534321702,1,normal volatility
2017-10-30,0.4848522110942641,-0.7239111538743117,1,normal volatility
2017-10-31,0.482316006781362,-0.7291557640246733,1,normal volatility
2017-11-01,0.4750189146253076,-0.744400655476496,1,normal volatility
2017-11-02,0.4689198957036337,-0.7573233231967854,1,normal volatility
2017-11-03,0.469272030275449,-0.756572656774276,1,normal volatility
2017-11-06,0.4698226809761412,-0.7553999299828176,1,normal volatility
2017-11-07,0.4619995750499807,-0.7721913077060578,1,normal volatility
2017-11-08,0.4551632952559241,-0.7870990337446788,1,normal volatility
2017-11-09,0.4476151698915777,-0.8038214114931663,1,normal volatility
2017-11-13,0.4499095411789935,-0.7987087360271565,1,normal volatility
2017-11-14,0.4420374493778743,-0.8163606733943137,1,normal volatility
2017-11-15,0.4697181040546859,-0.7556225428242255,1,normal volatility
2017-11-16,0.4639323463494318,-0.7680165426679021,1,normal volatility
2017-11-17,0.4568690314669349,-0.7833585123840888,1,normal volatility
2017-11-20,0.4509068679232137,-0.7964944620826888,1,normal volatility
2017-11-21,0.4526785552043831,-0.7925729965383738,1,normal volatility
2017-11-22,0.4445146082036001,-0.8107723602181423,1,normal volatility
2017-11-24,0.4437922682240564,-0.8123986903928255,1,normal volatility
2017-11-27,0.4978652465944341,-0.6974258277411414,1,normal volatility
2017-11-28,0.4903322384120961,-0.7126720800653824,1,normal volatility
2017-11-29,0.4842271397424528,-0.7252011853623578,1,normal volatility
2017-11-30,0.4764339603248005,-0.7414261587251276,1,normal volatility
2017-12-01,0.4724296183645416,-0.7498664989856029,1,normal volatility
2017-12-04,0.4643029497661451,-0.7672180308294573,1,normal volatility
2017-12-05,0.4666838912785214,-0.7621031428455038,1,normal volatility
2017-12-06,0.4603891525601044,-0.7756831633153073,1,normal volatility
2017-12-07,0.45496065410273,-0.7875443382698162,1,normal volatility
2017-12-08,0.4467684177696545,-0.8057148996711541,1,normal volatility
2017-12-11,0.4411856629451171,-0.8182894877220859,1,normal volatility
2017-12-12,0.4386307914374293,-0.8240972415468214,1,normal volatility
2017-12-13,0.4486548441293769,-0.8015014081730403,1,normal volatility
2017-12-14,0.4449203869934565,-0.8098599184541007,1,normal volatility
2017-12-15,0.4377785162440435,-0.8260421671759236,1,normal volatility
2017-12-18,0.429932393926599,-0.8441273060819415,1,normal volatility
2017-12-19,0.4245131137000737,-0.8568123815993499,1,normal volatility
2017-12-20,0.4180695432419132,-0.8721074889034292,1,normal volatility
2017-12-21,0.4220294316246981,-0.8626802241915799,1,normal volatility
2017-12-22,0.4147404898666389,-0.8801022799716084,1,normal volatility
2017-12-26,0.4107817644306132,-0.8896931922961387,1,normal volatility
2017-12-27,0.4062179891225926,-0.900865344448684,1,normal volatility
2017-12-28,0.4032502296712701,-0.9081979924264042,1,normal volatility
2017-12-29,0.4045773222069572,-0.9049124057280042,1,normal volatility
2018-01-02,0.4134751737909817,-0.8831578055203765,1,normal volatility
2018-01-03,0.4087568986309586,-0.8946346795284872,1,normal volatility
2018-01-04,0.4027281129192553,-0.9094936024880153,1,normal volatility
2018-01-05,0.3995342931665467,-0.9174556772432307,1,normal volatility
2018-01-08,0.3944423391510948,-0.9302823112265605,1,normal volatility
2018-01-09,0.4015445511837268,-0.9124367898987611,1,normal volatility
2018-01-10,0.4027900259268466,-0.9093398802942435,1,normal volatility
2018-01-11,0.4001306741587635,-0.9159640998273018,1,normal volatility
2018-01-12,0.4125530765958137,-0.8853904109494387,1,normal volatility
2018-01-16,0.4332126790152176,-0.8365264960121003,1,normal volatility
2018-01-17,0.4627413537556723,-0.770587012185697,1,normal volatility
2018-01-18,0.4549230871698588,-0.7876269135070438,1,normal volatility
2018-01-19,0.446973340126651,-0.8052563279220395,1,normal volatility
2018-01-22,0.4389308920213411,-0.8234132996626968,1,normal volatility
2018-01-23,0.4312127051925574,-0.8411537950891504,1,normal volatility
2018-01-24,0.4301429709048908,-0.843637635080748,1,normal volatility
2018-01-25,0.4585237493914385,-0.779743190608684,1,normal volatility
2018-01-26,0.4756598497544736,-0.7430522815561175,1,normal volatility
2018-01-29,0.4778740249667625,-0.7384081273196951,1,normal volatility
2018-01-30,0.4814750098646235,-0.7309009496835214,1,normal volatility
2018-01-31,0.4765561450273605,-0.7411697348597732,1,normal volatility
2018-02-01,0.4717571405618991,-0.7512909585218003,1,normal volatility
2018-02-02,0.4709106524216055,-0.7530869005792603,1,normal volatility
2018-02-05,0.4655856321261337,-0.7644592418766761,1,normal volatility
2018-02-06,0.4591106788283668,-0.7784639676438152,1,normal volatility
2018-02-07,0.4543443592728894,-0.7888998678559137,1,normal volatility
2018-02-08,0.4725211098611176,-0.7496728560915787,1,normal volatility
2018-02-09,0.4687041370482334,-0.7577835474480246,1,normal volatility
2018-02-12,0.4605447590978699,-0.775345231272027,1,normal volatility
2018-02-13,0.4569805232885666,-0.7831145076207126,1,normal volatility
2018-02-14,0.4737131811740548,-0.7471532434440954,1,normal volatility
2018-02-15,0.4680728147696001,-0.75913140805238,1,normal volatility
2018-02-16,0.4789368887940315,-0.7361864464229528,1,normal volatility
2018-02-20,0.4741473032534909,-0.7462372392073474,1,normal volatility
2018-02-21,0.4877346046552834,-0.7179838639846902,1,normal volatility
2018-02-22,0.4816632848789736,-0.7305099881408732,1,normal volatility
2018-02-23,0.4733047460634834,-0.7480158145193585,1,normal volatility
2018-02-26,0.466673430540214,-0.7621255581371897,1,normal volatility
2018-02-27,0.458215531934916,-0.7804156118181034,1,normal volatility
2018-02-28,0.4585946021281626,-0.7795886789543317,1,normal volatility
2018-03-01,0.4523673834966208,-0.793260633942659,1,normal volatility
2018-03-02,0.4443004708205594,-0.8112542093501777,1,normal volatility
2018-03-05,0.4632265057075013,-0.7695391313305153,1,normal volatility
2018-03-06,0.4555923671838819,-0.786156800877188,1,normal volatility
2018-03-07,0.4669846678311705,-0.7614588530488323,1,normal volatility
2018-03-08,0.4593060140266505,-0.7780385938396396,1,normal volatility
2018-03-09,0.4690188803273603,-0.7571122547845955,1,normal volatility
2018-03-12,0.4609387176891837,-0.7744901782510225,1,normal volatility
2018-03-13,0.4527422992490807,-0.7924321912001945,1,normal volatility
2018-03-14,0.4621599354988249,-0.7718442670737358,1,normal volatility
2018-03-15,0.4571262308440408,-0.7827957099396987,1,normal volatility
2018-03-16,0.4532810588261756,-0.7912429069818692,1,normal volatility
2018-03-19,0.4495846765178683,-0.7994310634615275,1,normal volatility
2018-03-20,0.4483412685391615,-0.8022005764270841,1,normal volatility
2018-03-21,0.4493822694900468,-0.7998813737474412,1,normal volatility
2018-03-22,0.4413018366128223,-0.8180262008915427,1,normal volatility
2018-03-23,0.4385568184941201,-0.8242659008909503,1,normal volatility
2018-03-26,0.437965581879931,-0.8256149518760811,1,normal volatility
2018-03-27,0.4481467766598512,-0.8026344737521032,1,normal volatility
2018-03-28,0.4424301181334031,-0.8154727521278909,1,normal volatility
2018-03-29,0.4439136419899878,-0.8121252354900448,1,normal volatility
2018-03-30,0.4438774944692628,-0.812206667978522,1,normal volatility
2018-04-02,0.4374878332989692,-0.8267063831735183,1,normal volatility
2018-04-03,0.4324501189114283,-0.8382882912581467,1,normal volatility
2018-04-04,0.4267304411253254,-0.8516027505188374,1,normal volatility
2018-04-05,0.4220839877360499,-0.8625509616773811,1,normal volatility
2018-04-06,0.4256885117585957,-0.8540473932197288,1,normal volatility
2018-04-09,0.4240101294479386,-0.8579979338281434,1,normal volatility
2018-04-10,0.4228831294147771,-0.8606594279104988,1,normal volatility
2018-04-11,0.4163901916223808,-0.8761324977003533,1,normal volatility
2018-04-12,0.4154765512095383,-0.8783291013945865,1,normal volatility
2018-04-13,0.4199567353147653,-0.8676035841660572,1,normal volatility
2018-04-16,0.4125135186117049,-0.8854863013523927,1,normal volatility
2018-04-17,0.4132196357906754,-0.8837760215911278,1,normal volatility
2018-04-18,0.4081376874386251,-0.8961506922955859,0,low volatility
2018-04-19,0.4047992746933423,-0.9043639527759452,0,low volatility
2018-04-20,0.4033859432492313,-0.9078614997577196,0,low volatility
2018-04-23,0.4050211109526383,-0.9038160874251172,0,low volatility
2018-04-24,0.4110074891484077,-0.8891438428796354,0,low volatility
2018-04-25,0.4040905006666818,-0.9061164145566356,0,low volatility
2018-04-26,0.4039787419094866,-0.9063930214413413,0,low volatility
2018-04-27,0.4098439778384566,-0.8919787335656334,0,low volatility
2018-04-30,0.4026555458862327,-0.9096738073690694,0,low volatility
2018-05-01,0.3991319968958721,-0.9184630975130088,0,low volatility
2018-05-02,0.4094114984754413,-0.8930345199856018,0,low volatility
2018-05-03,0.4053328039405351,-0.9030468111927461,0,low volatility
2018-05-04,0.3982072617020625,-0.9207826511997309,0,low volatility
2018-05-07,0.3930234403386499,-0.9338860242639381,0,low volatility
2018-05-08,0.3872787866922166,-0.9486104662511422,0,low volatility
2018-05-09,0.3941904672889421,-0.9309210669786917,0,low volatility
2018-05-10,0.3876482355048261,-0.947656960101484,0,low volatility
2018-05-11,0.3877707373769369,-0.9473409970481822,0,low volatility
2018-05-14,0.3915572904239257,-0.9376234385640057,0,low volatility
2018-05-15,0.3869413141019867,-0.949482240598661,0,low volatility
2018-05-16,0.4208792755787792,-0.8654092427671605,1,normal volatility
2018-05-17,0.4313408305365471,-0.8408567112801466,1,normal volatility
2018-05-18,0.4239928562365597,-0.8580386723907968,1,normal volatility
2018-05-21,0.4180468275672577,-0.8721618250591465,1,normal volatility
2018-05-22,0.4107539426044608,-0.8897609235607078,1,normal volatility
2018-05-23,0.4043078137321181,-0.9055787759524964,1,normal volatility
2018-05-24,0.4235515128416718,-0.8590801362973052,1,normal volatility
2018-05-25,0.420392123805093,-0.8665673751570008,1,normal volatility
2018-05-29,0.4255714273547019,-0.8543224781832103,1,normal volatility
2018-05-30,0.4593109504112614,-0.7780278464121436,1,normal volatility
2018-05-31,0.489131946017863,-0.7151229976469736,1,normal volatility
2018-06-01,0.4803228771272147,-0.7332967405332972,1,normal volatility
2018-06-04,0.4718441206455674,-0.7511066008116307,1,normal volatility
2018-06-05,0.4641940684222458,-0.7674525632884001,1,normal volatility
2018-06-06,0.4574152871560912,-0.7821635760977975,1,normal volatility
2018-06-07,0.4823644627123002,-0.729055303960411,1,normal volatility
2018-06-08,0.4775802520547328,-0.7390230660527195,1,normal volatility
2018-06-11,0.4737537119069586,-0.7470676874563886,1,normal volatility
2018-06-12,0.4676820928382716,-0.7599665026927794,1,normal volatility
2018-06-13,0.4594521868911579,-0.7777203972442901,1,normal volatility
2018-06-14,0.4513025429166832,-0.7956173375169657,1,normal volatility
2018-06-15,0.5071343948095216,-0.6789792319982907,1,normal volatility
2018-06-18,0.4986534353062599,-0.6958439429445947,1,normal volatility
2018-06-19,0.4897632955838946,-0.713833074830431,1,normal volatility
2018-06-20,0.4831296792025783,-0.7274701744038788,1,normal volatility
2018-06-21,0.4750399908949609,-0.7443562871335768,1,normal volatility
2018-06-22,0.4666246126748256,-0.7622301718043625,1,normal volatility
2018-06-25,0.4609988193140547,-0.7743597971296475,1,normal volatility
2018-06-26,0.4651809220187545,-0.7653288694564,1,normal volatility
2018-06-27,0.4577553587476791,-0.7814203887834696,1,normal volatility
2018-06-28,0.4718292549823815,-0.7511381067618272,1,normal volatility
2018-06-29,0.4633431635671603,-0.7692873254185718,1,normal volatility
2018-07-02,0.4819510279815971,-0.7299127717912702,1,normal volatility
2018-07-03,0.4881758303456264,-0.7170796299390603,1,normal volatility
2018-07-05,0.4863225487699009,-0.7208831946237108,1,normal volatility
2018-07-06,0.4831426552604588,-0.7274433164314037,1,normal volatility
2018-07-09,0.4792908927569626,-0.7354475741300553,1,normal volatility
2018-07-10,0.4706903070144497,-0.7535549234906004,1,normal volatility
2018-07-11,0.4628316117072583,-0.770391980664164,1,normal volatility
2018-07-12,0.4545353583164067,-0.788479572314859,1,normal volatility
2018-07-13,0.4489497235986535,-0.8008443716772675,1,normal volatility
2018-07-16,0.4426986279380367,-0.8148660385530309,1,normal volatility
2018-07-17,0.44070707062517,-0.819374863184911,1,normal volatility
2018-07-18,0.4392433237581278,-0.8227017512151227,1,normal volatility
2018-07-19,0.4324343320184582,-0.8383247976214069,1,normal volatility
2018-07-20,0.4299645389743123,-0.8440525411967597,1,normal volatility
2018-07-23,0.456581462962473,-0.7839881436902534,1,normal volatility
2018-07-24,0.4484193469029296,-0.8020264421874199,1,normal volatility
2018-07-25,0.4412752555182062,-0.8180864360706814,1,normal volatility
2018-07-26,0.4334793747454322,-0.8359110623353401,1,normal volatility
2018-07-27,0.4273286028488011,-0.8502020000074983,1,normal volatility
2018-07-30,0.4198508568243925,-0.8678557335677174,1,normal volatility
2018-07-31,0.4236530579127953,-0.8588404183469657,1,normal volatility
2018-08-01,0.4165279120170747,-0.8758018039734498,1,normal volatility
2018-08-02,0.4142767357616758,-0.8812210845971359,1,normal volatility
2018-08-03,0.4164631677277008,-0.8759572541123013,1,normal volatility
2018-08-06,0.4097692344145309,-0.8921611206306916,1,normal volatility
2018-08-07,0.4061264306894628,-0.9010907622180058,1,normal volatility
2018-08-08,0.4029001550409481,-0.9090665019724297,1,normal volatility
2018-08-09,0.3958134145204371,-0.9268123542191324,1,normal volatility
2018-08-10,0.3923717574994514,-0.9355455276338361,1,normal volatility
2018-08-13,0.4764966661370576,-0.7412945524767685,1,normal volatility
2018-08-14,0.467843417965965,-0.7596216160436622,1,normal volatility
2018-08-15,0.4654991968941932,-0.7646449075206534,1,normal volatility
2018-08-16,0.4581301192801518,-0.7806020319858606,1,normal volatility
2018-08-17,0.4600664153279276,-0.7763844187732825,1,normal volatility
2018-08-20,0.4533757976835988,-0.7910339219461573,1,normal volatility
2018-08-21,0.4478299091441975,-0.8033417857477937,1,normal volatility
2018-08-22,0.4689010502066686,-0.7573635131649233,1,normal volatility
2018-08-23,0.4717932676839206,-0.7512143815382636,1,normal volatility
2018-08-24,0.4654640034040507,-0.7647205141400085,1,normal volatility
2018-08-27,0.4673776810407317,-0.7606176093210358,1,normal volatility
2018-08-28,0.4668428651609657,-0.7617625551057644,1,normal volatility
2018-08-29,0.4642855293788652,-0.7672555509746523,1,normal volatility
2018-08-30,0.4571069432851225,-0.7828379038995482,1,normal volatility
2018-08-31,0.4571377745914672,-0.7827704573926042,1,normal volatility
2018-09-04,0.4563173954547881,-0.7845666689290904,1,normal volatility
2018-09-05,0.450741984427975,-0.7968601998011958,1,normal volatility
2018-09-06,0.4519099741966401,-0.7942722911186362,1,normal volatility
2018-09-07,0.4438290214123808,-0.812315877623969,1,normal volatility
2018-09-10,0.4441712196228058,-0.811545161104872,1,normal volatility
2018-09-11,0.439579365848446,-0.8219369960246383,1,normal volatility
2018-09-12,0.4321822932058741,-0.8389078047308473,1,normal volatility
2018-09-13,0.4285917189579399,-0.8472505172727134,1,normal volatility
2018-09-14,0.4280086588749479,-0.8486118525887512,1,normal volatility
2018-09-17,0.4211371867025633,-0.8647966392293363,1,normal volatility
2018-09-18,0.4169607814988301,-0.8747631107697125,1,normal volatility
2018-09-19,0.4097089463623932,-0.8923082582938063,1,normal volatility
2018-09-20,0.4026471895102329,-0.9096945607469802,0,low volatility
2018-09-21,0.4076329379058355,-0.89738817151222,0,low volatility
2018-09-24,0.4004970410804518,-0.9150489005648057,0,low volatility
2018-09-25,0.3975645711210866,-0.9223979150082816,0,low volatility
2018-09-26,0.3906025115193887,-0.9400648306590815,0,low volatility
2018-09-27,0.3842241795881184,-0.9565290957292,0,low volatility
2018-09-28,0.404107504384302,-0.9060743364581586,0,low volatility
2018-10-01,0.4046842764513905,-0.9046480802114263,0,low volatility
2018-10-02,0.407740060369616,-0.8971254145540586,0,low volatility
2018-10-03,0.4006784931689496,-0.9145959359301074,0,low volatility
2018-10-04,0.3978084492783756,-0.921784672771804,0,low volatility
2018-10-05,0.3917832549176217,-0.9370465132374477,0,low volatility
2018-10-09,0.3850329165704508,-0.9544264507634765,0,low volatility
2018-10-10,0.3797215018074403,-0.9683171849372783,0,low volatility
2018-10-11,0.3863517146347497,-0.95100714657758,0,low volatility
2018-10-12,0.3818534377646466,-0.9627184147692007,0,low volatility
2018-10-15,0.3753217603324226,-0.9799715933538125,0,low volatility
2018-10-16,0.373607063481836,-0.9845506662702123,0,low volatility
2018-10-17,0.3671511197018181,-1.001981745377012,0,low volatility
2018-10-18,0.3712876257299695,-0.9907782452330725,0,low volatility
2018-10-19,0.3727336713354028,-0.9868911322380375,0,low volatility
2018-10-22,0.3677844949573705,-1.000258123879495,0,low volatility
2018-10-23,0.3694181328919576,-0.9958261250044265,0,low volatility
2018-10-24,0.3637834139313715,-1.011196605110125,0,low volatility
2018-10-25,0.3888031629140517,-0.9446820713619372,0,low volatility
2018-10-26,0.382789509986721,-0.960270023157289,0,low volatility
2018-10-29,0.3769546884748754,-0.9756302884793057,0,low volatility
2018-10-30,0.3704521558201089,-0.9930309766732948,0,low volatility
2018-10-31,0.3666034719090633,-1.0034744730565572,0,low volatility
2018-11-01,0.3642372327871397,-1.0099498852084434,0,low volatility
2018-11-02,0.3745060878906942,-0.9821472201070733,0,low volatility
2018-11-05,0.3692057916461873,-0.9964010894608047,0,low volatility
2018-11-06,0.3639472915795035,-1.0107462251834265,0,low volatility
2018-11-07,0.3591005064628743,-1.024152967383859,0,low volatility
2018-11-08,0.3620454496018707,-1.0159855236508986,0,low volatility
2018-11-09,0.3629697952843662,-1.0134356567623257,0,low volatility
2018-11-13,0.3884133411716038,-0.9456851941033793,0,low volatility
2018-11-14,0.3866595147254009,-0.9502107801207222,0,low volatility
2018-11-15,0.3822509191804895,-0.9616780295179377,0,low volatility
2018-11-16,0.3762261011272303,-0.9775649835351666,0,low volatility
2018-11-19,0.3931879481626848,-0.9334675418332794,0,low volatility
2018-11-20,0.394289197509589,-0.9306706351018261,0,low volatility
2018-11-21,0.3989497893359113,-0.9189197112743299,0,low volatility
2018-11-23,0.3919650042553701,-0.9365827180356616,0,low volatility
2018-11-26,0.398558008197366,-0.9199022249783306,0,low volatility
2018-11-27,0.3916362813764886,-0.9374217235457142,0,low volatility
2018-11-28,0.395842951163546,-0.9267377343603075,0,low volatility
2018-11-29,0.3890203449110301,-0.9441236361888226,0,low volatility
2018-11-30,0.4162679776902011,-0.8764260489740007,0,low volatility
2018-12-03,0.4207810598640303,-0.865642628400435,0,low volatility
2018-12-04,0.4172623198123126,-0.8740401906632304,0,low volatility
2018-12-06,0.4102336992359974,-0.8910282835344384,0,low volatility
2018-12-07,0.4061269552016366,-0.9010894707191142,0,low volatility
2018-12-10,0.3999625476899411,-0.9163843670329369,0,low volatility
2018-12-11,0.3945993322103701,-0.9298843777154543,0,low volatility
2018-12-12,0.3982055617613267,-0.9207869201936137,0,low volatility
2018-12-13,0.3999115210473636,-0.916511953723495,0,low volatility
2018-12-14,0.3929210649423502,-0.9341465398504478,0,low volatility
2018-12-17,0.3982519139016791,-0.920670524424044,0,low volatility
2018-12-18,0.3970749305466423,-0.9236302741733752,0,low volatility
2018-12-19,0.3925445053323173,-0.9351053588060639,0,low volatility
2018-12-20,0.3983112433701293,-0.9205215607969459,0,low volatility
2018-12-21,0.3917298161889352,-0.9371829212457887,0,low volatility
2018-12-26,0.3880697385258602,-0.946570217041175,0,low volatility
2018-12-27,0.3814631654860379,-0.9637409847249805,0,low volatility
2018-12-28,0.3749172946232364,-0.98104982500731,0,low volatility
2018-12-31,0.3728063919157265,-0.9866960506209954,0,low volatility
2019-01-02,0.3668964068678524,-1.0026757408881175,0,low volatility
2019-01-03,0.3972477761849977,-0.9231950716049009,0,low volatility
2019-01-04,0.3969477301585386,-0.9239506690323299,0,low volatility
2019-01-07,0.3904810566086111,-0.9403758214844231,0,low volatility
2019-01-08,0.3962579621335763,-0.9256898602800273,0,low volatility
2019-01-09,0.3912928519938176,-0.938299017262501,0,low volatility
2019-01-10,0.4077271592829863,-0.8971570555233579,0,low volatility
2019-01-11,0.4006670322185181,-0.9146245401964798,0,low volatility
2019-01-15,0.3985934752258295,-0.9198132405651432,0,low volatility
2019-01-16,0.4179105067531936,-0.8724879680563447,0,low volatility
2019-01-17,0.4114604728777515,-0.8880423196688582,0,low volatility
2019-01-18,0.4057965797533571,-0.9019032800306804,0,low volatility
2019-01-22,0.400606871861099,-0.9147747019756813,0,low volatility
2019-01-23,0.3935803157020915,-0.9324701259741094,0,low volatility
2019-01-24,0.3904121695944714,-0.9405522528120538,0,low volatility
2019-01-25,0.4003544062079972,-0.9154051086342191,0,low volatility
2019-01-28,0.4194388802709539,-0.8688374603024027,0,low volatility
2019-01-29,0.4154551961279979,-0.8783805017210597,0,low volatility
2019-01-30,0.4087101651066472,-0.8947490169163413,0,low volatility
2019-01-31,0.4015894818796126,-0.9123249014864091,0,low volatility
2019-02-01,0.3993598453705398,-0.9178924004343634,0,low volatility
2019-02-04,0.3938845672661918,-0.9316973890919438,0,low volatility
2019-02-05,0.3915520775381608,-0.937636751866025,0,low volatility
2019-02-06,0.3883423702465033,-0.9458679309001733,0,low volatility
2019-02-07,0.3839782992652438,-0.9571692403213864,0,low volatility
2019-02-08,0.3792025133853633,-0.9696848804972781,0,low volatility
2019-02-11,0.3761961160505674,-0.9776446863296727,0,low volatility
2019-02-12,0.378821058591733,-0.9706913263122399,0,low volatility
2019-02-13,0.378385327613454,-0.9718422173620587,0,low volatility
2019-02-14,0.3747548806415193,-0.9814831183577022,0,low volatility
2019-02-15,0.3683178925031163,-0.9988088753831141,0,low volatility
2019-02-19,0.3629334517016565,-1.013535790169611,0,low volatility
2019-02-21,0.3715054452447757,-0.990191757476088,0,low volatility
2019-02-22,0.3655476040397149,-1.0063587646625554,0,low volatility
2019-02-25,0.3593568503871366,-1.0234393719764316,0,low volatility
2019-02-26,0.3532706548697971,-1.0405207881578669,0,low volatility
2019-02-27,0.3509138738569685,-1.0472144592521755,0,low volatility
2019-02-28,0.3450076234932054,-1.0641887651131594,0,low volatility
2019-03-01,0.3395837580599469,-1.0800346523672784,0,low volatility
2019-03-04,0.3339085659351833,-1.0968880781681702,0,low volatility
2019-03-05,0.3380926594521093,-1.0844352806778732,0,low volatility
2019-03-06,0.3356954332983768,-1.0915509786085549,0,low volatility
2019-03-07,0.3319669377858616,-1.1027199000069066,0,low volatility
2019-03-08,0.373149191334147,-0.9857769625405554,0,low volatility
2019-03-11,0.370239197580069,-0.993606002275876,0,low volatility
2019-03-12,0.3649433771435609,-1.008013068547253,0,low volatility
2019-03-13,0.3690869308758081,-0.9967230776581152,0,low volatility
2019-03-14,0.3675494040731688,-1.0008975365123718,0,low volatility
2019-03-15,0.3613423560153027,-1.0179294154403582,0,low volatility
2019-03-18,0.3572601802654051,-1.029290966383893,0,low volatility
2019-03-19,0.3517282049315147,-1.044896546722519,0,low volatility
2019-03-20,0.3461485077310992,-1.0608873829143426,0,low volatility
2019-03-21,0.3404909441089536,-1.07736674960835,0,low volatility
2019-03-22,0.3351749864963566,-1.09310253578285,0,low volatility
2019-03-25,0.3556946674444017,-1.0336825918623376,0,low volatility
2019-03-26,0.3571654659844638,-1.0295561144283212,0,low volatility
2019-03-27,0.3588177656604233,-1.024940635919535,0,low volatility
2019-03-28,0.3562670472341123,-1.0320746966589143,0,low volatility
2019-03-29,0.3509462211423705,-1.0471222833736624,0,low volatility
2019-04-01,0.3452243725299904,-1.0635607181806543,0,low volatility
2019-04-02,0.3407132320611188,-1.07671411720288,0,low volatility
2019-04-03,0.3374063691178869,-1.0864672319948316,0,low volatility
2019-04-04,0.3458327485113893,-1.0618000065982276,0,low volatility
2019-04-05,0.3427835181666103,-1.0706561734417852,0,low volatility
2019-04-08,0.3370246021740224,-1.087599347810654,0,low volatility
2019-04-09,0.3405593156599206,-1.0771659669195075,0,low volatility
2019-04-10,0.3360546443298512,-1.090481500307991,0,low volatility
2019-04-11,0.3310080729134679,-1.105612514435822,0,low volatility
2019-04-12,0.3255536821037231,-1.1222279089540035,0,low volatility
2019-04-15,0.3284076252107206,-1.1134996823959589,0,low volatility
2019-04-16,0.3229634464546326,-1.1302161310346668,0,low volatility
2019-04-17,0.3181343225848664,-1.145281587321292,0,low volatility
2019-04-18,0.3130239641027226,-1.1614755287442455,0,low volatility
2019-04-19,0.3222378365711227,-1.1324653831936837,0,low volatility
2019-04-22,0.3170811280658878,-1.1485976133498756,0,low volatility
2019-04-23,0.3126500573451135,-1.1626707415525237,0,low volatility
2019-04-24,0.3168906496628049,-1.1491985183601805,0,low volatility
2019-04-25,0.3136801132581314,-1.1593815599354782,0,low volatility
2019-04-26,0.3211260510268228,-1.1359215506050975,0,low volatility
2019-04-29,0.316865461169711,-1.1492780079072684,0,low volatility
2019-04-30,0.3124517194307655,-1.163305319563249,0,low volatility
2019-05-01,0.3134868700420405,-1.1599978016298016,0,low volatility
2019-05-02,0.318249038577778,-1.1449210625145323,0,low volatility
2019-05-03,0.3304181766919656,-1.1073962246476752,0,low volatility
2019-05-06,0.3249586235555018,-1.124057416894195,0,low volatility
2019-05-07,0.3202236823255747,-1.138735520112736,0,low volatility
2019-05-08,0.3165569676026762,-1.150252061169082,0,low volatility
2019-05-09,0.3152889922315225,-1.1542656250877468,0,low volatility
2019-05-10,0.3125895304437742,-1.1628643534181524,0,low volatility
2019-05-13,0.3084010411525161,-1.17635426131774,0,low volatility
2019-05-14,0.3037534005595074,-1.1915390891324078,0,low volatility
2019-05-15,0.301804791908168,-1.197974855013776,0,low volatility
2019-05-16,0.2969838452305494,-1.2140775348219326,0,low volatility
2019-05-17,0.2966266999796109,-1.2152808331693545,0,low volatility
2019-05-20,0.2925735128949006,-1.2290393177509364,0,low volatility
2019-05-21,0.288067201111518,-1.2445614888723089,0,low volatility
2019-05-22,0.284235771584613,-1.257951203595142,0,low volatility
2019-05-23,0.279824000471279,-1.2735944431911037,0,low volatility
2019-05-24,0.2770112350196552,-1.2836972139795741,0,low volatility
2019-05-28,0.2763409658585291,-1.2861197921779561,0,low volatility
2019-05-29,0.2741554220415639,-1.294060099681972,0,low volatility
2019-05-30,0.2788845740090198,-1.2769572959930202,0,low volatility
2019-05-31,0.2747086945538207,-1.2920440352939866,0,low volatility
2019-06-03,0.2710314557965949,-1.3055203917882259,0,low volatility
2019-06-04,0.2849402278821051,-1.2554758474386682,0,low volatility
2019-06-05,0.2854290477836632,-1.2537617999186113,0,low volatility
2019-06-06,0.2812118593289344,-1.2686469459344474,0,low volatility
2019-06-07,0.2912272760935093,-1.2336512991426356,0,low volatility
2019-06-10,0.2913911654858355,-1.2330887031623068,0,low volatility
2019-06-11,0.2875747294939395,-1.246272523845765,0,low volatility
2019-06-12,0.283238843016467,-1.2614647690237863,0,low volatility
2019-06-13,0.2789905219167186,-1.2765774693624847,0,low volatility
2019-06-14,0.2809172238697221,-1.269695230020789,0,low volatility
2019-06-17,0.2936213542831495,-1.2254642523146266,0,low volatility
2019-06-18,0.290757360748586,-1.2352661714856379,0,low volatility
2019-06-19,0.2937180995057289,-1.2251348168482017,0,low volatility
2019-06-20,0.2908576771472229,-1.2349212134185472,0,low volatility
2019-06-21,0.3109653467478315,-1.1680737982592873,0,low volatility
2019-06-24,0.3153037870520795,-1.1542187015546974,0,low volatility
2019-06-25,0.3296690757607434,-1.109665928387673,0,low volatility
2019-06-26,0.3243729744813255,-1.1258612694550432,0,low volatility
2019-06-27,0.3191166896175205,-1.142198444911088,0,low volatility
2019-06-28,0.3152618755393093,-1.154351634618828,0,low volatility
2019-07-01,0.3101490063191408,-1.170702431440009,0,low volatility
2019-07-02,0.3254089348887124,-1.122672626403571,0,low volatility
2019-07-03,0.3201616400846038,-1.1389292854567994,0,low volatility
2019-07-05,0.3178818597173469,-1.1460754755518254,0,low volatility
2019-07-08,0.3283734290475096,-1.1136038150076417,0,low volatility
2019-07-09,0.3231768147618398,-1.1295556914125915,0,low volatility
2019-07-10,0.3178826161575557,-1.1460730959278058,0,low volatility
2019-07-11,0.3245967392486705,-1.12517166939674,0,low volatility
2019-07-12,0.3192499303013796,-1.1417810023893882,0,low volatility
2019-07-15,0.3142019309650197,-1.1577194075238046,0,low volatility
2019-07-16,0.3092915136787098,-1.1734710368524217,0,low volatility
2019-07-17,0.3150017656286905,-1.155177035001767,0,low volatility
2019-07-18,0.3118972524503423,-1.1650814644795031,0,low volatility
2019-07-19,0.3068831376211831,-1.1812882630784374,0,low volatility
2019-07-22,0.3021960466134314,-1.1966793112494805,0,low volatility
2019-07-23,0.2974954046678653,-1.2123565006103214,0,low volatility
2019-07-24,0.3090902455675151,-1.1741219878718925,0,low volatility
2019-07-25,0.3051039931850424,-1.1871025992263733,0,low volatility
2019-07-26,0.3014161836455969,-1.1992632993221812,0,low volatility
2019-07-29,0.3025259346355148,-1.1955882708539385,0,low volatility
2019-07-30,0.3000386400049794,-1.203844012603348,0,low volatility
2019-07-31,0.295470128708262,-1.219187534527333,0,low volatility
2019-08-01,0.2923396654985378,-1.2298389147422861,0,low volatility
2019-08-02,0.3107415663722102,-1.1687936885502368,0,low volatility
2019-08-05,0.318198482912335,-1.1450799308071795,0,low volatility
2019-08-06,0.346402026681075,-1.060155251615028,0,low volatility
2019-08-07,0.3405504777050985,-1.0771919185499457,0,low volatility
2019-08-08,0.3420821383888309,-1.0727044000283283,0,low volatility
2019-08-09,0.3391503558271957,-1.0813117424170895,0,low volatility
2019-08-12,0.3341731692023618,-1.0960959496991594,0,low volatility
2019-08-13,0.3289914170761214,-1.1117236164715854,0,low volatility
2019-08-14,0.3274775415558433,-1.116335801660236,0,low volatility
2019-08-15,0.328486134749502,-1.1132606497123176,0,low volatility
2019-08-16,0.3294967732301067,-1.1101887180158823,0,low volatility
2019-08-19,0.3249898049299692,-1.1239614665906796,0,low volatility
2019-08-20,0.319772622339706,-1.140145090940769,0,low volatility
2019-08-21,0.3145778595938527,-1.1565236672049544,0,low volatility
2019-08-22,0.3096641329100262,-1.172267011076472,0,low volatility
2019-08-23,0.3049953900259613,-1.1874586171579324,0,low volatility
2019-08-26,0.3175017026164279,-1.1472720980923428,0,low volatility
2019-08-27,0.3182858689081463,-1.1448053411928065,0,low volatility
2019-08-28,0.3145262949526928,-1.1566875975840585,0,low volatility
2019-08-29,0.309827378007786,-1.1717399817349512,0,low volatility
2019-08-30,0.3077606106692028,-1.1784330363016893,0,low volatility
2019-09-03,0.3263088262356838,-1.119911026298236,0,low volatility
2019-09-04,0.3229081334314849,-1.130387412834348,0,low volatility
2019-09-05,0.3333607532696097,-1.0985300322424332,0,low volatility
2019-09-06,0.3286724871518479,-1.1126935038174595,0,low volatility
2019-09-09,0.3233223981981779,-1.129105316730363,0,low volatility
2019-09-10,0.319022007780313,-1.1424951886700494,0,low volatility
2019-09-11,0.3146596832660721,-1.1562635947613786,0,low volatility
2019-09-12,0.317521999411259,-1.1472081735655157,0,low volatility
2019-09-13,0.3379098927206245,-1.0849760086243894,0,low volatility
2019-09-16,0.3322505839017748,-1.1018658239733972,0,low volatility
2019-09-17,0.3473605590885344,-1.0573919633171356,0,low volatility
2019-09-18,0.3561057045473741,-1.0325276693171004,0,low volatility
2019-09-19,0.3500449403003826,-1.0496937318831263,0,low volatility
2019-09-20,0.3450268074631022,-1.0641331621778822,0,low volatility
2019-09-23,0.3468735581856176,-1.05879495107208,0,low volatility
2019-09-24,0.341702892102971,-1.0738136560308298,0,low volatility
2019-09-25,0.3362992660553532,-1.0897538426487816,0,low volatility
2019-09-26,0.3419195344602099,-1.0731798489581732,0,low volatility
2019-09-27,0.3366666101248141,-1.0886621257610525,0,low volatility
2019-09-30,0.3311346815274208,-1.105230093531427,0,low volatility
2019-10-01,0.3319274392746135,-1.102838890354346,0,low volatility
2019-10-02,0.3300479313594047,-1.1085173885252184,0,low volatility
2019-10-03,0.3264131306881636,-1.119591427877312,0,low volatility
2019-10-04,0.3289016105598248,-1.1119966289921075,0,low volatility
2019-10-07,0.3247246648938884,-1.1247776406582544,0,low volatility
2019-10-08,0.319910935385681,-1.1397126488482372,0,low volatility
2019-10-09,0.3204379144746258,-1.1380667359742576,0,low volatility
2019-10-10,0.3194761816298855,-1.1410725568327014,0,low volatility
2019-10-11,0.3222505646479494,-1.1324258849597226,0,low volatility
2019-10-15,0.319206335767901,-1.1419175647065372,0,low volatility
2019-10-16,0.3139973382291606,-1.158370770087009,0,low volatility
2019-10-17,0.3165631367766925,-1.1502325730057026,0,low volatility
2019-10-18,0.325601458379342,-1.1220811658117495,0,low volatility
2019-10-21,0.3235392881662984,-1.1284347252242644,0,low volatility
2019-10-22,0.3186171989443112,-1.1437649000871568,0,low volatility
2019-10-23,0.3135884415628185,-1.1596738484465503,0,low volatility
2019-10-24,0.3103087498523617,-1.1701875098835883,0,low volatility
2019-10-25,0.307130579029559,-1.1804822829673722,0,low volatility
2019-10-28,0.3035152334771191,-1.1923234770663487,0,low volatility
2019-10-29,0.2995866044647196,-1.2053517397381244,0,low volatility
2019-10-30,0.2976628445258714,-1.2117938271948034,0,low volatility
2019-10-31,0.2931525145120516,-1.2270622780475484,0,low volatility
2019-11-01,0.2940306514677563,-1.224071260384758,0,low volatility
2019-11-04,0.2904874729480826,-1.2361948260017834,0,low volatility
2019-11-05,0.2890161148615853,-1.2412728316575474,0,low volatility
2019-11-06,0.3118234403041472,-1.1653181478135566,0,low volatility
2019-11-07,0.3069758091081982,-1.1809863321928067,0,low volatility
2019-11-08,0.3066480436814149,-1.1820546265769483,0,low volatility
2019-11-12,0.3049572698060983,-1.1875836111859057,0,low volatility
2019-11-13,0.3000589744804807,-1.2037762420439648,0,low volatility
2019-11-14,0.2960620575029254,-1.2171861929062484,0,low volatility
2019-11-15,0.2922053019892864,-1.2302986347607312,0,low volatility
2019-11-18,0.2925651099052769,-1.2290680391147186,0,low volatility
2019-11-19,0.2938868135904176,-1.224560573557975,0,low volatility
2019-11-20,0.2892967946097213,-1.2403021468757351,0,low volatility
2019-11-21,0.2854458050756234,-1.2537030925088135,0,low volatility
2019-11-22,0.2811123903534687,-1.2690007239426317,0,low volatility
2019-11-25,0.284382289158601,-1.2574358573993523,0,low volatility
2019-11-26,0.2820109240626858,-1.2658094709833705,0,low volatility
2019-11-27,0.2777156074904413,-1.2811576835463507,0,low volatility
2019-11-29,0.2739435329138451,-1.2948332780883849,0,low volatility
2019-12-02,0.2715394228300191,-1.3036479463553887,0,low volatility
2019-12-03,0.2852006569900318,-1.2545622868330373,0,low volatility
2019-12-04,0.2819155335333033,-1.2661477793886862,0,low volatility
2019-12-05,0.2783852213258195,-1.278749436249072,0,low volatility
2019-12-06,0.2786133748653435,-1.2779302113754576,0,low volatility
2019-12-09,0.2885971825185621,-1.2427233952729657,0,low volatility
2019-12-10,0.2853848092595969,-1.2539168014961273,0,low volatility
2019-12-11,0.2839488593513241,-1.258961129742573,0,low volatility
2019-12-12,0.2795719618213086,-1.2744955532598716,0,low volatility
2019-12-13,0.2783223563573969,-1.2789752818139963,0,low volatility
2019-12-16,0.2750659387431647,-1.290744432809664,0,low volatility
2019-12-17,0.271616828396976,-1.303362924992545,0,low volatility
2019-12-18,0.2680199337898287,-1.316693921424528,0,low volatility
2019-12-19,0.2706480871592065,-1.3069358733451102,0,low volatility
2019-12-20,0.2679355174439694,-1.3170089339740338,0,low volatility
2019-12-23,0.2786474614774592,-1.2778078750835984,0,low volatility
2019-12-24,0.275712097355041,-1.2883980832242732,0,low volatility
2019-12-26,0.2717202200660981,-1.302982344759106,0,low volatility
2019-12-27,0.2695629912423063,-1.3109531822068738,0,low volatility
2019-12-30,0.2939150291944317,-1.2244645697621988,0,low volatility
2019-12-31,0.2989234051211422,-1.2075679085720357,0,low volatility
2020-01-02,0.2947275494925006,-1.221703910429958,0,low volatility
2020-01-03,0.3082106684404494,-1.176971741379029,0,low volatility
2020-01-06,0.3035161092199554,-1.1923205917364663,0,low volatility
2020-01-07,0.2997137993262579,-1.2049272619215117,0,low volatility
2020-01-08,0.3065881516677875,-1.1822499575579701,0,low volatility
2020-01-09,0.3037088796079293,-1.1916856692678708,0,low volatility
2020-01-10,0.2993729436506491,-1.2060651796484005,0,low volatility
2020-01-13,0.2955496327656737,-1.2189184942580433,0,low volatility
2020-01-14,0.2928562351324994,-1.2280734554573631,0,low volatility
2020-01-15,0.288513894179987,-1.2430120341243627,0,low volatility
2020-01-16,0.2889232606524833,-1.2415941602045715,0,low volatility
2020-01-17,0.2886126869910924,-1.242669673140504,0,low volatility
2020-01-21,0.2914277336273045,-1.2329632160115893,0,low volatility
2020-01-22,0.286906276684679,-1.2485996786298106,0,low volatility
2020-01-23,0.282998051360682,-1.262315267013906,0,low volatility
2020-01-24,0.2887263315096967,-1.2422759893033466,0,low volatility
2020-01-27,0.2853103936842343,-1.2541775907069022,0,low volatility
2020-01-28,0.281084907824637,-1.2690984922134598,0,low volatility
2020-01-29,0.2773355019019493,-1.282527307501619,0,low volatility
2020-01-30,0.2731423021845124,-1.29776236617943,0,low volatility
2020-01-31,0.2736390200128041,-1.295945486396717,0,low volatility
2020-02-03,0.2836443328981166,-1.2600341746155057,0,low volatility
2020-02-04,0.2812755144459971,-1.268420611547927,0,low volatility
2020-02-05,0.2787804972591732,-1.2773305549845444,0,low volatility
2020-02-06,0.2817983841742499,-1.2665634134791706,0,low volatility
2020-02-07,0.2812828502198217,-1.268394531502599,0,low volatility
2020-02-10,0.2814118677880368,-1.2679359611043102,0,low volatility
2020-02-11,0.2832708806617736,-1.2613516636559465,0,low volatility
2020-02-12,0.2788871398128275,-1.2769480957996646,0,low volatility
2020-02-13,0.2777008755808253,-1.28121073170055,0,low volatility
2020-02-14,0.2845946762600135,-1.2566892995448677,0,low volatility
2020-02-18,0.2805619829033783,-1.2709606055127354,0,low volatility
2020-02-19,0.2793631783937652,-1.275242628983805,0,low volatility
2020-02-20,0.2774633198144071,-1.2820665353812897,0,low volatility
2020-02-21,0.2732802252478764,-1.297257544143848,0,low volatility
2020-02-24,0.2887674321791235,-1.2421336477852887,0,low volatility
2020-02-25,0.2842770355481145,-1.2578060390076207,0,low volatility
2020-02-26,0.2806186115080906,-1.2707587859720442,0,low volatility
2020-02-27,0.2784769915356565,-1.278419838698553,0,low volatility
2020-02-28,0.3176030513355933,-1.14695294217548,0,low volatility
2020-03-02,0.3153956454463416,-1.1539274109963797,0,low volatility
2020-03-03,0.4215994265158878,-0.8636996420123428,1,normal volatility
2020-03-04,0.414589208409814,-0.8804671082391051,1,normal volatility
2020-03-05,0.4144349613925795,-0.8808392253006647,1,normal volatility
2020-03-06,0.4260773695022912,-0.8531343306534395,1,normal volatility
2020-03-09,0.4646804909129797,-0.766405225883561,1,normal volatility
2020-03-10,0.4879084550664469,-0.7176274828035374,1,normal volatility
2020-03-11,0.4966891073382842,-0.6997909871711393,1,normal volatility
2020-03-12,0.498740543807418,-0.6956692707424283,1,normal volatility
2020-03-13,0.5977930870254019,-0.5145105932249213,2,high volatility (stress/panic)
2020-03-16,0.5871331209275824,-0.5325037030464407,2,high volatility (stress/panic)
2020-03-17,0.5902552333848068,-0.5272002366690242,2,high volatility (stress/panic)
2020-03-18,0.6489647492164394,-0.43237687929026253,2,high volatility (stress/panic)
2020-03-19,0.6817303189000881,-0.3831211261731965,2,high volatility (stress/panic)
2020-03-20,0.7104105647547874,-0.34191221585677956,2,high volatility (stress/panic)
2020-03-23,0.6975429196551896,-0.36019123362390065,2,high volatility (stress/panic)
2020-03-24,0.6988394541249002,-0.3583342424921902,2,high volatility (stress/panic)
2020-03-25,0.68838533452847,-0.3734065185781442,2,high volatility (stress/panic)
2020-03-26,0.6794234638184852,-0.3865106877635719,2,high volatility (stress/panic)
2020-03-27,0.7469943007336689,-0.29169772341835937,2,high volatility (stress/panic)
2020-03-30,0.7352607437411846,-0.30753008929003933,2,high volatility (stress/panic)
2020-03-31,0.7247153362700584,-0.3219763408580897,2,high volatility (stress/panic)
2020-04-01,0.7109319193737628,-0.3411786071056459,2,high volatility (stress/panic)
2020-04-02,0.7120000389346717,-0.33967731288663516,2,high volatility (stress/panic)
2020-04-03,0.7098531396668328,-0.3426971758819371,2,high volatility (stress/panic)
2020-04-06,0.7057864683651977,-0.348442539977463,2,high volatility (stress/panic)
2020-04-07,0.6926958573968867,-0.3671642543426358,2,high volatility (stress/panic)
2020-04-08,0.6938585582443048,-0.365487145811115,2,high volatility (stress/panic)
2020-04-09,0.6817574446294102,-0.38308133743427075,2,high volatility (stress/panic)
2020-04-10,0.6795194879702245,-0.3863693659343181,2,high volatility (stress/panic)
2020-04-13,0.6676470489661867,-0.4039956148931064,2,high volatility (stress/panic)
2020-04-14,0.6597062951012512,-0.4159605504292004,2,high volatility (stress/panic)
2020-04-15,0.6575546303539302,-0.4192274303910649,2,high volatility (stress/panic)
2020-04-16,0.6541856796498317,-0.424364053983182,2,high volatility (stress/panic)
2020-04-17,0.6532425743108253,-0.4258067419467118,2,high volatility (stress/panic)
2020-04-20,0.6455975425685624,-0.43757896846399813,2,high volatility (stress/panic)
2020-04-21,0.6335960286618532,-0.45634370639636673,2,high volatility (stress/panic)
2020-04-22,0.6226205575780165,-0.47381800260227225,2,high volatility (stress/panic)
2020-04-23,0.6124590972913804,-0.49027311872557416,2,high volatility (stress/panic)
2020-04-24,0.6014368396203211,-0.5084337538682882,2,high volatility (stress/panic)
2020-04-27,0.5908930542071201,-0.5261202352991537,2,high volatility (stress/panic)
2020-04-28,0.5825899008903609,-0.5402717691584367,2,high volatility (stress/panic)
2020-04-29,0.5718697448090466,-0.55884403239952,2,high volatility (stress/panic)
2020-04-30,0.562088081665625,-0.5760967124267503,2,high volatility (stress/panic)
2020-05-01,0.5703358271640291,-0.5615299211831084,2,high volatility (stress/panic)
2020-05-04,0.5711883871844226,-0.5600361987229153,2,high volatility (stress/panic)
2020-05-05,0.5808960445151377,-0.543183463242265,2,high volatility (stress/panic)
2020-05-06,0.5821264783313099,-0.5410675381400935,2,high volatility (stress/panic)
2020-05-07,0.5751403243948756,-0.5531412255324248,2,high volatility (stress/panic)
2020-05-08,0.5646743856946776,-0.5715060224702688,2,high volatility (stress/panic)
2020-05-11,0.5586553286653549,-0.582222581565911,1,normal volatility
2020-05-12,0.5518884692870174,-0.5944093015126526,1,normal volatility
2020-05-13,0.5479867492946637,-0.6015041724456921,1,normal volatility
2020-05-14,0.5398695610219189,-0.6164277222657152,1,normal volatility
2020-05-15,0.533844375134007,-0.6276509148299175,1,normal volatility
2020-05-18,0.5248155413704133,-0.6447084278989468,1,normal volatility
2020-05-19,0.5387522161629281,-0.6184995240451633,1,normal volatility
2020-05-20,0.5321194484035296,-0.63088728776862,1,normal volatility
2020-05-21,0.5279256970348734,-0.6387997304913513,1,normal volatility
2020-05-22,0.5202574663694083,-0.6534314623084279,1,normal volatility
2020-05-26,0.5210126634670704,-0.6519809314453281,1,normal volatility
2020-05-27,0.5290601126554645,-0.6366532190703648,1,normal volatility
2020-05-28,0.5192881249361109,-0.6552963958377513,1,normal volatility
2020-05-29,0.5394359182328792,-0.6172312812593617,1,normal volatility
2020-06-01,0.5337171494143996,-0.6278892630979734,1,normal volatility
2020-06-02,0.5246469549350801,-0.6450297093880459,1,normal volatility
2020-06-03,0.5205025740107849,-0.6529604456736642,1,normal volatility
2020-06-04,0.5295156395871078,-0.6357925778573088,1,normal volatility
2020-06-05,0.536069644735604,-0.6234911921438366,1,normal volatility
2020-06-08,0.5277947214304523,-0.6390478560420222,1,normal volatility
2020-06-09,0.5180803833370489,-0.6576248685745008,1,normal volatility
2020-06-10,0.5173429487095069,-0.6590492806567921,1,normal volatility
2020-06-11,0.5079824494447187,-0.6773083803376306,1,normal volatility
2020-06-12,0.5002711895645,-0.6926049484653419,1,normal volatility
2020-06-15,0.5350847685559804,-0.6253300987383273,1,normal volatility
2020-06-16,0.5260603645434393,-0.6423393113395949,1,normal volatility
2020-06-17,0.5166558963864708,-0.6603782036578341,1,normal volatility
2020-06-18,0.511639711069449,-0.6701345909656513,1,normal volatility
2020-06-19,0.5022474208597048,-0.6886624104725934,1,normal volatility
2020-06-22,0.4951285454242793,-0.702937862400651,1,normal volatility
2020-06-23,0.5014874945177141,-0.6901766080471614,1,normal volatility
2020-06-24,0.5038445722509017,-0.6854874468633149,1,normal volatility
2020-06-25,0.5017569348644728,-0.6896394700469977,1,normal volatility
2020-06-26,0.5001020594864132,-0.6929430824165621,1,normal volatility
2020-06-29,0.4910217658617642,-0.7112668225127857,1,normal volatility
2020-06-30,0.4836210924934425,-0.726453545614793,1,normal volatility
2020-07-01,0.4748020255863777,-0.7448573500670602,1,normal volatility
2020-07-02,0.4677905248110159,-0.7597346798233888,1,normal volatility
2020-07-06,0.4607680452176089,-0.7748605183209755,1,normal volatility
2020-07-07,0.4683776524317276,-0.7584803588328606,1,normal volatility
2020-07-08,0.4600508310530679,-0.7764182933146466,1,normal volatility
2020-07-09,0.4547556358571389,-0.7879950683519852,1,normal volatility
2020-07-10,0.4495470128834548,-0.7995148412548797,1,normal volatility
2020-07-13,0.4428583194236281,-0.8145053808047108,1,normal volatility
2020-07-14,0.4421148990893154,-0.8161854779955265,1,normal volatility
2020-07-15,0.4401760603685116,-0.8205804949022085,1,normal volatility
2020-07-16,0.4322786836322373,-0.8386847977256837,1,normal volatility
2020-07-17,0.4271236284746617,-0.850681779614964,1,normal volatility
2020-07-20,0.4196135170620912,-0.8684211888175367,1,normal volatility
2020-07-21,0.4122310107323483,-0.8861713811082547,1,normal volatility
2020-07-22,0.4149141511339178,-0.8796836448884473,1,normal volatility
2020-07-23,0.4361198352575181,-0.8298382218897898,1,normal volatility
2020-07-24,0.4326425863233049,-0.8378433275822597,1,normal volatility
2020-07-27,0.4254269023187974,-0.8546621381619777,1,normal volatility
2020-07-28,0.4595393289542278,-0.7775307500890585,1,normal volatility
2020-07-29,0.4520277402829408,-0.7940117287257178,1,normal volatility
2020-07-30,0.4481837364610477,-0.8025520046167196,1,normal volatility
2020-07-31,0.4415499883198122,-0.817464041520022,1,normal volatility
2020-08-03,0.436714319985394,-0.8284760276717226,1,normal volatility
2020-08-04,0.4445583103042783,-0.8106740508448532,1,normal volatility
2020-08-05,0.4374265389120678,-0.8268464983412387,1,normal volatility
2020-08-06,0.4811941021058588,-0.7314845515945927,1,normal volatility
2020-08-07,0.4771872057842864,-0.7398464001314472,1,normal volatility
2020-08-10,0.4861445317093292,-0.7212493089449737,1,normal volatility
2020-08-11,0.4783255453824727,-0.7374637210194399,1,normal volatility
2020-08-12,0.4698335766151011,-0.7553767392918125,1,normal volatility
2020-08-13,0.4644118804426216,-0.7669834471371703,1,normal volatility
2020-08-14,0.457507468983385,-0.7819620687530797,1,normal volatility
2020-08-17,0.4499706045017737,-0.798573021680825,1,normal volatility
2020-08-18,0.4458972299936506,-0.8076667795374329,1,normal volatility
2020-08-19,0.4484877617069115,-0.8018738850196646,1,normal volatility
2020-08-20,0.4429730040909711,-0.8142464496404147,1,normal volatility
2020-08-21,0.4387938497015834,-0.8237255668561732,1,normal volatility
2020-08-24,0.4534680664134026,-0.7908304277532202,1,normal volatility
2020-08-25,0.4477631981215479,-0.8034907619340367,1,normal volatility
2020-08-26,0.4404512680166599,-0.8199554685187727,1,normal volatility
2020-08-27,0.4326042358448669,-0.8379319739141051,1,normal volatility
2020-08-28,0.4252970486864051,-0.8549674161155307,1,normal volatility
2020-08-31,0.4364830171657186,-0.8290058112962125,1,normal volatility
2020-09-01,0.4361663008000124,-0.8297316845034495,1,normal volatility
2020-09-02,0.4283535034165141,-0.8478064817412513,1,normal volatility
2020-09-03,0.4560573537664463,-0.7851367015732539,1,normal volatility
2020-09-04,0.4479795670226033,-0.8030076569318351,1,normal volatility
2020-09-08,0.4403030649191367,-0.820292005265468,1,normal volatility
2020-09-09,0.4352430347505345,-0.8318507033325706,1,normal volatility
2020-09-10,0.4289234181030431,-0.8464768885697064,1,normal volatility
2020-09-11,0.4367776942542423,-0.8283309221231283,1,normal volatility
2020-09-14,0.4361271487493763,-0.8298214525756105,1,normal volatility
2020-09-15,0.4342017135737549,-0.834246075037776,1,normal volatility
2020-09-16,0.4287488805829215,-0.8468838913907101,1,normal volatility
2020-09-17,0.421431427911958,-0.8640982006303846,1,normal volatility
2020-09-18,0.4143474800143938,-0.8810503334857321,1,normal volatility
2020-09-21,0.4109247247648214,-0.8893452326839649,1,normal volatility
2020-09-22,0.4485230972611039,-0.8017950998993789,1,normal volatility
2020-09-23,0.4438629407252877,-0.8122394562652766,1,normal volatility
2020-09-24,0.4378928151528639,-0.8257811128159798,1,normal volatility
2020-09-25,0.430382756911252,-0.8430803338756443,1,normal volatility
2020-09-28,0.4299378881894439,-0.8441145267989281,1,normal volatility
2020-09-29,0.4281661572146562,-0.8482439409461168,1,normal volatility
2020-09-30,0.4312092545369349,-0.8411617973334893,1,normal volatility
2020-10-01,0.4236455546999635,-0.8588581292524724,1,normal volatility
2020-10-02,0.4189626425795187,-0.8699735215562916,1,normal volatility
2020-10-05,0.4182445939365747,-0.8716888646343034,1,normal volatility
2020-10-06,0.4307471450658208,-0.8422340314177202,1,normal volatility
2020-10-07,0.4231401602769903,-0.8600518066469874,1,normal volatility
2020-10-08,0.4160220257794337,-0.8770170735373176,1,normal volatility
2020-10-09,0.409143312882666,-0.8936897860683369,1,normal volatility
2020-10-13,0.4165295517613256,-0.8757978672840322,1,normal volatility
2020-10-14,0.4303619614504564,-0.8431286535698719,1,normal volatility
2020-10-15,0.4237898617864306,-0.858517555599178,1,normal volatility
2020-10-16,0.4254218267139951,-0.8546740688486654,1,normal volatility
2020-10-19,0.4187454244839207,-0.8704921225081191,1,normal volatility
2020-10-20,0.4278744705450882,-0.8489254195381315,1,normal volatility
2020-10-21,0.4245106101760101,-0.8568182790177453,1,normal volatility
2020-10-22,0.4238505575536039,-0.8583743444783013,1,normal volatility
2020-10-23,0.4228185335469143,-0.8608121906891889,1,normal volatility
2020-10-26,0.4166642684318435,-0.87547449313404,1,normal volatility
2020-10-27,0.4116974258381533,-0.8874666027442772,1,normal volatility
2020-10-28,0.4055624037412683,-0.9024805239470113,1,normal volatility
2020-10-29,0.4206447876283102,-0.8659665362939651,1,normal volatility
2020-10-30,0.4404092352698284,-0.8200509041676787,1,normal volatility
2020-11-02,0.4328446337353065,-0.8373764289129566,1,normal volatility
2020-11-03,0.4255953747141801,-0.8542662086966036,1,normal volatility
2020-11-04,0.444141631655529,-0.8116117772013186,1,normal volatility
2020-11-05,0.4362970670925089,-0.829431921101826,1,normal volatility
2020-11-06,0.4480260420682818,-0.8029039186399122,1,normal volatility
2020-11-09,0.4578588803307613,-0.7811942638957058,1,normal volatility
2020-11-10,0.4656489511203432,-0.764323252523518,1,normal volatility
2020-11-12,0.4572085645882312,-0.7826156145417673,1,normal volatility
2020-11-13,0.4490123426080391,-0.8007049025129372,1,normal volatility
2020-11-16,0.4412711921607462,-0.8180956443281522,1,normal volatility
2020-11-17,0.4346644579638005,-0.8331809065481833,1,normal volatility
2020-11-18,0.4279700584397272,-0.8487020427639648,1,normal volatility
2020-11-19,0.4205191261890973,-0.8662653162061404,1,normal volatility
2020-11-20,0.4150994287753513,-0.8792372000374339,1,normal volatility
2020-11-23,0.4084422368850891,-0.8954047776545005,1,normal volatility
2020-11-24,0.4042668474307401,-0.9056801056215565,1,normal volatility
2020-11-25,0.4050056999530216,-0.9038541380165571,1,normal volatility
2020-11-30,0.40184070297054,-0.9116995301626724,1,normal volatility
2020-12-01,0.4002380725868854,-0.9156957274571832,1,normal volatility
2020-12-02,0.4200623835841702,-0.867352046391297,1,normal volatility
2020-12-03,0.4218002120476821,-0.8632235082166738,1,normal volatility
2020-12-04,0.4250950618416613,-0.8554424601476699,1,normal volatility
2020-12-07,0.4177815234364186,-0.872796654302329,1,normal volatility
2020-12-08,0.4103968231859558,-0.8906307259304987,1,normal volatility
2020-12-09,0.4053131070904581,-0.9030954066394458,0,low volatility
2020-12-10,0.4010989649904936,-0.9135470866370493,0,low volatility
2020-12-11,0.3988641993984759,-0.9191342724100642,0,low volatility
2020-12-14,0.3919465548273111,-0.936629788213027,0,low volatility
2020-12-15,0.3888172294887052,-0.94464589284915,0,low volatility
2020-12-16,0.3826487888890592,-0.9606377107931283,0,low volatility
2020-12-17,0.3770446868127138,-0.9753915658988486,0,low volatility
2020-12-18,0.3934812277696179,-0.9327219180577628,0,low volatility
2020-12-21,0.3880478725812993,-0.9466265640284196,0,low volatility
2020-12-22,0.3813664554937537,-0.9639945406702206,0,low volatility
2020-12-23,0.3855798208042806,-0.9530070495542166,0,low volatility
2020-12-28,0.3805699347754284,-0.9660853215245141,0,low volatility
2020-12-29,0.3752612689789153,-0.9801327783294274,0,low volatility
2020-12-30,0.3740701570182068,-0.9833119135494072,0,low volatility
2020-12-31,0.3703781170711783,-0.9932308571368405,0,low volatility
2021-01-04,0.3722062996069028,-0.9883070095896987,0,low volatility
2021-01-05,0.3678560991897066,-1.0000634520978342,0,low volatility
2021-01-06,0.3674470355751552,-1.0011760915995898,0,low volatility
2021-01-07,0.3611896085793152,-1.0183522270134038,0,low volatility
2021-01-08,0.3570623177862563,-1.0298449528108888,0,low volatility
2021-01-11,0.3515071007525302,-1.0455253666480349,0,low volatility
2021-01-12,0.3692909810513098,-0.996170379162128,0,low volatility
2021-01-13,0.3629301165790757,-1.0135449795620162,0,low volatility
2021-01-14,0.356953345492731,-1.0301501906368238,0,low volatility
2021-01-15,0.3508846545555286,-1.0472977290234098,0,low volatility
2021-01-19,0.3564169978378541,-1.0316538913750262,0,low volatility
2021-01-21,0.3531200345624968,-1.0409472385962326,0,low volatility
2021-01-22,0.3482615447662646,-1.054801516071225,0,low volatility
2021-01-25,0.3473043348061144,-1.0575538378642357,0,low volatility
2021-01-26,0.3473924398290579,-1.057300187562024,0,low volatility
2021-01-27,0.3418673295035908,-1.0733325426101628,0,low volatility
2021-01-28,0.3437912547641856,-1.0677206233429941,0,low volatility
2021-01-29,0.3397680406277583,-1.0794921276468394,0,low volatility
2021-02-01,0.334778120962555,-1.0942872920764017,0,low volatility
2021-02-02,0.3448406260816003,-1.0646729220707807,0,low volatility
2021-02-03,0.3481370298968445,-1.0551591126409974,0,low volatility
2021-02-04,0.3423685834895595,-1.071867392751411,0,low volatility
2021-02-05,0.3462275857906807,-1.0606589577544756,0,low volatility
2021-02-08,0.3545842092697123,-1.036809417439851,0,low volatility
2021-02-09,0.3489721600792424,-1.0527631305081324,0,low volatility
2021-02-10,0.3570003763941284,-1.0300184428777641,0,low volatility
2021-02-11,0.3534872883494098,-1.0399077536996748,0,low volatility
2021-02-12,0.3475443404439589,-1.056863023717392,0,low volatility
2021-02-16,0.3416669889650987,-1.0739187327656992,0,low volatility
2021-02-17,0.3371877827726919,-1.0871152849085204,0,low volatility
2021-02-18,0.3471610008344824,-1.05796662729032,0,low volatility
2021-02-19,0.3463248661946767,-1.0603780247959484,0,low volatility
2021-02-22,0.353141750362294,-1.0408857435521355,0,low volatility
2021-02-23,0.3485527342814327,-1.0539657423482292,0,low volatility
2021-02-24,0.3432108935460025,-1.069410170770662,0,low volatility
2021-02-25,0.3374412801264462,-1.0863637686171952,0,low volatility
2021-02-26,0.3591752075751508,-1.0239449661634754,0,low volatility
2021-03-01,0.4134004763932753,-0.8833384793566249,0,low volatility
2021-03-02,0.4106822138714708,-0.889935565820138,0,low volatility
2021-03-03,0.4055127523101481,-0.9026029575607442,0,low volatility
2021-03-04,0.3984499862608799,-0.9201732936197963,0,low volatility
2021-03-05,0.3938897746355134,-0.9316841686326202,0,low volatility
2021-03-08,0.440437849171324,-0.8199859351122976,1,normal volatility
2021-03-09,0.4450126039053069,-0.8096526738342842,1,normal volatility
2021-03-10,0.4410785317115905,-0.8185323429455029,1,normal volatility
2021-03-11,0.4339105110305435,-0.834916961925163,1,normal volatility
2021-03-12,0.4447889228980755,-0.8101554399123482,1,normal volatility
2021-03-15,0.438701673086179,-0.8239356570807946,1,normal volatility
2021-03-16,0.4344045826363685,-0.8337789610709824,1,normal volatility
2021-03-17,0.4280304236637442,-0.848561002600135,1,normal volatility
2021-03-18,0.4207501322489374,-0.8657161315941292,1,normal volatility
2021-03-19,0.4147634287060414,-0.880046972603205,1,normal volatility
2021-03-22,0.4082685665823009,-0.8958300697032127,0,low volatility
2021-03-23,0.4028917408197368,-0.9090873863254615,0,low volatility
2021-03-24,0.4073524476559048,-0.8980765035141787,0,low volatility
2021-03-25,0.4055274431024288,-0.9025667305220219,0,low volatility
2021-03-26,0.4078327110002451,-0.8968982107182267,0,low volatility
2021-03-29,0.4022043788764022,-0.9107949143920556,0,low volatility
2021-03-30,0.3962633721189363,-0.9256762076876583,0,low volatility
2021-03-31,0.3994362439201846,-0.9177011161982435,0,low volatility
2021-04-01,0.3937521467506299,-0.9320336367920649,0,low volatility
2021-04-02,0.3899206564622941,-0.9418120055246564,0,low volatility
2021-04-05,0.3833503435198596,-0.9588059728778319,0,low volatility
2021-04-06,0.3847137124063183,-0.9552558254444783,0,low volatility
2021-04-07,0.3843946167375539,-0.9560856063088429,0,low volatility
2021-04-08,0.382920156622136,-0.9599287798835522,0,low volatility
2021-04-09,0.3770154873782058,-0.9754690117991149,0,low volatility
2021-04-12,0.3706260085663453,-0.9925617879755825,0,low volatility
2021-04-13,0.3646488944782282,-1.008820321290405,0,low volatility
2021-04-14,0.3622888633963649,-1.015313420177988,0,low volatility
2021-04-15,0.3607289519769092,-1.0196284282086558,0,low volatility
2021-04-16,0.3548759641580402,-1.0359869472978982,0,low volatility
2021-04-19,0.349874416957708,-1.0501809975781817,0,low volatility
2021-04-20,0.3527721696798209,-1.041932842088509,0,low volatility
2021-04-21,0.3479405039001655,-1.0557237796281038,0,low volatility
2021-04-22,0.3425352862409641,-1.0713806010655587,0,low volatility
2021-04-23,0.3383491464467965,-1.0836769390001642,0,low volatility
2021-04-26,0.345336032518362,-1.0632373286885015,0,low volatility
2021-04-27,0.3403223123896646,-1.0778621328022817,0,low volatility
2021-04-28,0.334648480113749,-1.0946746111647627,0,low volatility
2021-04-29,0.3305655895383494,-1.1069501838933962,0,low volatility
2021-04-30,0.3257027610879288,-1.1217700893397238,0,low volatility
2021-05-03,0.3445841829976264,-1.0654168555423467,0,low volatility
2021-05-04,0.3421098389429806,-1.0726234269825092,0,low volatility
2021-05-05,0.3437993351991059,-1.0676971197202318,0,low volatility
2021-05-06,0.338412595414235,-1.083489431451496,0,low volatility
2021-05-07,0.3411027113975342,-1.0755716406077926,0,low volatility
2021-05-10,0.3836667527065885,-0.9579809346714253,0,low volatility
2021-05-11,0.3770983501648759,-0.9752492497873911,0,low volatility
2021-05-12,0.3705654709422506,-0.9927251401616315,0,low volatility
2021-05-13,0.3940113391282494,-0.9313755905850021,0,low volatility
2021-05-14,0.387144171678343,-0.9489581186903537,0,low volatility
2021-05-17,0.3972520621161032,-0.9231842826005514,0,low volatility
2021-05-18,0.3909789794932697,-0.9391014813287178,0,low volatility
2021-05-19,0.391844681054593,-0.93688973950778,0,low volatility
2021-05-20,0.3855998415985171,-0.9529551270380583,0,low volatility
2021-05-21,0.3791912679131921,-0.969714536521495,0,low volatility
2021-05-24,0.3797636139145025,-0.9682062884727299,0,low volatility
2021-05-25,0.3767570895989083,-0.976154623871806,0,low volatility
2021-05-26,0.3721258214189075,-0.9885232522750151,0,low volatility
2021-05-27,0.368432106418846,-0.9984988274243446,0,low volatility
2021-05-28,0.3623894055846588,-1.0150359392785528,0,low volatility
2021-06-01,0.3561827042578751,-1.0323114655719627,0,low volatility
2021-06-02,0.3581582794273036,-1.026780268982946,0,low volatility
2021-06-03,0.3546789791213105,-1.0365421827836236,0,low volatility
2021-06-04,0.3770089106414903,-0.9754864561596236,0,low volatility
2021-06-07,0.3795057265716502,-0.9688855924799326,0,low volatility
2021-06-08,0.3755007140076971,-0.9794949062945435,0,low volatility
2021-06-09,0.3702694078787034,-0.993524408899571,0,low volatility
2021-06-10,0.3639632174395005,-1.010702467441775,0,low volatility
2021-06-11,0.3580930790998488,-1.0269623288893146,0,low volatility
2021-06-14,0.369849064207674,-0.9946602911456645,0,low volatility
2021-06-15,0.365782610389434,-1.0057160827299036,0,low volatility
2021-06-16,0.3595983025438286,-1.0227676967967345,0,low volatility
2021-06-17,0.353452115466483,-1.0400072611900368,0,low volatility
2021-06-18,0.481653356013206,-0.7305306020602149,1,normal volatility
2021-06-21,0.4769591329282295,-0.7403244669669988,1,normal volatility
2021-06-22,0.4722714366777611,-0.7502013809832772,1,normal volatility
2021-06-23,0.4636987087854627,-0.7685202721789316,1,normal volatility
2021-06-24,0.4600494260325233,-0.7764213473743183,1,normal volatility
2021-06-25,0.4531698803645393,-0.791488211956219,1,normal volatility
2021-06-28,0.4455464224300343,-0.8084538345145404,1,normal volatility
2021-06-29,0.4375381121996617,-0.8265914633794104,1,normal volatility
2021-06-30,0.4328786590804236,-0.8372978233228865,1,normal volatility
2021-07-01,0.4349066452779538,-0.8326238794815924,1,normal volatility
2021-07-02,0.4274125733183475,-0.8500055183773677,1,normal volatility
2021-07-06,0.4200061264386676,-0.8674859810523765,1,normal volatility
2021-07-07,0.4157011184490827,-0.8777887422073604,1,normal volatility
2021-07-08,0.4088252398372364,-0.8944675007137322,0,low volatility
2021-07-09,0.4063013926120318,-0.9006600484481035,0,low volatility
2021-07-12,0.4006959002792981,-0.9145524927891897,0,low volatility
2021-07-13,0.3936652888478718,-0.9322542514220785,0,low volatility
2021-07-14,0.3934854492279107,-0.9327111896281706,0,low volatility
2021-07-15,0.3872409671427907,-0.9487081256052612,0,low volatility
2021-07-16,0.3817958763484499,-0.9628691683029024,0,low volatility
2021-07-19,0.375237900699608,-0.9801950522939006,0,low volatility
2021-07-20,0.3688484182567659,-0.9973695099712663,0,low volatility
2021-07-21,0.3652544016054664,-1.0071611774849494,0,low volatility
2021-07-22,0.3610775671993796,-1.0186624761416812,0,low volatility
2021-07-23,0.3577166119946414,-1.0280141926586988,0,low volatility
2021-07-26,0.3519452373460237,-1.0442796912087215,0,low volatility
2021-07-27,0.3554384836370782,-1.0344030865208027,0,low volatility
2021-07-28,0.3511797837198306,-1.0464569823181318,0,low volatility
2021-07-29,0.3469769757728221,-1.0584968534763908,0,low volatility
2021-07-30,0.3639060038931181,-1.0108596757556407,0,low volatility
2021-08-02,0.3593431817738856,-1.0234774090228795,0,low volatility
2021-08-03,0.3535545808614153,-1.0397174042588877,0,low volatility
2021-08-04,0.3482188936115991,-1.0549239923171283,0,low volatility
2021-08-05,0.343489679869539,-1.0685982118189858,0,low volatility
2021-08-06,0.3377240896683061,-1.08552601961213,0,low volatility
2021-08-09,0.3548302901895259,-1.0361156596159806,0,low volatility
2021-08-10,0.3492864186269795,-1.0518630096115513,0,low volatility
2021-08-11,0.3460968610621667,-1.0610365978353997,0,low volatility
2021-08-12,0.3412314859650839,-1.0751941875369182,0,low volatility
2021-08-13,0.3354959034886692,-1.0921455328128462,0,low volatility
2021-08-16,0.3446273726619562,-1.065291524897404,0,low volatility
2021-08-17,0.3402937644441416,-1.0779460213453573,0,low volatility
2021-08-18,0.3494732374473295,-1.0513282940675808,0,low volatility
2021-08-19,0.3440608042762632,-1.0669368806113049,0,low volatility
2021-08-20,0.3385408543513062,-1.0831105015896263,0,low volatility
2021-08-23,0.3328876240961708,-1.099950311132544,0,low volatility
2021-08-24,0.3348358506497645,-1.0941148653057549,0,low volatility
2021-08-25,0.3301303584840766,-1.1082676768144024,0,low volatility
2021-08-26,0.3253145351486448,-1.1229627642119533,0,low volatility
2021-08-27,0.3199959805078505,-1.139446844180221,0,low volatility
2021-08-30,0.3195607212494679,-1.14080797236287,0,low volatility
2021-08-31,0.3143284461996466,-1.1573168327527767,0,low volatility
2021-09-01,0.3093443040554022,-1.1733003697965958,0,low volatility
2021-09-02,0.3154142899391236,-1.153868298126586,0,low volatility
2021-09-03,0.3105882017014735,-1.1692873544961864,0,low volatility
2021-09-07,0.308625505071683,-1.175626694795871,0,low volatility
2021-09-08,0.3087363539244012,-1.175267589832407,0,low volatility
2021-09-09,0.307752604698316,-1.1784590502708043,0,low volatility
2021-09-10,0.3031937978727631,-1.1933830809879038,0,low volatility
2021-09-13,0.298453547753459,-1.2091409771757455,0,low volatility
2021-09-14,0.2942803615460688,-1.2232223553403694,0,low volatility
2021-09-15,0.2907561030271914,-1.2352704971684394,0,low volatility
2021-09-16,0.2868887739854591,-1.2486606854272897,0,low volatility
2021-09-17,0.2924437519275203,-1.2294829319049483,0,low volatility
2021-09-20,0.2918439303763214,-1.2315361046144842,0,low volatility
2021-09-21,0.2873307790123882,-1.2471211867741367,0,low volatility
2021-09-22,0.2829255621855636,-1.262571447084077,0,low volatility
2021-09-23,0.279730830698818,-1.2739274571090684,0,low volatility
2021-09-24,0.27547078336945,-1.2892737054884915,0,low volatility
2021-09-27,0.2731229402158695,-1.297833254704447,0,low volatility
2021-09-28,0.2697355396479903,-1.3103132827757111,0,low volatility
2021-09-29,0.2677786603100788,-1.317594534075307,0,low volatility
2021-09-30,0.2871052513932431,-1.2479064008581955,0,low volatility
2021-10-01,0.2883544104029639,-1.2435649637265591,0,low volatility
2021-10-04,0.2861286830109456,-1.2513136287574906,0,low volatility
2021-10-05,0.2846425067268792,-1.2565212484462824,0,low volatility
2021-10-06,0.2809615447598263,-1.2695374704019153,0,low volatility
2021-10-07,0.2955520663877968,-1.2189102600671196,0,low volatility
2021-10-08,0.2920427829396733,-1.2308549705297211,0,low volatility
2021-10-12,0.2880976218606551,-1.244455891487837,0,low volatility
2021-10-13,0.2880885048604477,-1.2444875375125686,0,low volatility
2021-10-14,0.2873295717036384,-1.2471253885909084,0,low volatility
2021-10-15,0.2855820783320599,-1.2532258014237958,0,low volatility
2021-10-18,0.28119514715539,-1.2687063768211775,0,low volatility
2021-10-19,0.2780747441518823,-1.2798653375732174,0,low volatility
2021-10-20,0.276617797231445,-1.2851185189745187,0,low volatility
2021-10-21,0.2730672862534227,-1.2980370443731097,0,low volatility
2021-10-22,0.268914976863812,-1.3133600204795532,0,low volatility
2021-10-25,0.2654156659693789,-1.3264581310590358,0,low volatility
2021-10-26,0.2640720677538487,-1.3315332291730568,0,low volatility
2021-10-27,0.2619230730415355,-1.3397044326794556,0,low volatility
2021-10-28,0.258651464599154,-1.352273820073663,0,low volatility
2021-10-29,0.2918674964388325,-1.2314553590219148,0,low volatility
2021-11-01,0.3619488932484629,-1.0162522559946905,0,low volatility
2021-11-02,0.3618712581022785,-1.0164667710129232,0,low volatility
2021-11-03,0.3560148738539089,-1.0327827685143787,0,low volatility
2021-11-04,0.3500016576523588,-1.0498173883602966,0,low volatility
2021-11-05,0.3496827143023228,-1.0507290662107993,0,low volatility
2021-11-08,0.344063216597698,-1.0669298693128713,0,low volatility
2021-11-09,0.3437662926253788,-1.067793234396171,0,low volatility
2021-11-10,0.3379737728556241,-1.084786981611478,0,low volatility
2021-11-12,0.3530999321567878,-1.041004168183788,0,low volatility
2021-11-15,0.368415592968666,-0.9985436493059803,0,low volatility
2021-11-16,0.3638676749191164,-1.0109650078805938,0,low volatility
2021-11-17,0.3872023862972427,-0.9488077606409512,0,low volatility
2021-11-18,0.380857194167236,-0.9653307925761303,0,low volatility
2021-11-19,0.3794232039739085,-0.9691030636942862,0,low volatility
2021-11-22,0.3788267715193448,-0.9706762456180575,0,low volatility
2021-11-23,0.3849928866864848,-0.9545304210040393,0,low volatility
2021-11-24,0.3784109005266445,-0.9717746353307288,0,low volatility
2021-11-26,0.3900210672138245,-0.9415545228204055,0,low volatility
2021-11-29,0.4247857431576953,-0.8561703709224616,0,low volatility
2021-11-30,0.4229073181639363,-0.860602229938507,0,low volatility
2021-12-01,0.4178854057413894,-0.8725480329871166,0,low volatility
2021-12-02,0.4152233983201915,-0.8789385943825827,0,low volatility
2021-12-03,0.4088154480322549,-0.8944914520780105,0,low volatility
2021-12-06,0.4016163848479258,-0.9122579125127531,0,low volatility
2021-12-07,0.3969258704252194,-0.9240057400998367,0,low volatility
2021-12-08,0.3943899752066955,-0.9304150744096175,0,low volatility
2021-12-09,0.4131159327867187,-0.8840270164858038,0,low volatility
2021-12-10,0.4128208707203331,-0.8847415071773074,0,low volatility
2021-12-13,0.4082609366686679,-0.8958487583448423,0,low volatility
2021-12-14,0.4016971848215753,-0.9120567458028337,0,low volatility
2021-12-15,0.3980382851609736,-0.9212070844522402,0,low volatility
2021-12-16,0.3911550940285067,-0.9386511377260656,0,low volatility
2021-12-17,0.3932485650311372,-0.9333133860494228,0,low volatility
2021-12-20,0.390071015101662,-0.941426466430556,0,low volatility
2021-12-21,0.3850438255145201,-0.9543981186675338,0,low volatility
2021-12-22,0.3808202744005726,-0.965427735884068,0,low volatility
2021-12-23,0.3848994411625024,-0.9547731705965761,0,low volatility
2021-12-27,0.3782382817393275,-0.9722309069936276,0,low volatility
2021-12-28,0.3720453328914028,-0.9887395695223375,0,low volatility
2021-12-29,0.3664431154442467,-1.0039119799494094,0,low volatility
2021-12-30,0.3624014858947721,-1.0150026046705811,0,low volatility
2022-01-03,0.3575662301640094,-1.0284346748064148,0,low volatility
2022-01-04,0.3545631217972372,-1.036868890194122,0,low volatility
2022-01-05,0.3487146877528201,-1.0535012047284238,0,low volatility
2022-01-06,0.3494415871511244,-1.0514188638912925,0,low volatility
2022-01-07,0.3466809791308511,-1.0593502904126917,0,low volatility
2022-01-10,0.3520307814308311,-1.0440366599606483,0,low volatility
2022-01-11,0.3496483278984055,-1.0508274070590384,0,low volatility
2022-01-12,0.3490522686422587,-1.0525336011103872,0,low volatility
2022-01-13,0.3623677826571098,-1.0150956087179355,0,low volatility
2022-01-14,0.3606683590676766,-1.0197964158305874,0,low volatility
2022-01-18,0.3641734428188542,-1.01012503357072,0,low volatility
2022-01-19,0.381300660291994,-0.9641670804337978,0,low volatility
2022-01-20,0.3751152766332212,-0.9805218958955078,0,low volatility
2022-01-21,0.3689697265461159,-0.9970406801876738,0,low volatility
2022-01-24,0.3630703329857395,-1.0131587087036682,0,low volatility
2022-01-25,0.3619093160103289,-1.016361606797561,0,low volatility
2022-01-26,0.3585579799663229,-1.0256649026850069,0,low volatility
2022-01-27,0.35248128361614,-1.0427577542638884,0,low volatility
2022-01-28,0.4197272343452572,-0.868150220718654,1,normal volatility
2022-01-31,0.4136715967364635,-0.8826828645397117,1,normal volatility
2022-02-01,0.4164048996639291,-0.8760971755864174,1,normal volatility
2022-02-02,0.4117788189009921,-0.8872689211144211,1,normal volatility
2022-02-03,0.4176593028242311,-0.8730892438172717,1,normal volatility
2022-02-04,0.4634074568827218,-0.7691485754371941,1,normal volatility
2022-02-07,0.4579551297300706,-0.7809840696890081,1,normal volatility
2022-02-08,0.4509882336471708,-0.7963140292939174,1,normal volatility
2022-02-09,0.4438297736134592,-0.8123141828261871,1,normal volatility
2022-02-10,0.4371207026680708,-0.827545914546387,1,normal volatility
2022-02-11,0.4383822296388011,-0.8246640787529064,1,normal volatility
2022-02-14,0.4524295351260392,-0.7931232514466825,1,normal volatility
2022-02-15,0.4741775555851147,-0.7461734375863057,1,normal volatility
2022-02-16,0.4758296250209234,-0.742695419451486,1,normal volatility
2022-02-17,0.468249136712284,-0.7587547813066563,1,normal volatility
2022-02-18,0.4605920285807305,-0.775242598343814,1,normal volatility
2022-02-22,0.4564792066058251,-0.7842121295884167,1,normal volatility
2022-02-23,0.4490277445943339,-0.8006706011793646,1,normal volatility
2022-02-24,0.443056265992548,-0.8140585057323898,1,normal volatility
2022-02-25,0.5161395306438661,-0.6613781418297421,1,normal volatility
2022-02-28,0.539595480218195,-0.616935530854493,1,normal volatility
2022-03-01,0.5332799483593982,-0.6287087612585242,1,normal volatility
2022-03-02,0.5633934716036474,-0.5737770111049638,1,normal volatility
2022-03-03,0.5529083913963769,-0.5925629486935957,1,normal volatility
2022-03-04,0.5491645303915574,-0.5993571913116985,1,normal volatility
2022-03-07,0.5929152747247174,-0.522703765867126,2,high volatility (stress/panic)
2022-03-08,0.588929576305934,-0.5294486673246092,2,high volatility (stress/panic)
2022-03-09,0.5791954040960926,-0.5461153728590793,2,high volatility (stress/panic)
2022-03-10,0.6583924519135493,-0.41795409397182515,2,high volatility (stress/panic)
2022-03-11,0.6548346892759351,-0.42337245798561174,2,high volatility (stress/panic)
2022-03-14,0.6539924809436238,-0.4246594246191278,2,high volatility (stress/panic)
2022-03-15,0.6460383723902927,-0.43689637697867123,2,high volatility (stress/panic)
2022-03-16,0.6338997967654896,-0.4558643863018018,2,high volatility (stress/panic)
2022-03-17,0.6232374679512949,-0.4728276643597797,2,high volatility (stress/panic)
2022-03-18,0.6435553553633133,-0.4407472333250521,2,high volatility (stress/panic)
2022-03-21,0.6416426598935981,-0.4437237347810857,2,high volatility (stress/panic)
2022-03-22,0.6295997189520331,-0.46267102827035017,2,high volatility (stress/panic)
2022-03-23,0.619346976579922,-0.47908961959564833,2,high volatility (stress/panic)
2022-03-24,0.608759303730735,-0.4963323213662169,2,high volatility (stress/panic)
2022-03-25,0.5974203734493074,-0.5151342702508273,2,high volatility (stress/panic)
2022-03-28,0.5873250362194166,-0.5321768880085879,2,high volatility (stress/panic)
2022-03-29,0.5764910734359587,-0.5507954234588893,2,high volatility (stress/panic)
2022-03-30,0.6082863853207471,-0.4971094794269944,2,high volatility (stress/panic)
2022-03-31,0.6057941468295787,-0.5012150423214825,2,high volatility (stress/panic)
2022-04-01,0.6065237567379795,-0.5000113811459079,2,high volatility (stress/panic)
2022-04-04,0.6013616275423052,-0.5085588156806655,2,high volatility (stress/panic)
2022-04-05,0.5966737210895654,-0.5163848458302003,2,high volatility (stress/panic)
2022-04-06,0.5985218473390965,-0.5132922511597915,2,high volatility (stress/panic)
2022-04-07,0.5874563424228081,-0.5319533464946934,2,high volatility (stress/panic)
2022-04-08,0.576890653562516,-0.5501025389902177,2,high volatility (stress/panic)
2022-04-11,0.5679159848518383,-0.5657817851945818,2,high volatility (stress/panic)
2022-04-12,0.5573444933773631,-0.5845717502036316,1,normal volatility
2022-04-13,0.5484314062647538,-0.6006930640337899,1,normal volatility
2022-04-14,0.5397605347205805,-0.6166296919998657,1,normal volatility
2022-04-15,0.5474592509324856,-0.6024672475819207,1,normal volatility
2022-04-18,0.5381270554811772,-0.6196605840979321,1,normal volatility
2022-04-19,0.5302726404132982,-0.6343639888283097,1,normal volatility
2022-04-20,0.5205409504540774,-0.6528867187978745,1,normal volatility
2022-04-21,0.5254458250391689,-0.643508186198017,1,normal volatility
2022-04-22,0.5166772858185964,-0.6603368047508852,1,normal volatility
2022-04-25,0.5144835098754017,-0.664591774998343,1,normal volatility
2022-04-26,0.5283829623311661,-0.6379339507388119,1,normal volatility
2022-04-27,0.5240048477502146,-0.6462543432721819,1,normal volatility
2022-04-28,0.5529711881436975,-0.5924493798230788,1,normal volatility
2022-04-29,0.5499337260924898,-0.5979575060297443,1,normal volatility
2022-05-02,0.5441356481578394,-0.6085567099782219,1,normal volatility
2022-05-03,0.5347968100876058,-0.625868398454999,1,normal volatility
2022-05-04,0.5253377515591285,-0.6437138869394986,1,normal volatility
2022-05-05,0.5158319845214364,-0.6619741779160391,1,normal volatility
2022-05-06,0.5096096548885003,-0.6741102288901163,1,normal volatility
2022-05-09,0.5145169107943957,-0.664526855843142,1,normal volatility
2022-05-10,0.5055566267384831,-0.6820952255522318,1,normal volatility
2022-05-11,0.4988095416444361,-0.6955309361602668,1,normal volatility
2022-05-12,0.489819956626291,-0.7137173908549613,1,normal volatility
2022-05-13,0.5649628942523731,-0.5709952238819255,1,normal volatility
2022-05-16,0.5581684324090764,-0.5830945119529535,1,normal volatility
2022-05-17,0.5481446245496688,-0.6012161134413355,1,normal volatility
2022-05-18,0.5767171185271578,-0.5504033952099237,2,high volatility (stress/panic)
2022-05-19,0.5701181817456605,-0.5619116032488655,2,high volatility (stress/panic)
2022-05-20,0.5852457355693865,-0.5357234591487503,2,high volatility (stress/panic)
2022-05-23,0.5764882464899824,-0.5508003271825337,2,high volatility (stress/panic)
2022-05-24,0.5999333692991344,-0.5109366811007374,2,high volatility (stress/panic)
2022-05-25,0.6047345358775912,-0.5029657009184237,2,high volatility (stress/panic)
2022-05-26,0.613118070535599,-0.4891977506051139,2,high volatility (stress/panic)
2022-05-27,0.613907056706123,-0.4879117357359069,2,high volatility (stress/panic)
2022-05-31,0.6030189355065506,-0.5058066805812387,2,high volatility (stress/panic)
2022-06-01,0.5931204613363819,-0.5223577617671264,2,high volatility (stress/panic)
2022-06-02,0.6017009318904164,-0.5079947479944968,2,high volatility (stress/panic)
2022-06-03,0.6113209706891496,-0.4921331374660941,2,high volatility (stress/panic)
2022-06-06,0.6001978492833109,-0.5104959293156612,2,high volatility (stress/panic)
2022-06-07,0.5902161517555868,-0.527266450267636,2,high volatility (stress/panic)
2022-06-08,0.5791821257139999,-0.546138298687234,2,high volatility (stress/panic)
2022-06-09,0.573789923674356,-0.5554919362820645,2,high volatility (stress/panic)
2022-06-10,0.582902667395387,-0.5397350578639253,2,high volatility (stress/panic)
2022-06-13,0.6224218191087839,-0.47413725032370224,2,high volatility (stress/panic)
2022-06-14,0.6302576209868795,-0.46162662098106,2,high volatility (stress/panic)
2022-06-15,0.6194406061368781,-0.4789384563801936,2,high volatility (stress/panic)
2022-06-16,0.6099297162363772,-0.49441154773765944,2,high volatility (stress/panic)
2022-06-17,0.6547069925851177,-0.4235674829977835,2,high volatility (stress/panic)
2022-06-21,0.6509756686844181,-0.4292830127647939,2,high volatility (stress/panic)
2022-06-22,0.6536555749269587,-0.4251747100930857,2,high volatility (stress/panic)
2022-06-23,0.6446165656543367,-0.43909961080855797,2,high volatility (stress/panic)
2022-06-24,0.6489992705942416,-0.4323236861704482,2,high volatility (stress/panic)
2022-06-27,0.6402970369476121,-0.4458230900682565,2,high volatility (stress/panic)
2022-06-28,0.6385816775787566,-0.44850569065901524,2,high volatility (stress/panic)
2022-06-29,0.6382128299365472,-0.4490834620236305,2,high volatility (stress/panic)
2022-06-30,0.634729044753262,-0.4545570723282629,2,high volatility (stress/panic)
2022-07-01,0.6229248580279688,-0.47332938058625584,2,high volatility (stress/panic)
2022-07-05,0.6210328966036595,-0.4763712248548346,2,high volatility (stress/panic)
2022-07-06,0.6743902367851038,-0.393946349289698,2,high volatility (stress/panic)
2022-07-07,0.6789079855376408,-0.38726967527848866,2,high volatility (stress/panic)
2022-07-08,0.666540035930494,-0.4056550722544693,2,high volatility (stress/panic)
2022-07-11,0.654995652367589,-0.42312668097564843,2,high volatility (stress/panic)
2022-07-12,0.6648857425115516,-0.40814006886040644,2,high volatility (stress/panic)
2022-07-13,0.6532715026484095,-0.4257624587076728,2,high volatility (stress/panic)
2022-07-14,0.6413930456667745,-0.44411283420971603,2,high volatility (stress/panic)
2022-07-15,0.6373233856829152,-0.45047808239881365,2,high volatility (stress/panic)
2022-07-18,0.636420151615467,-0.4518963180049555,2,high volatility (stress/panic)
2022-07-19,0.6392185887111937,-0.4475088037401662,2,high volatility (stress/panic)
2022-07-20,0.6446230789499158,-0.43908950672029723,2,high volatility (stress/panic)
2022-07-21,0.6336423062602691,-0.4562706694669097,2,high volatility (stress/panic)
2022-07-22,0.622796851497722,-0.4735348944337204,2,high volatility (stress/panic)
2022-07-25,0.6134805004245797,-0.48860679948531205,2,high volatility (stress/panic)
2022-07-26,0.6024969200129588,-0.5066727256420799,2,high volatility (stress/panic)
2022-07-27,0.6178805237088182,-0.48146016754659327,2,high volatility (stress/panic)
2022-07-28,0.6064379285943572,-0.5001528994556839,2,high volatility (stress/panic)
2022-07-29,0.6044367780557892,-0.5034581999123867,2,high volatility (stress/panic)
2022-08-01,0.5978485497069824,-0.5144178184671405,2,high volatility (stress/panic)
2022-08-02,0.6007862125662861,-0.5095161272537775,2,high volatility (stress/panic)
2022-08-03,0.6065028909091462,-0.5000457840650455,2,high volatility (stress/panic)
2022-08-04,0.6019144286918593,-0.5076399888070123,2,high volatility (stress/panic)
2022-08-05,0.607817242387381,-0.4978810303803014,2,high volatility (stress/panic)
2022-08-08,0.6040273293663825,-0.5041358347756149,2,high volatility (stress/panic)
2022-08-09,0.5969799091492152,-0.5158718191722004,2,high volatility (stress/panic)
2022-08-10,0.5869730513691152,-0.5327763692894703,2,high volatility (stress/panic)
2022-08-11,0.6130330485529757,-0.48933643168844193,2,high volatility (stress/panic)
2022-08-12,0.6015316587578287,-0.5082761119386254,2,high volatility (stress/panic)
2022-08-15,0.6092566848871505,-0.49551561421506296,2,high volatility (stress/panic)
2022-08-16,0.6124787093537257,-0.49024109740622124,2,high volatility (stress/panic)
2022-08-17,0.6013719018126317,-0.5085417308151055,2,high volatility (stress/panic)
2022-08-18,0.5903740346998689,-0.5269989858298749,2,high volatility (stress/panic)
2022-08-19,0.5869434802085918,-0.5328267496354901,2,high volatility (stress/panic)
2022-08-22,0.5934047324951007,-0.5218785959379713,2,high volatility (stress/panic)
2022-08-23,0.6151268490995846,-0.4859267737455085,2,high volatility (stress/panic)
2022-08-24,0.6086960899457857,-0.4964361671175017,2,high volatility (stress/panic)
2022-08-25,0.5974996233217011,-0.5150016256006011,2,high volatility (stress/panic)
2022-08-26,0.5864871606787777,-0.5336045025540116,2,high volatility (stress/panic)
2022-08-29,0.580610233195281,-0.5436756023397629,2,high volatility (stress/panic)
2022-08-30,0.569790740386211,-0.5624861076888225,2,high volatility (stress/panic)
2022-08-31,0.5603232864604021,-0.5792413645741774,2,high volatility (stress/panic)
2022-09-01,0.5574795820798059,-0.5843294003906381,2,high volatility (stress/panic)
2022-09-02,0.5900834908275692,-0.5274912422167143,2,high volatility (stress/panic)
2022-09-06,0.5996762615644571,-0.5113653334422981,2,high volatility (stress/panic)
2022-09-07,0.6295555497595061,-0.46274118513446805,2,high volatility (stress/panic)
2022-09-08,0.620208835089987,-0.47769902686745364,2,high volatility (stress/panic)
2022-09-09,0.6092114424537362,-0.49558987538352506,2,high volatility (stress/panic)
2022-09-12,0.6228978261544064,-0.47337277660706994,2,high volatility (stress/panic)
2022-09-13,0.6318306486167371,-0.459133881792723,2,high volatility (stress/panic)
2022-09-14,0.6693794769762014,-0.4014041495093791,2,high volatility (stress/panic)
2022-09-15,0.6567509283477811,-0.4204504368692856,2,high volatility (stress/panic)
2022-09-16,0.6443526552455495,-0.4395091014437039,2,high volatility (stress/panic)
2022-09-19,0.6337064620318945,-0.4561694254001061,2,high volatility (stress/panic)
2022-09-20,0.6220399470980524,-0.47475096467489725,2,high volatility (stress/panic)
2022-09-21,0.6105634669309472,-0.493373031897883,2,high volatility (stress/panic)
2022-09-22,0.6384559557495942,-0.4487025867038732,2,high volatility (stress/panic)
2022-09-23,0.6309410924696127,-0.4605427766314773,2,high volatility (stress/panic)
2022-09-26,0.6639781697776456,-0.40950600688705363,2,high volatility (stress/panic)
2022-09-27,0.6787922259480125,-0.38744019832758225,2,high volatility (stress/panic)
2022-09-28,0.6660643434704602,-0.40636900129086123,2,high volatility (stress/panic)
2022-09-29,0.6665423669771696,-0.4056515750262852,2,high volatility (stress/panic)
2022-09-30,0.6798629883274685,-0.38586398886709194,2,high volatility (stress/panic)
2022-10-03,0.6672554256237953,-0.4045823594097754,2,high volatility (stress/panic)
2022-10-04,0.6567330764170379,-0.42047761943211787,2,high volatility (stress/panic)
2022-10-05,0.7236615181537458,-0.3234315122784986,2,high volatility (stress/panic)
2022-10-06,0.7417906241719175,-0.29868825330024446,2,high volatility (stress/panic)
2022-10-07,0.7369737905822769,-0.30520294972871337,2,high volatility (stress/panic)
2022-10-11,0.7240617876501847,-0.3228785481795808,2,high volatility (stress/panic)
2022-10-12,0.7123588723895791,-0.3391734602977324,2,high volatility (stress/panic)
2022-10-13,0.7104674539416743,-0.341832139754301,2,high volatility (stress/panic)
2022-10-14,0.7188140896632517,-0.33015252261869416,2,high volatility (stress/panic)
2022-10-17,0.7096813393904621,-0.3429392274555257,2,high volatility (stress/panic)
2022-10-18,0.7261714135223424,-0.31996918524607426,2,high volatility (stress/panic)
2022-10-19,0.7123549368335811,-0.339178984994654,2,high volatility (stress/panic)
2022-10-20,0.7092261681740887,-0.34358080730419105,2,high volatility (stress/panic)
2022-10-21,0.7010399517462453,-0.35519040106621524,2,high volatility (stress/panic)
2022-10-24,0.6907044136012634,-0.37004331286670605,2,high volatility (stress/panic)
2022-10-25,0.6786926826052728,-0.3875868568168087,2,high volatility (stress/panic)
2022-10-26,0.6864235460158208,-0.3762604277606382,2,high volatility (stress/panic)
2022-10-27,0.705865879752894,-0.3483300315572616,2,high volatility (stress/panic)
2022-10-28,0.710463878846294,-0.34183717179954876,2,high volatility (stress/panic)
2022-10-31,0.7038054180857414,-0.35125335579273925,2,high volatility (stress/panic)
2022-11-01,0.6968768075350396,-0.3611466305647632,2,high volatility (stress/panic)
2022-11-02,0.684159879273721,-0.3795636470446578,2,high volatility (stress/panic)
2022-11-03,0.6712564137429764,-0.398604078280351,2,high volatility (stress/panic)
2022-11-04,0.6966880938431703,-0.3614174664516834,2,high volatility (stress/panic)
2022-11-07,0.7343839054454754,-0.3087233551590879,2,high volatility (stress/panic)
2022-11-08,0.7474835638964277,-0.2910429620574619,2,high volatility (stress/panic)
2022-11-09,0.7545831241146285,-0.2815898357165448,2,high volatility (stress/panic)
2022-11-10,0.7467531937112931,-0.29202054508047603,2,high volatility (stress/panic)
2022-11-14,0.7796685442932387,-0.24888639282625005,2,high volatility (stress/panic)
2022-11-15,0.8231966218983721,-0.1945601980927141,2,high volatility (stress/panic)
2022-11-16,0.8101497771031624,-0.21053613840549604,2,high volatility (stress/panic)
2022-11-17,0.795848729949309,-0.22834614894934005,2,high volatility (stress/panic)
2022-11-18,0.7869473570831689,-0.23959392342060204,2,high volatility (stress/panic)
2022-11-21,0.7720676897791152,-0.2586830517400904,2,high volatility (stress/panic)
2022-11-22,0.7851971092958643,-0.2418204980742997,2,high volatility (stress/panic)
2022-11-23,0.7736131124518626,-0.25668338507477895,2,high volatility (stress/panic)
2022-11-25,0.776774529537538,-0.2526051515004468,2,high volatility (stress/panic)
2022-11-28,0.7653155106772366,-0.26746709792458156,2,high volatility (stress/panic)
2022-11-29,0.751251951786087,-0.28601419508473097,2,high volatility (stress/panic)
2022-11-30,0.7389619428186232,-0.30250885757567947,2,high volatility (stress/panic)
2022-12-01,0.7274131511160115,-0.3182606669721006,2,high volatility (stress/panic)
2022-12-02,0.7845587433050685,-0.24263382968243286,2,high volatility (stress/panic)
2022-12-05,0.7707844746528162,-0.2603464845067163,2,high volatility (stress/panic)
2022-12-06,0.757621972011142,-0.2775707354041827,2,high volatility (stress/panic)
2022-12-07,0.7431975232235052,-0.2967934240721502,2,high volatility (stress/panic)
2022-12-08,0.7292076029064211,-0.31579680986552544,2,high volatility (stress/panic)
2022-12-09,0.7206512260180709,-0.3275999951874623,2,high volatility (stress/panic)
2022-12-12,0.7069508399458161,-0.3467941488187947,2,high volatility (stress/panic)
2022-12-13,0.693570768261695,-0.36590199935534856,2,high volatility (stress/panic)
2022-12-14,0.6981440719616078,-0.3593297906969342,2,high volatility (stress/panic)
2022-12-15,0.6864752414620422,-0.37618511930131504,2,high volatility (stress/panic)
2022-12-16,0.6741218448666291,-0.3943444056744652,2,high volatility (stress/panic)
2022-12-19,0.6632381718380351,-0.4106211197636634,2,high volatility (stress/panic)
2022-12-20,0.6512454786243816,-0.4288686285499746,2,high volatility (stress/panic)
2022-12-21,0.6393029206588416,-0.4473768826936259,2,high volatility (stress/panic)
2022-12-22,0.630556520985083,-0.46115248289226046,2,high volatility (stress/panic)
2022-12-23,0.6189785945803696,-0.4796845875410717,2,high volatility (stress/panic)
2022-12-27,0.610431378749306,-0.49358939346996306,2,high volatility (stress/panic)
2022-12-28,0.602083580532335,-0.5073590052168524,2,high volatility (stress/panic)
2022-12-29,0.5935467308294975,-0.5216393303244028,2,high volatility (stress/panic)
2022-12-30,0.5885595394256001,-0.5300771859029495,2,high volatility (stress/panic)
2023-01-03,0.5802060474755675,-0.5443719842613087,2,high volatility (stress/panic)
2023-01-04,0.622535447936145,-0.47395470778881454,2,high volatility (stress/panic)
2023-01-05,0.6211021868509339,-0.47625965849096763,2,high volatility (stress/panic)
2023-01-06,0.6349222890444349,-0.45425266703600503,2,high volatility (stress/panic)
2023-01-09,0.6480408789334383,-0.43380149984579847,2,high volatility (stress/panic)
2023-01-10,0.6847973449239372,-0.37863233131758645,2,high volatility (stress/panic)
2023-01-11,0.6729208936606863,-0.39612749909798933,2,high volatility (stress/panic)
2023-01-12,0.6602189503364757,-0.4151837560421321,2,high volatility (stress/panic)
2023-01-13,0.6648740744285724,-0.4081576180190303,2,high volatility (stress/panic)
2023-01-17,0.6526208016133573,-0.4267590203487537,2,high volatility (stress/panic)
2023-01-18,0.641055763156817,-0.44463883184083125,2,high volatility (stress/panic)
2023-01-19,0.6320134776688436,-0.45884455963727777,2,high volatility (stress/panic)
2023-01-20,0.6208053512772809,-0.47673769018043305,2,high volatility (stress/panic)
2023-01-23,0.6103612086122295,-0.49370435179765965,2,high volatility (stress/panic)
2023-01-24,0.6020782749358822,-0.5073678173153735,2,high volatility (stress/panic)
2023-01-25,0.590993949363367,-0.5259494995922932,2,high volatility (stress/panic)
2023-01-26,0.5821626578478092,-0.5410053894600334,2,high volatility (stress/panic)
2023-01-27,0.5745425828636994,-0.5541810628323655,2,high volatility (stress/panic)
2023-01-30,0.5640234759168204,-0.5726594043843377,2,high volatility (stress/panic)
2023-01-31,0.5538481393623101,-0.5908647464862264,1,normal volatility
2023-02-01,0.5437646638396223,-0.6092387289619581,1,normal volatility
2023-02-02,0.544088774204131,-0.6086428575646464,1,normal volatility
2023-02-03,0.5340114877547781,-0.6273379276039387,1,normal volatility
2023-02-06,0.5492741435514822,-0.5991576113753966,1,normal volatility
2023-02-07,0.5695265365001666,-0.5629499010432117,1,normal volatility
2023-02-08,0.5596953323502366,-0.5803626926760802,1,normal volatility
2023-02-09,0.5518780273257409,-0.5944282221110018,1,normal volatility
2023-02-10,0.5439054223323209,-0.6089799032476649,1,normal volatility
2023-02-13,0.5581744730075231,-0.5830836898329446,1,normal volatility
2023-02-14,0.5548035966518672,-0.5891411077725185,1,normal volatility
2023-02-15,0.5445598571297525,-0.6077774122015314,1,normal volatility
2023-02-16,0.5389431460323242,-0.6181451940961047,1,normal volatility
2023-02-17,0.5289731071355114,-0.636817685589037,1,normal volatility
2023-02-21,0.5192939298602585,-0.6552852172811398,1,normal volatility
2023-02-22,0.5110621444657037,-0.6712640827369275,1,normal volatility
2023-02-23,0.5053197741814496,-0.6825638339026736,1,normal volatility
2023-02-24,0.5012152234498095,-0.6907196824194903,1,normal volatility
2023-02-27,0.4967601013026707,-0.699648062975539,1,normal volatility
2023-02-28,0.4967150868635118,-0.6997386831333968,1,normal volatility
2023-03-01,0.4877684286059386,-0.7179145172999224,1,normal volatility
2023-03-02,0.4967121721083015,-0.6997445512131862,1,normal volatility
2023-03-03,0.5080120729023482,-0.677250066130248,1,normal volatility
2023-03-06,0.5002333373248822,-0.692680614768929,1,normal volatility
2023-03-07,0.5113621769625082,-0.6706771786519432,1,normal volatility
2023-03-08,0.5476042140259307,-0.6022024901519988,1,normal volatility
2023-03-09,0.5391489455438837,-0.6177634094310147,1,normal volatility
2023-03-10,0.5317511569430171,-0.6315796491768098,1,normal volatility
2023-03-13,0.5431666952842561,-0.6103390166860604,1,normal volatility
2023-03-14,0.5498973788578806,-0.5980236020593234,1,normal volatility
2023-03-15,0.5400157643048348,-0.6161569466928275,1,normal volatility
2023-03-16,0.6291771810826932,-0.46334237501209347,2,high volatility (stress/panic)
2023-03-17,0.6377638715206374,-0.44978717147839453,2,high volatility (stress/panic)
2023-03-20,0.62747825244476,-0.46604626603533156,2,high volatility (stress/panic)
2023-03-21,0.630693874102867,-0.4609346782138842,2,high volatility (stress/panic)
2023-03-22,0.6247259260184365,-0.4704422437935359,2,high volatility (stress/panic)
2023-03-23,0.614439357039278,-0.4870450415191638,2,high volatility (stress/panic)
2023-03-24,0.628033204584503,-0.46516224036949266,2,high volatility (stress/panic)
2023-03-27,0.6568590452110153,-0.4202858265729959,2,high volatility (stress/panic)
2023-03-28,0.6463555272418776,-0.436405574819915,2,high volatility (stress/panic)
2023-03-29,0.6419101528670385,-0.4433069338911597,2,high volatility (stress/panic)
2023-03-30,0.6305718509600537,-0.461128171370432,2,high volatility (stress/panic)
2023-03-31,0.632428618555529,-0.45818792078787296,2,high volatility (stress/panic)
2023-04-03,0.6222869501407299,-0.4743539579936629,2,high volatility (stress/panic)
2023-04-04,0.6115833499551176,-0.4917040290467929,2,high volatility (stress/panic)
2023-04-05,0.6096274690737079,-0.4949072148084587,2,high volatility (stress/panic)
2023-04-06,0.6009199171454267,-0.5092936026674638,2,high volatility (stress/panic)
2023-04-07,0.5899064946599669,-0.5277912382694037,2,high volatility (stress/panic)
2023-04-10,0.5793571216814318,-0.5458362010774097,2,high volatility (stress/panic)
2023-04-11,0.582913342064843,-0.5397167450780831,2,high volatility (stress/panic)
2023-04-12,0.5841638352880968,-0.537573795620985,2,high volatility (stress/panic)
2023-04-13,0.5911016291462164,-0.5257673150293781,2,high volatility (stress/panic)
2023-04-14,0.5920556467014155,-0.5241546507092032,2,high volatility (stress/panic)
2023-04-17,0.5950713271282075,-0.5190740030948445,2,high volatility (stress/panic)
2023-04-18,0.5948928562437293,-0.5193739631916445,2,high volatility (stress/panic)
2023-04-19,0.5888306618952699,-0.5296166376936,2,high volatility (stress/panic)
2023-04-20,0.577871188685717,-0.548404292091185,2,high volatility (stress/panic)
2023-04-21,0.5679386356760162,-0.5657419018789327,2,high volatility (stress/panic)
2023-04-24,0.5573959440992302,-0.5844794404242896,1,normal volatility
2023-04-25,0.5553988173676876,-0.5880688334460809,1,normal volatility
2023-04-26,0.5546513410726743,-0.5894155769284464,1,normal volatility
2023-04-27,0.5642703091875806,-0.5722218706888471,1,normal volatility
2023-04-28,0.5570297221182051,-0.5851366794045276,1,normal volatility
2023-05-01,0.5482442556310556,-0.6010343693841638,1,normal volatility
2023-05-02,0.5516982837050297,-0.5947539696293273,1,normal volatility
2023-05-03,0.5436357739331914,-0.6094757895746952,1,normal volatility
2023-05-04,0.5414879930737883,-0.6134343862425344,1,normal volatility
2023-05-05,0.5359173199067508,-0.6237753837150078,1,normal volatility
2023-05-08,0.5269118052253656,-0.6407220969593068,1,normal volatility
2023-05-09,0.5172697165413446,-0.6591908450716583,1,normal volatility
2023-05-10,0.5210005049451353,-0.6520042680447191,1,normal volatility
2023-05-11,0.511961440041314,-0.6695059691980604,1,normal volatility
2023-05-12,0.5100610045906819,-0.6732249435728155,1,normal volatility
2023-05-15,0.5116672228581866,-0.670080820610283,1,normal volatility
2023-05-16,0.5033505749681968,-0.6864683835242603,1,normal volatility
2023-05-17,0.4942894413161675,-0.7046340197790869,1,normal volatility
2023-05-18,0.4893223810246204,-0.7147337408285432,1,normal volatility
2023-05-19,0.4897866736594748,-0.7137853425527143,1,normal volatility
2023-05-22,0.4871394206828636,-0.719204912101472,1,normal volatility
2023-05-23,0.4787565148030832,-0.7365631306360917,1,normal volatility
2023-05-24,0.4740582565288797,-0.7464250607697805,1,normal volatility
2023-05-25,0.4659702347908445,-0.7636335207359013,1,normal volatility
2023-05-26,0.4612193358875746,-0.7738815662978668,1,normal volatility
2023-05-30,0.4533374630214197,-0.7911184793555684,1,normal volatility
2023-05-31,0.4454961744119984,-0.8085666192865979,1,normal volatility
2023-06-01,0.4541452168669903,-0.7893382711448866,1,normal volatility
2023-06-02,0.480211681319855,-0.7335282695436354,1,normal volatility
2023-06-05,0.4740331737559938,-0.7464779729090332,1,normal volatility
2023-06-06,0.4654348921634104,-0.7647830585060797,1,normal volatility
2023-06-07,0.4592904747788506,-0.778072426426615,1,normal volatility
2023-06-08,0.4511947123943266,-0.795856297851161,1,normal volatility
2023-06-09,0.4651115305909349,-0.7654780514211759,1,normal volatility
2023-06-12,0.4599296162487736,-0.7766818093607782,1,normal volatility
2023-06-13,0.4516170089012974,-0.7949207837726247,1,normal volatility
2023-06-14,0.45097341418292,-0.7963468898136252,1,normal volatility
2023-06-15,0.4590173231572188,-0.7786673285505032,1,normal volatility
2023-06-16,0.4697664666963242,-0.7555195871330163,1,normal volatility
2023-06-20,0.461422739627264,-0.7734406504793004,1,normal volatility
2023-06-21,0.455123982212352,-0.7871854087706066,1,normal volatility
2023-06-22,0.4561500645194716,-0.7849334347471218,1,normal volatility
2023-06-23,0.4479350254185872,-0.8031070896331852,1,normal volatility
2023-06-26,0.4548402966193848,-0.7878089180857678,1,normal volatility
2023-06-27,0.4485917251907355,-0.8016421029182837,1,normal volatility
2023-06-28,0.4498714264771224,-0.7987934559829324,1,normal volatility
2023-06-29,0.4528723201809797,-0.7921450471325022,1,normal volatility
2023-06-30,0.4464718208911905,-0.8063789917631293,1,normal volatility
2023-07-03,0.4440369304774406,-0.8118475432579142,1,normal volatility
2023-07-05,0.4360561660268213,-0.829984222767402,1,normal volatility
2023-07-06,0.4374761024620873,-0.8267331976201557,1,normal volatility
2023-07-07,0.4297515923421885,-0.8445479294504443,1,normal volatility
2023-07-10,0.4521866822825217,-0.7936601705172854,1,normal volatility
2023-07-11,0.4466910281420018,-0.8058881355761531,1,normal volatility
2023-07-12,0.4386626065157928,-0.8240247114709045,1,normal volatility
2023-07-13,0.4884255618077218,-0.7165682002615169,1,normal volatility
2023-07-14,0.4953106538620858,-0.7025701297018849,1,normal volatility
2023-07-17,0.4920311115400733,-0.7092133296515196,1,normal volatility
2023-07-18,0.4830340867367054,-0.7276680548658767,1,normal volatility
2023-07-19,0.4747025403174796,-0.7450669020225422,1,normal volatility
2023-07-20,0.4684518362210723,-0.7583219868123419,1,normal volatility
2023-07-21,0.4712947196343019,-0.7522716489465289,1,normal volatility
2023-07-24,0.4634063308797384,-0.7691510052736903,1,normal volatility
2023-07-25,0.4593974473609421,-0.7778395452054799,1,normal volatility
2023-07-26,0.4546180030315423,-0.7882977664306664,1,normal volatility
2023-07-27,0.44920772077771,-0.8002698684255982,1,normal volatility
2023-07-28,0.4624988414796788,-0.7711112269415971,1,normal volatility
2023-07-31,0.4599637371363166,-0.7766076249187817,1,normal volatility
2023-08-01,0.4527890195780908,-0.792329002435587,1,normal volatility
2023-08-02,0.4526803003936425,-0.792569141295232,1,normal volatility
2023-08-03,0.4479482681713152,-0.8030775260665383,1,normal volatility
2023-08-04,0.4401479325108156,-0.8206443983239784,1,normal volatility
2023-08-07,0.4601051716828431,-0.7763001815386503,1,normal volatility
2023-08-08,0.4560233217357947,-0.7852113266181243,1,normal volatility
2023-08-09,0.4558191900323179,-0.7856590611868737,1,normal volatility
2023-08-10,0.4496902404298147,-0.799196287842989,1,normal volatility
2023-08-11,0.4476154549217226,-0.80382077471838,1,normal volatility
2023-08-14,0.4513972324321401,-0.795407545693837,1,normal volatility
2023-08-15,0.447400932526818,-0.804300145603698,1,normal volatility
2023-08-16,0.4395046516584173,-0.822106977934719,1,normal volatility
2023-08-17,0.4335999725872396,-0.8356328920780135,1,normal volatility
2023-08-18,0.4290226917719034,-0.8462454668797873,1,normal volatility
2023-08-21,0.4213726075895412,-0.8642377830719358,1,normal volatility
2023-08-22,0.4145847105046695,-0.8804779573626531,1,normal volatility
2023-08-23,0.4138332662488635,-0.8822921248070804,1,normal volatility
2023-08-24,0.4075775967102395,-0.8975239430542475,1,normal volatility
2023-08-25,0.4053158996606565,-0.9030885167547386,1,normal volatility
2023-08-28,0.4040424494853298,-0.9062353335572767,1,normal volatility
2023-08-29,0.3991682625188326,-0.9183722404136712,1,normal volatility
2023-08-30,0.3991302985530919,-0.9184673526125917,1,normal volatility
2023-08-31,0.4144717132219585,-0.8807505498670396,1,normal volatility
2023-09-01,0.4350799004760396,-0.8322255855051585,1,normal volatility
2023-09-05,0.4370516909228524,-0.8277038050171174,1,normal volatility
2023-09-06,0.4422873513099596,-0.8157954920524739,1,normal volatility
2023-09-07,0.4349168584412571,-0.8326003961812216,1,normal volatility
2023-09-08,0.4274661109652929,-0.8498802663433664,1,normal volatility
2023-09-11,0.4199620710068651,-0.8675908789091688,1,normal volatility
2023-09-12,0.4174628960666134,-0.8735596103372845,1,normal volatility
2023-09-13,0.4112442360419832,-0.8885679927041606,1,normal volatility
2023-09-14,0.4045090870127831,-0.9050810779329957,1,normal volatility
2023-09-15,0.4206668525605212,-0.8659140826462036,1,normal volatility
2023-09-18,0.4139228246579073,-0.8820757364038369,1,normal volatility
2023-09-19,0.4086424367260788,-0.8949147431416486,1,normal volatility
2023-09-20,0.4018603957127965,-0.9116505250230931,1,normal volatility
2023-09-21,0.3988989376509702,-0.919047183270687,1,normal volatility
2023-09-22,0.4023434016197054,-0.9104493221275387,1,normal volatility
2023-09-25,0.3953065595528013,-0.9280937149573172,1,normal volatility
2023-09-26,0.4078202695260979,-0.8969287175010012,1,normal volatility
2023-09-27,0.4018746783420049,-0.9116149843837184,1,normal volatility
2023-09-28,0.4110476355004838,-0.8890461697409268,1,normal volatility
2023-09-29,0.4229178989613766,-0.860577211064095,1,normal volatility
2023-10-02,0.4155646321816972,-0.8781171239998459,1,normal volatility
2023-10-03,0.4359016410013644,-0.8303386551168322,1,normal volatility
2023-10-04,0.4365713211230677,-0.8288035238696972,1,normal volatility
2023-10-05,0.4454867714071031,-0.8085877263233594,1,normal volatility
2023-10-06,0.4378306321326347,-0.8259231280161585,1,normal volatility
2023-10-10,0.4484654472989683,-0.8019236410330748,1,normal volatility
2023-10-11,0.4423143039972735,-0.8157345545962517,1,normal volatility
2023-10-12,0.4343958842195518,-0.8337989850400037,1,normal volatility
2023-10-13,0.4435129580821992,-0.8130282598866184,1,normal volatility
2023-10-16,0.4452654158356767,-0.8090847345354147,1,normal volatility
2023-10-17,0.4448706645276923,-0.8099716805711301,1,normal volatility
2023-10-18,0.4454671119241835,-0.8086318576376521,1,normal volatility
2023-10-19,0.451203736818495,-0.7958362968766988,1,normal volatility
2023-10-20,0.4486823964448096,-0.8014399991192407,1,normal volatility
2023-10-23,0.442534896277132,-0.8152359560003326,1,normal volatility
2023-10-24,0.4458151472582316,-0.8078508809085584,1,normal volatility
2023-10-25,0.4473006549826992,-0.8045243042414798,1,normal volatility
2023-10-26,0.4397416012865231,-0.8215679943836411,1,normal volatility
2023-10-27,0.4416001624031577,-0.8173504162585453,1,normal volatility
2023-10-30,0.4476370924796545,-0.8037724362735492,1,normal volatility
2023-10-31,0.4426625431403242,-0.814947552852305,1,normal volatility
2023-11-01,0.4447105627028493,-0.8103316293238033,1,normal volatility
2023-11-02,0.4400214712603875,-0.8209317549413669,1,normal volatility
2023-11-03,0.4565515305488615,-0.7840537035020988,1,normal volatility
2023-11-06,0.4947895528109094,-0.7036227526501077,1,normal volatility
2023-11-07,0.4864466884955581,-0.7206279650757861,1,normal volatility
2023-11-08,0.4894330249305524,-0.7145076498036965,1,normal volatility
2023-11-09,0.4832641092118113,-0.727191964813313,1,normal volatility
2023-11-13,0.474517112950867,-0.7454575963541077,1,normal volatility
2023-11-14,0.4661967690399206,-0.7631474828207965,1,normal volatility
2023-11-15,0.5417955502546272,-0.6128665622577675,1,normal volatility
2023-11-16,0.5319201282041598,-0.63126193586646,1,normal volatility
2023-11-17,0.5220938814162772,-0.6499078578140032,1,normal volatility
2023-11-20,0.5149923580393206,-0.663603217187097,1,normal volatility
2023-11-21,0.5191147586060421,-0.6556303054106681,1,normal volatility
2023-11-22,0.5109486386166124,-0.6714862053435319,1,normal volatility
2023-11-24,0.5097677002564706,-0.673800146723902,1,normal volatility
2023-11-27,0.5129617753442443,-0.6675539485870483,1,normal volatility
2023-11-28,0.5035664228791542,-0.6860396532223086,1,normal volatility
2023-11-29,0.5097542187185242,-0.6738265935078233,1,normal volatility
2023-11-30,0.5046852315309972,-0.6838203479404251,1,normal volatility
2023-12-01,0.5067811073078784,-0.6796761096280398,1,normal volatility
2023-12-04,0.5001976923435424,-0.6927518740167886,1,normal volatility
2023-12-05,0.5001519149454162,-0.6928433968160672,1,normal volatility
2023-12-06,0.4952786157187741,-0.7026348147218154,1,normal volatility
2023-12-07,0.4862563280016636,-0.7210193702489915,1,normal volatility
2023-12-08,0.4774522945836207,-0.7392910306835129,1,normal volatility
2023-12-11,0.4764143858936927,-0.7414672448668799,1,normal volatility
2023-12-12,0.4677551158437138,-0.759810376755276,1,normal volatility
2023-12-13,0.4658994652094445,-0.7637854080255857,1,normal volatility
2023-12-14,0.4574995440922274,-0.7819793907867791,1,normal volatility
2023-12-15,0.5776392424778369,-0.5488057531334046,1,normal volatility
2023-12-18,0.5888791067844185,-0.5295343680369082,1,normal volatility
2023-12-19,0.5784482573298662,-0.5474061791665163,1,normal volatility
2023-12-20,0.5767020784554963,-0.5504294743175052,1,normal volatility
2023-12-21,0.5669702052210991,-0.5674485247460217,1,normal volatility
2023-12-22,0.559557229420378,-0.5806094697401255,1,normal volatility
2023-12-26,0.5501273148805117,-0.597605545942422,1,normal volatility
2023-12-27,0.5420889099253557,-0.6123252505429688,1,normal volatility
2023-12-28,0.5499105977638719,-0.5979995634884585,1,normal volatility
2023-12-29,0.5442682996784891,-0.6083129557699242,1,normal volatility
2024-01-02,0.5344859409354145,-0.6264498520708033,1,normal volatility
2024-01-03,0.5556908545580539,-0.5875431563482366,1,normal volatility
2024-01-04,0.5517598651800464,-0.5946423542044146,1,normal volatility
2024-01-05,0.5483014870895765,-0.6009299843934732,1,normal volatility
2024-01-08,0.5381300623681645,-0.6196549964238766,1,normal volatility
2024-01-09,0.5293017875213732,-0.6361965229816849,1,normal volatility
2024-01-10,0.5243852523406083,-0.6455286504083231,1,normal volatility
2024-01-11,0.5166970464475379,-0.660298559889702,1,normal volatility
2024-01-12,0.5080049646525493,-0.6772640585133208,1,normal volatility
2024-01-16,0.4995362093827908,-0.6940751922640546,1,normal volatility
2024-01-17,0.508677129151607,-0.6759417875672928,1,normal volatility
2024-01-18,0.5010577040862695,-0.6910340067128226,1,normal volatility
2024-01-19,0.4919727580025556,-0.7093319339363041,1,normal volatility
2024-01-22,0.4849570970178267,-0.7236948517145073,1,normal volatility
2024-01-23,0.476354943817168,-0.7415920223439633,1,normal volatility
2024-01-24,0.4819442034224963,-0.7299269321665446,1,normal volatility
2024-01-25,0.4904904963719608,-0.7123493755528837,1,normal volatility
2024-01-26,0.4945430637355375,-0.7041210463004929,1,normal volatility
2024-01-29,0.4883538419091696,-0.7167150499973082,1,normal volatility
2024-01-30,0.4906142503834815,-0.7120971007318999,1,normal volatility
2024-01-31,0.4863112926091538,-0.7209063403549587,1,normal volatility
2024-02-01,0.477883591436139,-0.7383881087099291,1,normal volatility
2024-02-02,0.4695655223841561,-0.7559474322773727,1,normal volatility
2024-02-05,0.4813022651249644,-0.7312597964199375,1,normal volatility
2024-02-06,0.4811197709008347,-0.7316390359208752,1,normal volatility
2024-02-07,0.473187817370548,-0.7482628924110347,1,normal volatility
2024-02-08,0.465790905842687,-0.7640184454608147,1,normal volatility
2024-02-09,0.4574585477649434,-0.7820690043497965,1,normal volatility
2024-02-12,0.4494578259957848,-0.7997132537307764,1,normal volatility
2024-02-13,0.4415593334883286,-0.8174428772807008,1,normal volatility
2024-02-14,0.4441356043262566,-0.8116253480303984,1,normal volatility
2024-02-15,0.4370597619159996,-0.8276853382801327,1,normal volatility
2024-02-16,0.4318903754531411,-0.8395834834658131,1,normal volatility
2024-02-20,0.4244514096857611,-0.8569577445979714,1,normal volatility
2024-02-21,0.42482650375305,-0.8560744198682385,1,normal volatility
2024-02-22,0.4173384721396918,-0.8738577026322464,1,normal volatility
2024-02-23,0.4099516830202363,-0.89171597252031,1,normal volatility
2024-02-26,0.4034374751191055,-0.9077337596134177,0,low volatility
2024-02-27,0.3993794664217721,-0.9178432703841792,0,low volatility
2024-02-28,0.3923872779508301,-0.9355059729407912,0,low volatility
2024-02-29,0.3862550672240156,-0.9512573318296579,0,low volatility
2024-03-01,0.3847435126566411,-0.9551783675966161,0,low volatility
2024-03-04,0.3808055823206816,-0.965466316716804,0,low volatility
2024-03-05,0.3781517216186375,-0.972459783950445,0,low volatility
2024-03-06,0.3715959842887844,-0.9899480786434056,0,low volatility
2024-03-07,0.3769533840109654,-0.9756337490176858,0,low volatility
2024-03-08,0.3738712278750181,-0.983843851350677,0,low volatility
2024-03-11,0.3674107544777767,-1.001274834779288,0,low volatility
2024-03-12,0.361752644397599,-1.0167946034831663,0,low volatility
2024-03-13,0.3559447467084794,-1.0329797660508426,0,low volatility
2024-03-14,0.3530358150879495,-1.0411857680228125,0,low volatility
2024-03-15,0.3606241457047791,-1.0199190106521343,0,low volatility
2024-03-18,0.3544566182552671,-1.0371693149545478,0,low volatility
2024-03-19,0.3484330140559542,-1.0543092794347233,0,low volatility
2024-03-20,0.3457302798357036,-1.0620963459692911,0,low volatility
2024-03-21,0.3399194916472783,-1.079046478683647,0,low volatility
2024-03-22,0.3343631880864625,-1.095527487304718,0,low volatility
2024-03-25,0.337761288438876,-1.0854158802314322,0,low volatility
2024-03-26,0.334139447223595,-1.0961968664796198,0,low volatility
2024-03-27,0.3288268265080603,-1.1122240299918884,0,low volatility
2024-03-28,0.32363926529901,-1.1281257621630765,0,low volatility
2024-03-29,0.3201818777240987,-1.1388660767604082,0,low volatility
2024-04-01,0.315370545604542,-1.1540069962441908,0,low volatility
2024-04-02,0.326897820892187,-1.118107631250981,0,low volatility
2024-04-03,0.3281617236869395,-1.1142487320909875,0,low volatility
2024-04-04,0.3393612912885919,-1.080689983102896,0,low volatility
2024-04-05,0.3406972629364565,-1.076760987994517,0,low volatility
2024-04-08,0.3375508024638182,-1.0860392541787063,0,low volatility
2024-04-09,0.3326598857877366,-1.1006346749501246,0,low volatility
2024-04-10,0.3271811286409121,-1.1172413512196653,0,low volatility
2024-04-11,0.385310828804573,-0.9537049228797297,0,low volatility
2024-04-12,0.379483092279015,-0.9689452357634165,0,low volatility
2024-04-15,0.3964432889985065,-0.9252222771444081,0,low volatility
2024-04-16,0.3895111215471666,-0.9428628606844518,0,low volatility
2024-04-17,0.3837263874080658,-0.9578255131580444,0,low volatility
2024-04-18,0.3782553531185503,-0.9721857740845347,0,low volatility
2024-04-19,0.3729181214887213,-0.9863963968699856,0,low volatility
2024-04-22,0.3665632154280759,-1.003584288414301,0,low volatility
2024-04-23,0.3602640615155367,-1.0209180122048938,0,low volatility
2024-04-24,0.3616625827599531,-1.0170435936474047,0,low volatility
2024-04-25,0.3557208080219657,-1.033609102942073,0,low volatility
2024-04-26,0.3552070962949082,-1.0350542897559487,0,low volatility
2024-04-29,0.3546377741724061,-1.0366583648666194,0,low volatility
2024-04-30,0.3532505415889889,-1.0405777242580558,0,low volatility
2024-05-01,0.3521393278363276,-1.0437283639823676,0,low volatility
2024-05-02,0.3462130372358726,-1.0607009788443034,0,low volatility
2024-05-03,0.3437507097640638,-1.067838565235302,0,low volatility
2024-05-06,0.3574239899560913,-1.0288325549613928,0,low volatility
2024-05-07,0.3517498612891322,-1.0448349773327563,0,low volatility
2024-05-08,0.3463804029164741,-1.0602176774609622,0,low volatility
2024-05-09,0.3411417633215078,-1.0754571598740867,0,low volatility
2024-05-10,0.3367341061798163,-1.0884616624897965,0,low volatility
2024-05-13,0.3311329033933042,-1.1052354633672974,0,low volatility
2024-05-14,0.3283672322669115,-1.1136226863246268,0,low volatility
2024-05-15,0.325448620072962,-1.1225506790312274,0,low volatility
2024-05-16,0.3289763137181172,-1.111769525586273,0,low volatility
2024-05-17,0.3247097177366841,-1.1248236719667488,0,low volatility
2024-05-20,0.3194905628982046,-1.1410275426955974,0,low volatility
2024-05-21,0.314521456077858,-1.156702982345635,0,low volatility
2024-05-22,0.3095405361401597,-1.172666222444492,0,low volatility
2024-05-23,0.3062826971864197,-1.1832467564993154,0,low volatility
2024-05-24,0.3017145603127502,-1.198273873084226,0,low volatility
2024-05-28,0.3003799414806985,-1.2027071340222908,0,low volatility
2024-05-29,0.2996385995178274,-1.2051781987959453,0,low volatility
2024-05-30,0.318377291921024,-1.144518146898772,0,low volatility
2024-05-31,0.316750475072604,-1.1496409599474309,0,low volatility
2024-06-03,0.3120430901928889,-1.1646139911163138,0,low volatility
2024-06-04,0.3170710459683818,-1.148629410441866,0,low volatility
2024-06-05,0.3125370476156233,-1.163032264462463,0,low volatility
2024-06-06,0.3082401029290147,-1.1768762447393792,0,low volatility
2024-06-07,0.3050594577885062,-1.1872485778048811,0,low volatility
2024-06-10,0.3288519108308878,-1.1121477486058087,0,low volatility
2024-06-11,0.3383043184611025,-1.0838094380948542,0,low volatility
2024-06-12,0.3341015430099294,-1.09631031122264,0,low volatility
2024-06-13,0.3837082173289948,-0.9578728659330229,0,low volatility
2024-06-14,0.4075064362189331,-0.89769855202366,0,low volatility
2024-06-17,0.4130038577286837,-0.8842983453173107,0,low volatility
2024-06-18,0.4081150530285067,-0.8962061516135202,0,low volatility
2024-06-20,0.4020221823975353,-0.91124801179211,0,low volatility
2024-06-21,0.398724435201382,-0.9194847392859985,0,low volatility
2024-06-24,0.3924638780855267,-0.935310776350073,0,low volatility
2024-06-25,0.3903403319704311,-0.9407362743146401,0,low volatility
2024-06-26,0.3854519978608278,-0.9533386128996699,0,low volatility
2024-06-27,0.3808910958404481,-0.9652417824039272,0,low volatility
2024-06-28,0.3773549366572453,-0.9745690579007791,0,low volatility
2024-07-01,0.3708736692619006,-0.9918937884816651,0,low volatility
2024-07-02,0.3658602540293864,-1.0055038380842716,0,low volatility
2024-07-03,0.3599922852885413,-1.0216726775156537,0,low volatility
2024-07-05,0.371270685462187,-0.9908238720007757,0,low volatility
2024-07-08,0.3686901436400064,-0.997798706835989,0,low volatility
2024-07-09,0.3625978289518079,-1.0144609681260626,0,low volatility
2024-07-10,0.3584237316579174,-1.0260393845101297,0,low volatility
2024-07-11,0.3528146933224023,-1.0418123079775083,0,low volatility
2024-07-12,0.3570575743418971,-1.029858237539158,0,low volatility
2024-07-15,0.3557192784915148,-1.0336134027572785,0,low volatility
2024-07-16,0.3501663976560232,-1.0493468156014985,0,low volatility
2024-07-17,0.3473938698662086,-1.0572960710815154,0,low volatility
2024-07-18,0.3522261071719766,-1.043481959682057,0,low volatility
2024-07-19,0.347936659759081,-1.0557348279604397,0,low volatility
2024-07-22,0.3447701701344025,-1.0648772574664258,0,low volatility
2024-07-23,0.3392074306374042,-1.081143468944058,0,low volatility
2024-07-24,0.3363233262396899,-1.0896823012387173,0,low volatility
2024-07-25,0.3307069730005836,-1.106522573638872,0,low volatility
2024-07-26,0.3255713554996617,-1.1221736232333746,0,low volatility
2024-07-29,0.3201990750357774,-1.1388123671314485,0,low volatility
2024-07-30,0.3226752009835586,-1.1311090313942365,0,low volatility
2024-07-31,0.3178018849309531,-1.1463270937109777,0,low volatility
2024-08-01,0.3136890061090815,-1.1593532102744055,0,low volatility
2024-08-02,0.3143035536281688,-1.1573960287577452,0,low volatility
2024-08-05,0.3816901065983006,-0.9631462388796738,0,low volatility
2024-08-06,0.3829064539825148,-0.9599645651107378,0,low volatility
2024-08-07,0.3800526626797247,-0.9674454498645825,0,low volatility
2024-08-08,0.3734551629981596,-0.9849573271356276,0,low volatility
2024-08-09,0.3674610027128661,-1.0011380810268788,0,low volatility
2024-08-12,0.3617269285877282,-1.016865692732516,0,low volatility
2024-08-13,0.3555912312922148,-1.0339734345547058,0,low volatility
2024-08-14,0.3526876546187127,-1.0421724448514207,0,low volatility
2024-08-15,0.3682937493390295,-0.998874427331316,0,low volatility
2024-08-16,0.3678580806235492,-1.0000580656749625,0,low volatility
2024-08-19,0.3620122587874564,-1.016077203675993,0,low volatility
2024-08-20,0.379087908798911,-0.9699871514583033,0,low volatility
2024-08-21,0.3779497733070676,-0.9729939670402218,0,low volatility
2024-08-22,0.3771154295902325,-0.9752039591130016,0,low volatility
2024-08-23,0.3738418416813857,-0.9839224542127748,0,low volatility
2024-08-26,0.3831148980772377,-0.9594203398112546,0,low volatility
2024-08-27,0.376962272593029,-0.9756101692392686,0,low volatility
2024-08-28,0.3704776524200683,-0.9929621534199017,0,low volatility
2024-08-29,0.3683921880303577,-0.9986071799551394,0,low volatility
2024-08-30,0.3688034519354737,-0.9974914274316969,0,low volatility
2024-09-03,0.3651474762557244,-1.0074539624674275,0,low volatility
2024-09-04,0.3600174098290105,-1.021602888065179,0,low volatility
2024-09-05,0.3602476114782817,-1.0209636743027457,0,low volatility
2024-09-06,0.3551352648884832,-1.035256534224518,0,low volatility
2024-09-09,0.3494690095505227,-1.0513403920537163,0,low volatility
2024-09-10,0.3518039704378887,-1.0446811606767363,0,low volatility
2024-09-11,0.3470173852728589,-1.0583803986394333,0,low volatility
2024-09-12,0.3418404458030196,-1.0734111835194986,0,low volatility
2024-09-13,0.3400841822587366,-1.0785620971398464,0,low volatility
2024-09-16,0.3433532165369448,-1.0689955758598861,0,low volatility
2024-09-17,0.3442087094615444,-1.0665070920339939,0,low volatility
2024-09-18,0.3384905742467349,-1.0832590326696911,0,low volatility
2024-09-19,0.3328246632403612,-1.100139464486613,0,low volatility
2024-09-20,0.3318606818102897,-1.1030400312377946,0,low volatility
2024-09-23,0.3270715074823438,-1.1175764546752467,0,low volatility
2024-09-24,0.3253953100393411,-1.1227144972102827,0,low volatility
2024-09-25,0.3220169331118064,-1.133151147516646,0,low volatility
2024-09-26,0.3169081803838854,-1.1491431988478875,0,low volatility
2024-09-27,0.3199590125794885,-1.1395623770811356,0,low volatility
2024-09-30,0.3175151745433224,-1.147229667954244,0,low volatility
2024-10-01,0.3131746634224027,-1.1609942139793603,0,low volatility
2024-10-02,0.3362223066933612,-1.089982710734049,0,low volatility
2024-10-03,0.3318341914540285,-1.1031198581502581,0,low volatility
2024-10-04,0.3318196740395315,-1.1031636081086449,0,low volatility
2024-10-07,0.3395366756534425,-1.0801733093837442,0,low volatility
2024-10-08,0.3349742169073226,-1.0937017145747399,0,low volatility
2024-10-09,0.3295149377562091,-1.1101335914504382,0,low volatility
2024-10-10,0.3256590282568443,-1.121904370569804,0,low volatility
2024-10-11,0.3233987467880052,-1.1288692069610322,0,low volatility
2024-10-15,0.3195910765841237,-1.1407129860551366,0,low volatility
2024-10-16,0.3231709350934025,-1.129573884926652,0,low volatility
2024-10-17,0.3210217664079594,-1.136246350026504,0,low volatility
2024-10-18,0.3219676089827461,-1.1333043317188516,0,low volatility
2024-10-21,0.3182233009132729,-1.1450019385021353,0,low volatility
2024-10-22,0.3186215858792565,-1.143751131512331,0,low volatility
2024-10-23,0.3144509269688118,-1.156927250091701,0,low volatility
2024-10-24,0.3126463586212031,-1.1626825718583305,0,low volatility
2024-10-25,0.3115160779852066,-1.1663043273668587,0,low volatility
2024-10-28,0.3067598133060147,-1.1816902046851725,0,low volatility
2024-10-29,0.3020424386031102,-1.1971877463041434,0,low volatility
2024-10-30,0.2994285384318111,-1.2058794927956278,0,low volatility
2024-10-31,0.3177445876765892,-1.1465074023335213,0,low volatility
2024-11-01,0.3128970253259266,-1.1618811351408362,0,low volatility
2024-11-04,0.3080149709538181,-1.1776068901969283,0,low volatility
2024-11-05,0.3099646309373434,-1.1712970817626374,0,low volatility
2024-11-06,0.3117827748275331,-1.1654485681836075,0,low volatility
2024-11-07,0.4539223936965322,-0.7898290345469466,1,normal volatility
2024-11-08,0.4588415269504737,-0.7790503857250876,1,normal volatility
2024-11-12,0.473715320578107,-0.7471487272108425,1,normal volatility
2024-11-13,0.5071241431948392,-0.6789994469914086,1,normal volatility
2024-11-14,0.5008960079622007,-0.6913567683804089,1,normal volatility
2024-11-15,0.491778038767386,-0.7097278050011141,1,normal volatility
2024-11-18,0.4830920797699815,-0.7275480021535992,1,normal volatility
2024-11-19,0.4784898249375316,-0.7371203328135872,1,normal volatility
2024-11-20,0.4699715274761471,-0.7550831659510501,1,normal volatility
2024-11-21,0.4728694589198186,-0.7489359139515374,1,normal volatility
2024-11-22,0.4717418587310777,-0.7513233524741716,1,normal volatility
2024-11-25,0.4837704415154335,-0.7261447791682671,1,normal volatility
2024-11-26,0.4973037981875707,-0.6985541756723306,1,normal volatility
2024-11-27,0.4882409366951836,-0.7169462722339258,1,normal volatility
2024-11-29,0.5098377623732436,-0.673662716866077,1,normal volatility
2024-12-02,0.5029721460174902,-0.6872204861264443,1,normal volatility
2024-12-03,0.5068948886000231,-0.6794516172003177,1,normal volatility
2024-12-04,0.5016481409199512,-0.689856319547909,1,normal volatility
2024-12-05,0.4927651160439008,-0.7077226565169406,1,normal volatility
2024-12-06,0.4906121689279746,-0.7121013432909381,1,normal volatility
2024-12-09,0.4818342910071292,-0.7301550186334638,1,normal volatility
2024-12-10,0.4732564857682751,-0.7481177842464658,1,normal volatility
2024-12-11,0.4764278935590328,-0.7414388925033623,1,normal volatility
2024-12-12,0.4678008667800933,-0.7597125719477269,1,normal volatility
2024-12-13,0.459475379933763,-0.7776699187442487,1,normal volatility
2024-12-16,0.4520538922559382,-0.793953875602585,1,normal volatility
2024-12-17,0.4447150965030341,-0.8103214344297436,1,normal volatility
2024-12-18,0.4368320321095457,-0.8282065236560928,1,normal volatility
2024-12-19,0.434218841059604,-0.8342066298962258,1,normal volatility
2024-12-20,0.4739559604622536,-0.7466408720206873,1,normal volatility
2024-12-23,0.4850608861207589,-0.7234808575306212,1,normal volatility
2024-12-24,0.4777117521820552,-0.7387477572935762,1,normal volatility
2024-12-26,0.4705468757205718,-0.7538596953326377,1,normal volatility
2024-12-27,0.4667136769714416,-0.762039320753089,1,normal volatility
2024-12-30,0.4582518074833934,-0.7803364479528219,1,normal volatility
2024-12-31,0.455022506559153,-0.7874083962893663,1,normal volatility
2025-01-02,0.4513879543974477,-0.7954280999404685,1,normal volatility
2025-01-03,0.473918317426638,-0.7467202982410489,1,normal volatility
2025-01-06,0.4690835682507471,-0.756974342505212,1,normal volatility
2025-01-07,0.5010728500655098,-0.6910037791557867,1,normal volatility
2025-01-08,0.4945242518554515,-0.7041590859359995,1,normal volatility
2025-01-09,0.4964007033455253,-0.7003718087600108,1,normal volatility
2025-01-10,0.4880601150372138,-0.7173166941641624,1,normal volatility
2025-01-13,0.4920286420519744,-0.709218348631495,1,normal volatility
2025-01-14,0.4860095798419979,-0.7215269436668653,1,normal volatility
2025-01-15,0.5025121576105414,-0.6881354450917488,1,normal volatility
2025-01-16,0.493611275355906,-0.7060069635483215,1,normal volatility
2025-01-17,0.4862754246367272,-0.7209800982457603,1,normal volatility
2025-01-21,0.4782748122996463,-0.7375697905655497,1,normal volatility
2025-01-22,0.5343562730547219,-0.6266924844811469,1,normal volatility
2025-01-23,0.5244924313692537,-0.645324281432449,1,normal volatility
2025-01-24,0.5148164955482242,-0.6639447611390517,1,normal volatility
2025-01-27,0.5353038711952954,-0.6249207097851224,1,normal volatility
2025-01-28,0.5270156442977562,-0.6405250453068928,1,normal volatility
2025-01-29,0.5308031239980736,-0.6333640910891174,1,normal volatility
2025-01-30,0.5213513470315918,-0.6513310940122842,1,normal volatility
2025-01-31,0.5118110107849677,-0.6697998416446329,1,normal volatility
2025-02-03,0.5036887601567952,-0.6857967410381811,1,normal volatility
2025-02-04,0.5448580303410658,-0.6072300130405885,1,normal volatility
2025-02-05,0.5681983365916116,-0.5652847370714181,1,normal volatility
2025-02-06,0.5626992219992588,-0.5750100351646898,1,normal volatility
2025-02-07,0.5601290677472581,-0.57958804368884,1,normal volatility
2025-02-10,0.5543729111424771,-0.5899176938758277,1,normal volatility
2025-02-11,0.5449413766668213,-0.6070770558534548,1,normal volatility
2025-02-12,0.5387445184912207,-0.6185138121101939,1,normal volatility
2025-02-13,0.5358611884346887,-0.6238801282525717,1,normal volatility
2025-02-14,0.5303216655325974,-0.6342715404358202,1,normal volatility
2025-02-18,0.5366228857204424,-0.6224596924024209,1,normal volatility
2025-02-19,0.5319408035964194,-0.63122306726692,1,normal volatility
2025-02-20,0.5303971486553051,-0.6341292159633485,1,normal volatility
2025-02-21,0.5363143812903944,-0.6230347575959514,1,normal volatility
2025-02-24,0.5276089552809279,-0.6393998846648931,1,normal volatility
2025-02-25,0.5196990924358525,-0.6545053032924281,1,normal volatility
2025-02-26,0.5115342348286822,-0.6703407655688326,1,normal volatility
2025-02-27,0.5030569382878587,-0.68705191789737,1,normal volatility
2025-02-28,0.5268681545024324,-0.6408049429511199,1,normal volatility
2025-03-03,0.5175746891358096,-0.6586014374242458,1,normal volatility
2025-03-04,0.5373505107932086,-0.6211046771172026,1,normal volatility
2025-03-05,0.5321610886270216,-0.6308090373035136,1,normal volatility
2025-03-06,0.6739381628899251,-0.3946169187329104,2,high volatility (stress/panic)
2025-03-07,0.6673726818728207,-0.40440664566799434,2,high volatility (stress/panic)
2025-03-10,0.6589483934200454,-0.4171100579860442,2,high volatility (stress/panic)
2025-03-11,0.647620474551385,-0.4344504416324407,2,high volatility (stress/panic)
2025-03-12,0.6554860563582099,-0.4223782477693743,2,high volatility (stress/panic)
2025-03-13,0.6431123012460183,-0.44143591797882487,2,high volatility (stress/panic)
2025-03-14,0.6415665508371389,-0.44384235777087105,2,high volatility (stress/panic)
2025-03-17,0.629939701423323,-0.4621311762037184,2,high volatility (stress/panic)
2025-03-18,0.6245770936776448,-0.4706805083925152,2,high volatility (stress/panic)
2025-03-19,0.6129124049418155,-0.48953324894683736,2,high volatility (stress/panic)
2025-03-20,0.6077451637330245,-0.4979996234761031,2,high volatility (stress/panic)
2025-03-21,0.5984790952971659,-0.513363683086745,2,high volatility (stress/panic)
2025-03-24,0.5918982511313011,-0.5244205319590217,2,high volatility (stress/panic)
2025-03-25,0.5811810382199873,-0.5426929730419203,2,high volatility (stress/panic)
2025-03-26,0.5706450330824558,-0.5609879209852622,2,high volatility (stress/panic)
2025-03-27,0.5614422329092484,-0.5772463900440542,2,high volatility (stress/panic)
2025-03-28,0.5521178292517444,-0.5939937966947356,2,high volatility (stress/panic)
2025-03-31,0.5439530958138422,-0.6088922567738696,2,high volatility (stress/panic)
2025-04-01,0.5364489614601607,-0.6227838538502525,2,high volatility (stress/panic)
2025-04-02,0.5265877997973052,-0.6413372000627753,2,high volatility (stress/panic)
2025-04-03,0.531176474274749,-0.6326609696870416,2,high volatility (stress/panic)
2025-04-04,0.6147296338215115,-0.4865727276391554,2,high volatility (stress/panic)
2025-04-07,0.6067285615863555,-0.4996737681906669,2,high volatility (stress/panic)
2025-04-08,0.6216069551070625,-0.4754472909516203,2,high volatility (stress/panic)
2025-04-09,0.609923177027373,-0.49442226904518816,2,high volatility (stress/panic)
2025-04-10,0.639932558774724,-0.44639248509545043,2,high volatility (stress/panic)
2025-04-11,0.6816916787625186,-0.3831778072853482,2,high volatility (stress/panic)
2025-04-14,0.7070631889132541,-0.3466352409644432,2,high volatility (stress/panic)
2025-04-15,0.6960026490230804,-0.3624018125873162,2,high volatility (stress/panic)
2025-04-16,0.6924111903257583,-0.3675752941616944,2,high volatility (stress/panic)
2025-04-17,0.6974179033687253,-0.3603704734774299,2,high volatility (stress/panic)
2025-04-18,0.6848197846578068,-0.3785995634244476,2,high volatility (stress/panic)
2025-04-21,0.6733686592632542,-0.3954623143788394,2,high volatility (stress/panic)
2025-04-22,0.6903452613928658,-0.37056342770833284,2,high volatility (stress/panic)
2025-04-23,0.6808200138881213,-0.38445730455207533,2,high volatility (stress/panic)
2025-04-24,0.6959390943504081,-0.3624931305940058,2,high volatility (stress/panic)
2025-04-25,0.6831319289528633,-0.38106727707936944,2,high volatility (stress/panic)
2025-04-28,0.6709398924827854,-0.39907572503513694,2,high volatility (stress/panic)
2025-04-29,0.6583432712875555,-0.41802879480229566,2,high volatility (stress/panic)
2025-04-30,0.646114567233826,-0.4367784422647762,2,high volatility (stress/panic)
2025-05-01,0.6388043071626062,-0.44815712008009384,2,high volatility (stress/panic)
2025-05-02,0.6378701817971582,-0.4496204931485234,2,high volatility (stress/panic)
2025-05-05,0.6320557620498363,-0.4587776576359004,2,high volatility (stress/panic)
2025-05-06,0.6206403015893447,-0.47700358935777926,2,high volatility (stress/panic)
2025-05-07,0.6112177317498694,-0.4923020301797884,2,high volatility (stress/panic)
2025-05-08,0.5997785600280381,-0.5111947585077737,2,high volatility (stress/panic)
2025-05-09,0.6121284263390401,-0.49081317152538856,2,high volatility (stress/panic)
2025-05-12,0.6017875552410068,-0.5078507942273172,2,high volatility (stress/panic)
2025-05-13,0.6545108748373472,-0.4238670782815288,2,high volatility (stress/panic)
2025-05-14,0.6537491134617383,-0.425031619685395,2,high volatility (stress/panic)
2025-05-15,0.643587685309702,-0.4406969981213896,2,high volatility (stress/panic)
2025-05-16,0.6320834777470679,-0.45873380851491197,2,high volatility (stress/panic)
2025-05-19,0.6255810938611793,-0.469074311017829,2,high volatility (stress/panic)
2025-05-20,0.6356756489044777,-0.4530668317283538,2,high volatility (stress/panic)
2025-05-21,0.624526161948941,-0.47076205766156504,2,high volatility (stress/panic)
2025-05-22,0.6316921293879205,-0.45935314056950627,2,high volatility (stress/panic)
2025-05-23,0.6286057354096046,-0.4642510305597459,2,high volatility (stress/panic)
2025-05-27,0.6281537443679723,-0.4649703266038866,2,high volatility (stress/panic)
2025-05-28,0.6176187858488514,-0.4818838632327948,2,high volatility (stress/panic)
2025-05-29,0.6097392501460965,-0.4947238719782176,2,high volatility (stress/panic)
2025-05-30,0.6154951787056886,-0.4853281665228513,2,high volatility (stress/panic)
2025-06-02,0.6051319983341015,-0.5023086656842558,2,high volatility (stress/panic)
2025-06-03,0.6113285841444991,-0.49212068343898635,2,high volatility (stress/panic)
2025-06-04,0.6079558966941124,-0.497652937979054,2,high volatility (stress/panic)
2025-06-05,0.6029516080325186,-0.5059183374943577,2,high volatility (stress/panic)
2025-06-06,0.5923205232445822,-0.5237073662158066,2,high volatility (stress/panic)
2025-06-09,0.5856418121571771,-0.535046918342305,2,high volatility (stress/panic)
2025-06-10,0.5767443425116149,-0.5503561912323627,2,high volatility (stress/panic)
2025-06-11,0.5659874013636624,-0.5691834601014923,2,high volatility (stress/panic)
2025-06-12,0.5670627577331658,-0.5672852975466445,2,high volatility (stress/panic)
2025-06-13,0.5760053741732404,-0.5516382881678958,2,high volatility (stress/panic)
2025-06-16,0.5662795703318798,-0.5686673822117267,2,high volatility (stress/panic)
2025-06-17,0.5572613096861077,-0.5847210113884941,1,normal volatility
2025-06-18,0.552134388202528,-0.5939638054472232,1,normal volatility
2025-06-20,0.542343433539649,-0.61185583699126,1,normal volatility
2025-06-23,0.5322948970140805,-0.6305576255221553,1,normal volatility
2025-06-24,0.523391976773614,-0.6474246180566702,1,normal volatility
2025-06-25,0.5271275383138433,-0.6403127515343711,1,normal volatility
2025-06-26,0.5178252219002236,-0.6581175031170606,1,normal volatility
2025-06-27,0.5334284838333676,-0.6284302681474796,1,normal volatility
2025-06-30,0.5237182418661955,-0.646801445639226,1,normal volatility
2025-07-01,0.5197660341149407,-0.6543765030518603,1,normal volatility
2025-07-02,0.510305470856065,-0.672745770107314,1,normal volatility
2025-07-03,0.5015035874432265,-0.6901445181795579,1,normal volatility
2025-07-07,0.4949859955153713,-0.7032258087018085,1,normal volatility
2025-07-08,0.4875726822628706,-0.7183159078360432,1,normal volatility
2025-07-09,0.4804882009058595,-0.732952606740388,1,normal volatility
2025-07-10,0.4717351898200729,-0.7513374893543747,1,normal volatility
2025-07-11,0.4641547264271093,-0.7675373202146293,1,normal volatility
2025-07-14,0.4559714390674297,-0.7853251050533759,1,normal volatility
2025-07-15,0.4493963621661748,-0.7998500141319967,1,normal volatility
2025-07-16,0.449769585477986,-0.799019859622202,1,normal volatility
2025-07-17,0.4420226622964907,-0.8163941260548053,1,normal volatility
2025-07-18,0.4372063649358195,-0.8273499643780878,1,normal volatility
2025-07-21,0.4369392511638805,-0.8279611069047634,1,normal volatility
2025-07-22,0.4407153685363996,-0.8193560347302197,1,normal volatility
2025-07-23,0.439027721900193,-0.8231927200642758,1,normal volatility
2025-07-24,0.4311537629071915,-0.841290494016203,1,normal volatility
2025-07-25,0.4244449229680192,-0.8569730273068075,1,normal volatility
2025-07-28,0.4206920867861907,-0.8658540981984324,1,normal volatility
2025-07-29,0.4587834001281428,-0.779177075444805,1,normal volatility
2025-07-30,0.4672926752238643,-0.7607995040746931,1,normal volatility
2025-07-31,0.4710054112576769,-0.7528856961619135,1,normal volatility
2025-08-01,0.4669595231579163,-0.7615126992497143,1,normal volatility
2025-08-04,0.5041735222019055,-0.6848347800818533,1,normal volatility
2025-08-05,0.4954487120762119,-0.7022914379836614,1,normal volatility
2025-08-06,0.4868396549657673,-0.7198204606980612,1,normal volatility
2025-08-07,0.4910481401004281,-0.7112131109826593,1,normal volatility
2025-08-08,0.4821525325340711,-0.729494757454096,1,normal volatility
2025-08-11,0.4744875389286879,-0.7455199227549955,1,normal volatility
2025-08-12,0.4739065533728013,-0.7467451215057674,1,normal volatility
2025-08-13,0.4782873271168333,-0.7375436243256955,1,normal volatility
2025-08-14,0.4748501657600494,-0.7447559652144761,1,normal volatility
2025-08-15,0.4805280144860884,-0.7328697494907099,1,normal volatility
2025-08-18,0.4837742612057718,-0.7261368835323806,1,normal volatility
2025-08-19,0.4796117062642258,-0.7347784477358618,1,normal volatility
2025-08-20,0.4709925845838643,-0.7529129290729601,1,normal volatility
2025-08-21,0.4627559421237279,-0.7705554867169102,1,normal volatility
2025-08-22,0.4600526217116878,-0.7764144010162001,1,normal volatility
2025-08-25,0.4863479227824991,-0.720831020710045,1,normal volatility
2025-08-26,0.4825721212401735,-0.7286248953003341,1,normal volatility
2025-08-27,0.4742141566603548,-0.7460962520209202,1,normal volatility
2025-08-28,0.4716458404659693,-0.7515269130368579,1,normal volatility
2025-08-29,0.4742693085428859,-0.7459799571468047,1,normal volatility
2025-09-02,0.4672913697613667,-0.7608022977506703,1,normal volatility
2025-09-03,0.4638919091572727,-0.7681037082964028,1,normal volatility
2025-09-04,0.4571754455333919,-0.7826880546861426,1,normal volatility
2025-09-05,0.4511943294586668,-0.7958571465663871,1,normal volatility
2025-09-08,0.4799327038374598,-0.7341093852478121,1,normal volatility
2025-09-09,0.4713438739928952,-0.7521673579510824,1,normal volatility
2025-09-10,0.464965690057361,-0.7657916609398943,1,normal volatility
2025-09-11,0.4567459056545084,-0.7836280478484714,1,normal volatility
2025-09-12,0.4495505946227968,-0.7995068738455303,1,normal volatility
2025-09-15,0.4423751550741123,-0.8155969897675747,1,normal volatility
2025-09-16,0.4450410423642904,-0.8095887710367116,1,normal volatility
2025-09-17,0.4547090986877831,-0.7880974080417582,1,normal volatility
2025-09-18,0.4465165509334358,-0.8062788111926,1,normal volatility
2025-09-19,0.450940749991262,-0.7964193228520889,1,normal volatility
2025-09-22,0.4449189866463825,-0.8098630658695004,1,normal volatility
2025-09-23,0.4382389328707403,-0.8249910085042415,1,normal volatility
2025-09-24,0.4327699734522567,-0.8375489312774385,1,normal volatility
2025-09-25,0.4353309989276437,-0.8316486201690356,1,normal volatility
2025-09-26,0.4421721667971788,-0.8160559551060651,1,normal volatility
2025-09-29,0.4354497425292226,-0.8313758911187439,1,normal volatility
2025-09-30,0.4323921847411445,-0.838422267522087,1,normal volatility
2025-10-01,0.4247629758400888,-0.8562239695380626,1,normal volatility
2025-10-02,0.4176115961029725,-0.8732034743534289,1,normal volatility
2025-10-03,0.4124928656762567,-0.8855363686872542,1,normal volatility
2025-10-06,0.4140566394660543,-0.8817525042100199,1,normal volatility
2025-10-07,0.4118524781488254,-0.8870900564979514,1,normal volatility
2025-10-08,0.4080784224335343,-0.8962959112014078,1,normal volatility
2025-10-09,0.4161744680848064,-0.8766507122075073,1,normal volatility
2025-10-10,0.4160411705409084,-0.8769710559714338,1,normal volatility
2025-10-14,0.4187186450316298,-0.87055607618273,1,normal volatility
2025-10-15,0.4113432968069909,-0.8883271410949867,1,normal volatility
2025-10-16,0.4072720109922851,-0.8982739850973233,0,low volatility
2025-10-17,0.4027071496270557,-0.9095456570557233,0,low volatility
2025-10-20,0.3959393525653809,-0.9264942295437507,0,low volatility
2025-10-21,0.3900524579308667,-0.9414740413887269,0,low volatility
2025-10-22,0.3887659604503774,-0.9447777605105537,0,low volatility
2025-10-23,0.3820172939726169,-0.9622893992206907,0,low volatility
2025-10-24,0.3753777955748607,-0.9798223052874984,0,low volatility
2025-10-27,0.3696893783003933,-0.9950921440435906,0,low volatility
2025-10-28,0.3637522382054662,-1.0112823073731902,0,low volatility
2025-10-29,0.3596664819162127,-1.0225781160635712,0,low volatility
2025-10-30,0.3536435930680066,-1.0394656722540756,0,low volatility
2025-10-31,0.384948879638092,-0.9546447336712188,0,low volatility
2025-11-03,0.380085317834185,-0.9673595308464109,0,low volatility
2025-11-04,0.3738139028101244,-0.9839971914738208,0,low volatility
2025-11-05,0.3732459890825081,-0.9855175885482159,0,low volatility
2025-11-06,0.3669074856206011,-1.0026455454834244,0,low volatility
2025-11-07,0.3721016481056183,-0.9885882144385675,0,low volatility
2025-11-10,0.3716491044067618,-0.9898051375897052,0,low volatility
2025-11-12,0.3692156899495568,-0.996374280101606,0,low volatility
2025-11-13,0.3714980533762142,-0.9902116547405705,0,low volatility
2025-11-14,0.3774857694098651,-0.9742224079311144,0,low volatility
2025-11-17,0.3745798988108448,-0.9819501508207701,0,low volatility
2025-11-18,0.3693658410489249,-0.9959676869358286,0,low volatility
2025-11-19,0.3642887785939515,-1.0098083780938243,0,low volatility
2025-11-20,0.3637324850973589,-1.011336612590824,0,low volatility
2025-11-21,0.3576059433570026,-1.0283236156950446,0,low volatility
2025-11-24,0.3544843019821678,-1.037091216128187,0,low volatility
2025-11-25,0.3491001674197763,-1.0523963852958498,0,low volatility
2025-11-26,0.3483546524925938,-1.054534201796162,0,low volatility
2025-11-28,0.348499096669068,-1.0541196408392421,0,low volatility
2025-12-01,0.3429792226799258,-1.0700854089281375,0,low volatility
2025-12-02,0.3394993798645557,-1.080283158599029,0,low volatility
2025-12-03,0.3366695310858402,-1.088653449675373,0,low volatility
2025-12-04,0.348061568150553,-1.055375894883302,0,low volatility
2025-12-05,0.3421727307674265,-1.0724396086963013,0,low volatility
2025-12-08,0.338636502398886,-1.0828280111984092,0,low volatility
2025-12-09,0.3332465601939925,-1.0988726419751134,0,low volatility
2025-12-10,0.3284776468236474,-1.113286489571662,0,low volatility
2025-12-11,0.3236108065993348,-1.1282136994254395,0,low volatility
2025-12-12,0.3638054332364819,-1.011136078329917,0,low volatility
2025-12-15,0.3598003307329233,-1.0222060382528881,0,low volatility
2025-12-16,0.3561670738063148,-1.0323553497761673,0,low volatility
2025-12-17,0.3509272630685682,-1.04717630471578,0,low volatility
2025-12-18,0.346750166629196,-1.059150739241685,0,low volatility
2025-12-19,0.342223161564807,-1.072292235522275,0,low volatility
2025-12-22,0.336681400792068,-1.0886181940436745,0,low volatility
2025-12-23,0.3346388674186975,-1.09470333633068,0,low volatility
2025-12-24,0.3319604176449438,-1.1027395411344025,0,low volatility
2025-12-26,0.3265241153747867,-1.1192514727335023,0,low volatility
2025-12-29,0.3218648545077466,-1.1336235280368343,0,low volatility
2025-12-30,0.3169383033477509,-1.1490481507103296,0,low volatility
2025-12-31,0.3121598877869396,-1.1642397615803004,0,low volatility
2026-01-02,0.3106004880287365,-1.1692477970236574,0,low volatility
2026-01-05,0.3055939158723987,-1.1854981306824612,0,low volatility
2026-01-06,0.3029151448382515,-1.1943025627328767,0,low volatility
2026-01-07,0.3009767143759462,-1.2007223781030234,0,low volatility
2026-01-08,0.2961744171127,-1.216806751193559,0,low volatility
2026-01-09,0.29696416443724,-1.2141438059197265,0,low volatility
2026-01-12,0.2941847220935605,-1.2235474025046256,0,low volatility
2026-01-13,0.296552481917993,-1.2155310714254166,0,low volatility
2026-01-14,0.2948466165498136,-1.2213000017589557,0,low volatility
2026-01-15,0.290618317277669,-1.2357444972182865,0,low volatility
2026-01-16,0.2975668704738793,-1.2121163045523857,0,low volatility
2026-01-20,0.2929658188652634,-1.2276993359332027,0,low volatility
2026-01-21,0.3707564493759459,-0.9922099026307132,0,low volatility
2026-01-22,0.3684843920271253,-0.9983569236714029,0,low volatility
2026-01-23,0.3663762555058332,-1.0040944531242446,0,low volatility
2026-01-26,0.36431542125762,-1.0097352446595513,0,low volatility
2026-01-27,0.4049212384505282,-0.9040627037495751,0,low volatility
2026-01-28,0.4263383512532814,-0.8525219961955214,0,low volatility
2026-01-29,0.4232896441605604,-0.8596985962937118,0,low volatility
2026-01-30,0.4157755673138947,-0.8776096659535442,0,low volatility
2026-02-02,0.4188554827202276,-0.8702293285307161,0,low volatility
2026-02-03,0.4303290369149661,-0.843205160784584,0,low volatility
2026-02-04,0.4231503790147438,-0.8600276571681039,0,low volatility
2026-02-05,0.4163720322297107,-0.876176110131736,0,low volatility
2026-02-06,0.4089844396112245,-0.8940781686233945,0,low volatility
2026-02-09,0.4021366940071332,-0.9109632133182465,0,low volatility
2026-02-10,0.4195880805281601,-0.8684818096123778,0,low volatility
2026-02-11,0.4121323633847536,-0.8864107108775356,0,low volatility
2026-02-12,0.4054141334732691,-0.9028461825397013,0,low volatility
2026-02-13,0.3988522523613203,-0.9191642255021186,0,low volatility
2026-02-17,0.3918452129182972,-0.9368883821757324,0,low volatility
2026-02-18,0.3900304970892415,-0.9415303452510012,0,low volatility
2026-02-19,0.3846519776355082,-0.9554163077008141,0,low volatility
2026-02-20,0.3858408471266287,-0.9523303076851912,0,low volatility
2026-02-23,0.3804913167380994,-0.966291922602817,0,low volatility
2026-02-24,0.375894020151289,-0.9784480366223679,0,low volatility
2026-02-25,0.3701318954298286,-0.9938958627310039,0,low volatility
2026-02-26,0.3646589746532642,-1.008792678163371,0,low volatility
2026-02-27,0.3588797676153254,-1.0247678557379636,0,low volatility
2026-03-02,0.3563089899702277,-1.0319569752257647,0,low volatility
2026-03-03,0.4114659394799453,-0.8880290339069437,1,normal volatility
2026-03-04,0.4282816604886758,-0.8479742145895721,1,normal volatility
2026-03-05,0.424573935134473,-0.8566691184684688,1,normal volatility
2026-03-06,0.4260139892989196,-0.8532830945220877,1,normal volatility
2026-03-09,0.4199756005666182,-0.8675586632812426,1,normal volatility
2026-03-10,0.4131078820167235,-0.8840465045950818,1,normal volatility
2026-03-11,0.4166008168300126,-0.8756267894514445,1,normal volatility
2026-03-12,0.4310473287038272,-0.8415373835294279,1,normal volatility
2026-03-13,0.4295188596703065,-0.8450896277644686,1,normal volatility
2026-03-16,0.4414852291785103,-0.8176107154921007,1,normal volatility
2026-03-17,0.4397651580242744,-0.8215144263183419,1,normal volatility
2026-03-18,0.4367343262496976,-0.8284302178478862,1,normal volatility
2026-03-19,0.4293307111540745,-0.8455277685649845,1,normal volatility
2026-03-20,0.421687824755579,-0.863489990461506,1,normal volatility
2026-03-23,0.4169656490371005,-0.8747514369862893,1,normal volatility
2026-03-24,0.4163163384351092,-0.8763098787699124,1,normal volatility
2026-03-25,0.4091659447307492,-0.8936344723886286,1,normal volatility
2026-03-26,0.4021201561943786,-0.9110043390177113,1,normal volatility
2026-03-27,0.39767810982005,-0.9221123702243914,1,normal volatility
2026-03-30,0.3923288336361214,-0.9356549295225506,1,normal volatility
2026-03-31,0.4008402425650164,-0.9141923286504487,1,normal volatility
2026-04-01,0.4085532501637405,-0.895133017819607,1,normal volatility
2026-04-02,0.4326421196254016,-0.8378444062975081,1,normal volatility
2026-04-03,0.4395221645792995,-0.822067131776306,1,normal volatility
2026-04-06,0.4332573948819805,-0.8364232821374387,1,normal volatility
2026-04-07,0.4271994367473207,-0.8505043098123941,1,normal volatility
2026-04-08,0.4219431216729888,-0.8628847567955678,1,normal volatility
2026-04-09,0.4568814807152202,-0.7833312637027035,1,normal volatility
2026-04-10,0.4499267154755375,-0.798670563978811,1,normal volatility
2026-04-13,0.4427820555819753,-0.8146776038514317,1,normal volatility
2026-04-14,0.4353027239664109,-0.8317135727673539,1,normal volatility
2026-04-15,0.4481327659110259,-0.8026657379909058,1,normal volatility
2026-04-16,0.4402942121807481,-0.8203121114788735,1,normal volatility
2026-04-17,0.4331217250697319,-0.8367364702331193,1,normal volatility
2026-04-20,0.4264750900414037,-0.8522013192861929,1,normal volatility
2026-04-21,0.4196218253600057,-0.8684013891320497,1,normal volatility
2026-04-22,0.4155694960030827,-0.8781054199409687,1,normal volatility
2026-04-23,0.4128052293312204,-0.8847793969414842,1,normal volatility
2026-04-24,0.4057863653960361,-0.9019284514746656,0,low volatility
2026-04-27,0.3993629366558168,-0.9178846598631751,0,low volatility
2026-04-28,0.392990927592589,-0.9339687523854735,0,low volatility
2026-04-29,0.3869358405914382,-0.9494963862819013,0,low volatility
2026-04-30,0.3815242805563614,-0.9635807853120775,0,low volatility
2026-05-01,0.3792387721237121,-0.969589266666467,0,low volatility
2026-05-04,0.3752384896339724,-0.9801934827991851,0,low volatility
2026-05-05,0.3802577951522732,-0.966905847981134,0,low volatility
2026-05-06,0.3739970341486114,-0.9835074116829752,0,low volatility
2026-05-07,0.3754977856745439,-0.9795027048005444,0,low volatility
2026-05-08,0.3694991693942885,-0.9956067865144356,0,low volatility
2026-05-11,0.3634814483942359,-1.0120270193653185,0,low volatility
2026-05-12,0.3574712439969205,-1.0287003564555035,0,low volatility
2026-05-13,0.3595335786668058,-1.022947702380936,0,low volatility
2026-05-14,0.3551339616371088,-1.0352602039636132,0,low volatility
2026-05-15,0.3531530354844421,-1.0408537877105373,0,low volatility
2026-05-18,0.3570504388765763,-1.0298782218137748,0,low volatility
2026-05-19,0.3529757792605869,-1.0413558383955597,0,low volatility
2026-05-20,0.3554270185030087,-1.034435343351486,0,low volatility
2026-05-21,0.3507537715878949,-1.0476708071339438,0,low volatility
2026-05-22,0.3484868442974074,-1.0541547989993763,0,low volatility
2026-05-26,0.3434600515354673,-1.068684472378487,0,low volatility
2026-05-27,0.3389533682713281,-1.0818927377852263,0,low volatility
2026-05-28,0.3338334402965179,-1.0971130921354848,0,low volatility
2026-05-29,0.3297261571238698,-1.1094927959159102,0,low volatility
2026-06-01,0.3282119553821547,-1.1140956738654217,0,low volatility
2026-06-02,0.33512129733177,-1.0932627311054164,0,low volatility
2026-06-03,0.330981022145715,-1.1056942401559882,0,low volatility
2026-06-04,0.3310376323248107,-1.105523217243412,0,low volatility
2026-06-05,0.3281109105531128,-1.1144035858248693,0,low volatility
2026-06-08,0.359782333375609,-1.022256059906315,0,low volatility
2026-06-09,0.3542680116057625,-1.0377015573686261,0,low volatility
2026-06-10,0.3487872817616269,-1.0532930504514704,0,low volatility
2026-06-11,0.3429978549522318,-1.070031085619333,0,low volatility
2026-06-12,0.3420986227118032,-1.072656212987965,0,low volatility
2026-06-15,0.3503999112455978,-1.0486801732144597,0,low volatility
2026-06-16,0.3473212292746122,-1.0575051944817437,0,low volatility
2026-06-17,0.3425757708043882,-1.07126241712135,0,low volatility
2026-06-18,0.3386789795794614,-1.0827025831467514,0,low volatility
2026-06-22,0.3910940485572466,-0.9388072145257976,0,low volatility
2026-06-23,0.3893909115602227,-0.9431715259152221,0,low volatility
2026-06-24,0.3912616810298919,-0.9383786819059903,0,low volatility
2026-06-25,0.3888317641208063,-0.94460851189136,0,low volatility
2026-06-26,0.3873733387283499,-0.9483663514194647,0,low volatility
2026-06-29,0.381929373392148,-0.9625195738771503,0,low volatility
2026-06-30,0.3772476726452234,-0.97485335061703,0,low volatility
2026-07-01,0.3709193531188461,-0.9917706170426653,0,low volatility
2026-07-02,0.3686248781890794,-0.9979757422934671,0,low volatility
2026-07-06,0.3784657416422193,-0.9716297210537772,0,low volatility
2026-07-07,0.3736476769322706,-0.984441965854469,0,low volatility
2026-07-08,0.3672117688507451,-1.0018165705022728,0,low volatility
2026-07-09,0.3636459795359936,-1.0115744683041266,0,low volatility
2026-07-10,0.3649755073416596,-1.0079250308246994,0,low volatility
2026-07-13,0.3587102096018706,-1.0252404320614734,0,low volatility
2026-07-14,0.3576231756624758,-1.0282754288832432,0,low volatility
2026-07-15,0.3544086105405932,-1.0373047644385882,0,low volatility
2026-07-16,0.3486853348058834,-1.0535853829504043,0,low volatility
2026-07-17,0.3433480015380433,-1.0690107644128237,0,low volatility
2026-07-20,0.3377342291409264,-1.0854959971152898,0,low volatility
2026-07-21,0.3355214104187867,-1.0920695081571448,0,low volatility
2026-07-22,0.3299379660694251,-1.1088506238001707,0,low volatility
2026-07-23,0.3246532353663083,-1.124997634371744,0,low volatility
2026-07-24,0.3265479037510608,-1.1191786220353008,0,low volatility
2026-07-27,0.3218633503264785,-1.1336282013795798,0,low volatility
2026-07-28,0.3168833636842272,-1.1492215107152615,0,low volatility
2026-07-29,0.3147290318035206,-1.1560432268517906,0,low volatility
2026-07-30,0.310834995150873,-1.1684930698166813,0,low volatility
2026-07-31,0.3850924535416919,-0.9542718344537943,0,low volatility
2026-08-03,0.3784041995481529,-0.9717923436943466,0,low volatility
2026-08-04,0.3721724892081152,-0.9883978515086758,0,low volatility
2026-08-05,0.3670872223067991,-1.0021557962036292,0,low volatility
2026-08-06,0.362433201731514,-1.0149150927528887,0,low volatility
2026-08-07,0.3587456841369835,-1.025141542260856,0,low volatility
2026-08-10,0.3585190180520656,-1.0257735713897715,0,low volatility
2026-08-11,0.3525556873045162,-1.0425466910382102,0,low volatility
2026-08-12,0.3468466296839038,-1.058872586124939,0,low volatility
2026-08-13,0.3410069621486237,-1.0758523850489075,0,low volatility
2026-08-14,0.3355667596986198,-1.0919343566765451,0,low volatility
2026-08-17,0.3406728884553772,-1.0768325334857305,0,low volatility
2026-08-18,0.3354223139432518,-1.0923649024582085,0,low volatility
2026-08-19,0.3302674536846294,-1.1078524870606024,0,low volatility
2026-08-20,0.3540062190675089,-1.0384407980153647,0,low volatility
2026-08-21,0.3489514395549735,-1.0528225081371048,0,low volatility
2026-08-24,0.3431708282703058,-1.0695269141933632,0,low volatility
2026-08-25,0.3387532160602571,-1.0824834129284753,0,low volatility
2026-08-26,0.3333829439641385,-1.0984634678500615,0,low volatility
2026-08-27,0.3297248030684354,-1.1094969025304007,0,low volatility
2026-08-28,0.3243060617248942,-1.12606757412325,0,low volatility
2026-08-31,0.3319581074497656,-1.1027465004075387,0,low volatility
2026-09-01,0.3280715236986632,-1.1145236343127318,0,low volatility
2026-09-02,0.3249654111823875,-1.124036529447284,0,low volatility
2026-09-03,0.3195980895580056,-1.1406910427111199,0,low volatility
2026-09-04,0.3187480157129626,-1.143354407743113,0,low volatility
2026-09-08,0.3136049408329879,-1.1596212354227644,0,low volatility
2026-09-09,0.3089165015150095,-1.1746842602351093,0,low volatility
2026-09-10,0.3039190293184618,-1.1909939639797356,0,low volatility
2026-09-11,0.2990683134630261,-1.2070832585669706,0,low volatility
