Date,r_t,delta_y_t,r_t_plus_1
2010-01-06,0.0138859959953651,-0.018259718825086424,-0.6267866470222999
2010-01-07,-0.6267866470222999,-0.018871561227459827,0.2999548829151047
2010-01-08,0.2999548829151047,0.0027129949064675835,1.2390702948313268
2010-01-11,1.2390702948313268,-0.013575885149700167,-0.0894731468203073
2010-01-12,-0.0894731468203073,0.0643542652037324,-0.2136826592836066
2010-01-13,-0.2136826592836066,-0.018597327240993278,-0.0966517161881187
2010-01-14,-0.0966517161881187,-0.01662425781168188,-0.7070106389691765
2010-01-15,-0.7070106389691765,-0.01843686749186924,-0.7470797532819753
2010-01-19,-0.7470797532819753,0.00849529627435491,-1.234017704360749
2010-01-20,-1.234017704360749,0.011100189578450544,0.0851063881156675
2010-01-21,0.0851063881156675,0.057843765519142984,0.3397030867605495
2010-01-22,0.3397030867605495,-0.01859405384533227,-0.0565371039794772
2010-01-25,-0.0565371039794772,-0.012934999925411418,-0.588466372568753
2010-01-26,-0.588466372568753,-0.018808636399444682,-0.0711338769502824
2010-01-27,-0.0711338769502824,-0.0008492731620354926,-0.4278691545031663
2010-01-28,-0.4278691545031663,-0.018674920426408042,-0.8828970246836105
2010-01-29,-0.8828970246836105,-0.008937167348992884,0.244833419629608
2010-02-01,0.244833419629608,0.02341315231935124,0.3661298465249137
2010-02-02,0.3661298465249137,-0.01547414867120853,-0.3445556491811585
2010-02-03,-0.3445556491811585,-0.01112418092614771,-1.0699155050794484
2010-02-04,-1.0699155050794484,-0.012268688191651708,-1.1035300352118669
2010-02-05,-1.1035300352118669,0.04401012597688577,0.6664982375691691
2010-02-08,0.6664982375691691,0.042426089043232154,0.6983370199996954
2010-02-09,0.6983370199996954,0.0030105480553584067,-0.5305823400550268
2010-02-10,-0.5305823400550268,0.004946619415042969,-0.599373185338303
2010-02-11,-0.599373185338303,-0.005690508921783865,-0.1100311866008267
2010-02-12,-0.1100311866008267,-0.001835088555126509,0.8550496059576536
2010-02-16,0.8550496059576536,-0.018445863410669908,-0.869729582496044
2010-02-17,-0.869729582496044,0.01787541852963548,-0.4414043803346005
2010-02-18,-0.4414043803346005,0.01684669268745459,-0.1844950894162065
2010-02-19,-0.1844950894162065,-0.009964109650847524,0.3833682076636523
2010-02-22,0.3833682076636523,-0.017431335668034703,-0.3907550959403221
2010-02-23,-0.3907550959403221,-0.011327957452019182,0.2876850728276077
2010-02-24,0.2876850728276077,-0.011299811102181867,-0.7393202387618705
2010-02-25,-0.7393202387618705,-0.014366643623797247,1.356152859833766
2010-02-26,1.356152859833766,0.009712159053355344,-1.0597685290600671
2010-03-01,-1.0597685290600671,0.07187194837257167,0.3545055411348824
2010-03-02,0.3545055411348824,0.030113831916652057,1.2236826076222524
2010-03-03,1.2236826076222524,-0.013437869409537456,-1.172088724038109
2010-03-04,-1.172088724038109,0.04467273432331875,0.2722691994326923
2010-03-05,0.2722691994326923,0.03390515458106149,0.0367363436775335
2010-03-08,0.0367363436775335,-0.016219072970670417,-0.198536776122577
2010-03-09,-0.198536776122577,-0.019088501219340834,0.5285579769787236
2010-03-10,0.5285579769787236,-0.01760304120573568,0.1170788952704802
2010-03-11,0.1170788952704802,-0.0070546638975906495,0.5760762640968472
2010-03-12,0.5760762640968472,-0.018443383569245936,-0.7370951088110135
2010-03-15,-0.7370951088110135,-0.004074497809615695,0.7734442059361814
2010-03-16,0.7734442059361814,0.004609851862864445,-0.138196916201122
2010-03-17,-0.138196916201122,0.007482496467063612,-0.9948147290518056
2010-03-18,-0.9948147290518056,-0.01830597548709775,-0.5380914468596381
2010-03-19,-0.5380914468596381,0.023936660513911,0.0073907098810411
2010-03-22,0.0073907098810411,-0.006844144329230221,0.0295573784757312
2010-03-23,0.0295573784757312,-0.019071593148847488,-1.398728257425006
2010-03-24,-1.398728257425006,-0.01899172542972246,-0.0224794875623499
2010-03-25,-0.0224794875623499,0.0661507239789888,0.4038596469684912
2010-03-26,0.4038596469684912,-0.019109788267726583,0.4988284177486445
2010-03-29,0.4988284177486445,-0.011835607613311754,-0.4167602966057291
2010-03-30,-0.4167602966057291,-0.007843809284052313,0.8687635855243174
2010-03-31,0.8687635855243174,-0.011467465921974439,0.3174020011067649
2010-04-01,0.3174020011067649,0.015212353569485856,-0.606152062909519
2010-04-02,-0.606152062909519,-0.014393091215960078,-0.0074148222330379
2010-04-05,-0.0074148222330379,-0.002634993942968043,-0.8040543616173824
2010-04-06,-0.8040543616173824,-0.019041213746603017,-0.1047042201706256
2010-04-07,-0.1047042201706256,0.010877442531673174,-0.0299356386010432
2010-04-08,-0.0299356386010432,-0.018565418968554286,0.8051333190328431
2010-04-09,0.8051333190328431,-0.01896821465651116,0.8796951943358444
2010-04-12,0.8796951943358444,0.013479598899289742,0.0367931127444303
2010-04-13,0.0367931127444303,0.01847845638671055,0.5429611988955678
2010-04-14,0.5429611988955678,-0.018932090566190243,-0.9262728874457592
2010-04-15,-0.9262728874457592,-0.00425096094200682,-0.3922008949408454
2010-04-16,-0.3922008949408454,0.021755248574322174,-0.2152533768594249
2010-04-19,-0.2152533768594249,-0.011905954596249602,-0.0892060719281366
2010-04-20,-0.0892060719281366,-0.016845900977621425,-0.4696419232607489
2010-04-21,-0.4696419232607489,-0.018613580832075517,-0.6371596833974125
2010-04-22,-0.6371596833974125,-0.0077175320547030685,0.4651520128236361
2010-04-23,0.4651520128236361,0.001978707184910737,-0.1798022660006948
2010-04-26,-0.1798022660006948,-0.007234624442582456,-0.798016732162851
2010-04-27,-0.798016732162851,-0.01727367561750439,-0.7587289812159481
2010-04-28,-0.7587289812159481,0.015089108316339587,0.8569422630122583
2010-04-29,0.8569422630122583,0.010987379810544885,0.4445288917402044
2010-04-30,0.4445288917402044,0.019150745966464183,-0.8986279086396503
2010-05-03,-0.8986279086396503,-0.00869199893088832,-1.11366520951911
2010-05-04,-1.11366520951911,0.020921918663821943,-1.1339651729545837
2010-05-05,-1.1339651729545837,0.03882589229404086,-1.5716340536318536
2010-05-06,-1.5716340536318536,0.03655222323215943,0.251869475929634
2010-05-07,0.251869475929634,0.07646494736888992,1.0945305109875954
2010-05-10,1.0945305109875954,-0.016768289710840985,-1.1417077409866705
2010-05-11,-1.1417077409866705,0.024960800540778507,-0.575779482397606
2010-05-12,-0.575779482397606,0.025517541591144142,-0.5870703096787062
2010-05-13,-0.5870703096787062,-0.008176766327728622,-1.4264205312268805
2010-05-14,-1.4264205312268805,-0.007541441071398376,-0.7371737380777666
2010-05-17,-0.7371737380777666,0.04784225964436106,0.4785668378514428
2010-05-18,0.4785668378514428,-0.0022894271755630837,-0.3323204679440604
2010-05-19,-0.3323204679440604,-0.011725838455147236,0.4293764445049402
2010-05-20,0.4293764445049402,-0.01574088009093718,1.643652958140639
2010-05-21,1.643652958140639,-0.012800256837692843,-1.353048943487724
2010-05-24,-1.353048943487724,0.06836622433673017,-1.0289740372550071
2010-05-25,-1.0289740372550071,0.033516009921015756,-0.4489253754211044
2010-05-26,-0.4489253754211044,0.009838536208792492,1.1872953980231942
2010-05-27,1.1872953980231942,-0.013863431090458369,-0.0080844011523861
2010-05-28,-0.0080844011523861,0.020242292312437397,-0.8362135189080873
2010-06-01,-0.8362135189080873,-0.019367798646817647,-0.4903573081488793
2010-06-02,-0.4903573081488793,0.00018983294802999573,-0.1065617544175368
2010-06-03,-0.1065617544175368,-0.012612591368717401,-1.6122047347226436
2010-06-04,-1.6122047347226436,-0.01903542571380822,-0.3255836244230934
2010-06-07,-0.3255836244230934,0.054375561729027466,0.3005763304987595
2010-06-08,0.3005763304987595,-0.01655653266877659,0.4159739775176712
2010-06-09,0.4159739775176712,-0.016684779463066585,0.5464494472078967
2010-06-10,0.5464494472078967,-0.014119052308693886,-0.2811313245675315
2010-06-11,-0.2811313245675315,-0.010155875347008582,1.6424775905464657
2010-06-14,1.6424775905464657,-0.01697085640530399,0.4064385370679435
2010-06-15,0.4064385370679435,0.06092730750953975,-0.0324543613396246
2010-06-16,-0.0324543613396246,-0.014562439739553058,0.3402466017393416
2010-06-17,0.3402466017393416,-0.019322793440916662,-0.0404448943834809
2010-06-18,-0.0404448943834809,-0.01570333980599654,0.2020610911778074
2010-06-21,0.2020610911778074,-0.01926905226541058,-0.6642927863291028
2010-06-22,-0.6642927863291028,-0.017881517215308843,0.0568805118330467
2010-06-23,0.0568805118330467,-0.004850409692429054,-0.1788763791045926
2010-06-24,-0.1788763791045926,-0.019125205349565508,0.3574333618587647
2010-06-25,0.3574333618587647,-0.0181768913334397,-0.1298279961650059
2010-06-28,-0.1298279961650059,-0.014396358267526953,-1.0529420220888794
2010-06-29,-1.0529420220888794,-0.01861365689317952,0.8497477391478557
2010-06-30,0.8497477391478557,0.022053908207490314,1.3977201895548683
2010-07-01,1.3977201895548683,0.00752052519099648,0.9025259936626095
2010-07-02,0.9025259936626095,0.04872387394341271,0.5471210571402808
2010-07-06,0.5471210571402808,0.007643617221518553,-0.4120449569870416
2010-07-07,-0.4120449569870416,-0.009287755152042809,0.7042004018741509
2010-07-08,0.7042004018741509,-0.013747350838978756,-0.3475242420303314
2010-07-09,-0.3475242420303314,-0.0021259276550440655,-0.523561405394494
2010-07-12,-0.523561405394494,-0.01521046663638714,1.1545280858303273
2010-07-13,1.1545280858303273,-0.009727814531411482,0.2826413124427363
2010-07-14,0.2826413124427363,0.02763168026546412,1.0761176834925597
2010-07-15,1.0761176834925597,-0.016387247837143477,0.2014567549463791
2010-07-16,0.2014567549463791,0.02086872572666385,0.3400049639741646
2010-07-19,0.3400049639741646,-0.017788878042038703,-0.4484312447328687
2010-07-20,-0.4484312447328687,-0.015013610998957382,-0.6764400088542036
2010-07-21,-0.6764400088542036,-0.012108820831496107,0.6609409387673807
2010-07-22,0.6609409387673807,-0.0026444800462742373,-0.2250068839284746
2010-07-23,-0.2250068839284746,-0.0027463917556600215,0.8431035747692177
2010-07-26,0.8431035747692177,-0.017378268488733625,0.0
2010-07-27,0.0,0.008285339572165817,0.1154690094040777
2010-07-28,0.1154690094040777,-0.01917966456120456,0.5064856196006782
2010-07-29,0.5064856196006782,-0.018566603133891246,0.0382657946734928
2010-07-30,0.0382657946734928,-0.008344897568508852,0.8002176603602291
2010-08-02,0.8002176603602291,-0.019034238661106297,0.4921828737018811
2010-08-03,0.4921828737018811,0.008631375556653704,-0.6137080291713652
2010-08-04,-0.6137080291713652,-0.008520122870522963,-0.0076002280104988
2010-08-05,-0.0076002280104988,-0.003134116179096589,0.9455798734820652
2010-08-06,0.9455798734820652,-0.0190828613637113,-0.309165876090213
2010-08-09,-0.309165876090213,0.020815806331193388,-1.1087598397944491
2010-08-10,-1.1087598397944491,-0.01505334320077772,-1.508068897667626
2010-08-11,-1.508068897667626,0.033248811537474526,-0.2561615994190461
2010-08-12,-0.2561615994190461,0.06847642575734174,-0.7724456150594804
2010-08-13,-0.7724456150594804,-0.016893714740944223,0.5545806051372736
2010-08-16,0.5545806051372736,0.002814424835490034,0.4042294061509398
2010-08-17,0.4042294061509398,-0.00738170373092534,-0.1397407261014003
2010-08-18,-0.1397407261014003,-0.012729513123522157,-0.2722783587292482
2010-08-19,-0.2722783587292482,-0.018451698558725402,-1.1753778944328404
2010-08-20,-1.1753778944328404,-0.01622583831722088,-0.1893491689989825
2010-08-23,-0.1893491689989825,0.03582575002030643,0.0947194008775596
2010-08-24,0.0947194008775596,-0.017833669078679074,-0.1816244033844431
2010-08-25,-0.1816244033844431,-0.018725128235142947,0.5124375595207398
2010-08-26,0.5124375595207398,-0.0177985861395643,0.3767369654837402
2010-08-27,0.3767369654837402,-0.00739248212571393,-0.6208027481741816
2010-08-30,-0.6208027481741816,-0.012574183428534063,0.1417881293074469
2010-08-31,0.1417881293074469,-0.002007227839594524,0.8543376022659404
2010-09-01,0.8543376022659404,-0.018048781297709315,0.0858134779812497
2010-09-02,0.0858134779812497,0.015089183214188567,0.4745428797076572
2010-09-03,0.4745428797076572,-0.018657046591139537,-1.265246494376503
2010-09-07,-1.265246494376503,-0.008048586503049258,0.031434184934657
2010-09-08,0.031434184934657,0.0530187342572074,-0.1494004602640337
2010-09-09,-0.1494004602640337,-0.019025825882984588,0.1808247672238513
2010-09-10,0.1808247672238513,-0.018116685892255,1.2411852871587656
2010-09-13,1.2411852871587656,-0.01738291277294218,0.9573884121696314
2010-09-14,0.9573884121696314,0.05189351703728513,-0.0461148267337548
2010-09-15,-0.0461148267337548,0.02029333900029826,0.5443337701560569
2010-09-16,0.5443337701560569,-0.01904423244467359,-0.2526317133111136
2010-09-17,-0.2526317133111136,-0.005928172395705925,0.2143951816633431
2010-09-20,0.2143951816633431,-0.016366537245512486,0.4731027519534738
2010-09-21,0.4731027519534738,-0.016821830294772376,1.877812426224345
2010-09-22,1.877812426224345,-0.00821682383152058,-0.3067831355924907
2010-09-23,-0.3067831355924907,0.12865424659243002,0.9843479927915324
2010-09-24,0.9843479927915324,-0.015818359380606207,-0.0074208749245523
2010-09-27,-0.0074208749245523,0.017344371776738077,0.7982894045292859
2010-09-28,0.7982894045292859,-0.019201589566059503,0.4041003258107248
2010-09-29,0.4041003258107248,0.005295813909700874,-0.2716694647844634
2010-09-30,-0.2716694647844634,-0.012775821154356035,1.1186371447027994
2010-10-01,1.1186371447027994,-0.016389972203397146,-0.4810154307751998
2010-10-04,-0.4810154307751998,0.029820633583912067,1.060979358850059
2010-10-05,1.060979358850059,-0.010600556193091406,0.6484639770799504
2010-10-06,0.6484639770799504,0.023512777762571997,-0.0215478542762442
2010-10-07,-0.0215478542762442,-0.003460758566226591,0.0143657520718462
2010-10-08,0.0143657520718462,-0.019187380045995524,-0.5545766671314756
2010-10-12,-0.5545766671314756,-0.019155239465481432,0.8486206986955992
2010-10-13,0.8486206986955992,-0.007060445905254473,0.7277948643036842
2010-10-14,0.7277948643036842,0.010063841154608188,-0.4846075618478744
2010-10-15,-0.4846075618478744,0.0021164171445374096,-0.1429797212410586
2010-10-18,-0.1429797212410586,-0.01001913492945182,-1.0861462648456242
2010-10-19,-1.0861462648456242,-0.018366189366332795,0.8784618703617323
2010-10-20,0.8784618703617323,0.02823137623660724,0.1719074988212665
2010-10-21,0.1719074988212665,0.0113399517272162,-0.4950327575274583
2010-10-22,-0.4950327575274583,-0.01792758958291375,0.5880260758638828
2010-10-25,0.5880260758638828,-0.009483482237578278,-0.8112324183086703
2010-10-26,-0.8112324183086703,-0.0046977654694957665,-0.614585644396954
2010-10-27,-0.614585644396954,0.00735625257655972,1.017434905127541
2010-10-28,1.017434905127541,-0.004053634425727221,-0.2515905435205252
2010-10-29,-0.2515905435205252,0.022670826912594005,-0.0431934352694786
2010-11-01,-0.0431934352694786,-0.016760021002169348,0.9887592196724287
2010-11-02,0.9887592196724287,-0.019077549640253978,-0.0855920166376617
2010-11-03,-0.0855920166376617,0.02148201989315608,1.4873848823206663
2010-11-04,1.4873848823206663,-0.01887779064801897,-1.3518980002550156
2010-11-05,-1.3518980002550156,0.06770893057820816,-0.7582296698043722
2010-11-08,-0.7582296698043722,0.0439454173736247,-0.4461723003213526
2010-11-09,-0.4461723003213526,-0.0003568421683125923,-0.9930136322134898
2010-11-10,-0.9930136322134898,-0.012698464949676035,-0.2041709911527208
2010-11-12,-0.2041709911527208,0.013685930061435035,-0.6223706708356409
2010-11-15,-0.6223706708356409,-0.0179244048590204,-0.7223973624032275
2010-11-16,-0.7223973624032275,-0.006024187532315431,0.2807330448938204
2010-11-17,0.2807330448938204,-0.0012518108861087468,0.4636964110146002
2010-11-18,0.4636964110146002,-0.016304436632121992,0.2640071935313702
2010-11-19,0.2640071935313702,-0.011136907571981295,-0.3080762357429265
2010-11-22,-0.3080762357429265,-0.016454242812611018,-1.6592973289579094
2010-11-23,-1.6592973289579094,-0.015620105334913412,-0.2842398502821622
2010-11-24,-0.2842398502821622,0.08030928684797653,-0.8047273901431165
2010-11-26,-0.8047273901431165,-0.016603651143672706,-1.1467754305893294
2010-11-29,-1.1467754305893294,0.0028897488472179327,-0.4286595663618864
2010-11-30,-0.4286595663618864,0.024649364770864997,0.8630949129466648
2010-12-01,0.8630949129466648,-0.01330528343192372,0.5990085014764562
2010-12-02,0.5990085014764562,0.006098861457052931,1.0453187869789575
2010-12-03,1.0453187869789575,-0.006965076933076621,-0.6906415861333549
2010-12-06,-0.6906415861333549,0.017487420212795247,0.360929785007247
2010-12-07,0.360929785007247,-0.0038824206714470036,-0.6098268475420592
2010-12-08,-0.6098268475420592,-0.014771642561755794,-0.2722324730274788
2010-12-09,-0.2722324730274788,-0.006786878948759729,0.2722324730274665
2010-12-10,0.2722324730274665,-0.0167585678915005,1.1039877812588157
2010-12-13,1.1039877812588157,-0.01642645358000277,0.044802868132943
2010-12-14,0.044802868132943,0.024930329475141157,-0.6666441676876256
2010-12-15,-0.6666441676876256,-0.019140014487401876,-0.7543789547316132
2010-12-16,-0.7543789547316132,-0.00329069479297805,-0.3869357280123632
2010-12-17,-0.3869357280123632,0.0012609546770533354,-0.2359299393400739
2010-12-20,-0.2359299393400739,-0.013831854409844182,0.0533231778012805
2010-12-21,0.0533231778012805,-0.0171657534190783,-0.3203664067285669
2010-12-22,-0.3203664067285669,-0.019024794950962123,0.0916380361951355
2010-12-23,0.0916380361951355,-0.015086601681205531,0.342896666985082
2010-12-27,0.342896666985082,-0.018712624895986237,-0.1827318918698658
2010-12-28,-0.1827318918698658,-0.013770593449370185,0.4637909853147119
2010-12-29,0.4637909853147119,-0.017652145116171542,0.6502366778466581
2010-12-30,0.6502366778466581,-0.008821843422175853,0.7657695078229125
2011-01-03,0.7657695078229125,0.0010685113900518,-0.4873121312832603
2011-01-04,-0.4873121312832603,0.008500033021770808,-1.0197618302786315
2011-01-05,-1.0197618302786315,-0.008317616375471609,-1.0993316301482454
2011-01-06,-1.0993316301482454,0.027586948336233527,-0.639176639929117
2011-01-07,-0.639176639929117,0.03200709596182763,0.007725288736499
2011-01-10,0.007725288736499,-0.0024734207215034187,0.254600299547587
2011-01-11,0.254600299547587,-0.019105727792368847,0.6757820219581785
2011-01-12,0.6757820219581785,-0.016107624584985766,2.255108807595159
2011-01-13,2.255108807595159,0.0016335831608810202,-0.2697439070023215
2011-01-14,-0.2697439070023215,0.17133688355857932,0.531299188198419
2011-01-18,0.531299188198419,-0.017053035205214635,0.7139169163496926
2011-01-19,0.7139169163496926,-0.009754211419709497,-0.3860721997852182
2011-01-20,-0.3860721997852182,-0.001969346190903205,1.0213232649815538
2011-01-21,1.0213232649815538,-0.014350580232219657,0.5287520580683197
2011-01-24,0.5287520580683197,0.01647305488518555,-0.0659413146215207
2011-01-25,-0.0659413146215207,-0.00965134750144382,0.3219672033493065
2011-01-26,0.3219672033493065,-0.019123777055221978,0.0
2011-01-27,0.0,-0.015377049231202066,-0.5935170381170993
2011-01-28,-0.5935170381170993,-0.019204746666633608,0.7905758180845104
2011-01-31,0.7905758180845104,-0.006042799835633079,0.5671092703816323
2011-02-01,0.5671092703816323,0.004971496065311172,-0.1015523081616768
2011-02-02,-0.1015523081616768,-0.0066621071985373806,-0.911317501567753
2011-02-03,-0.911317501567753,-0.01881140026278459,-0.5139889427096982
2011-02-04,-0.5139889427096982,0.013113469967213836,-0.1989610471739304
2011-02-07,-0.1989610471739304,-0.009041741972515643,0.9543458131876952
2011-02-08,0.9543458131876952,-0.017647941529023683,0.007305936076308
2011-02-09,0.007305936076308,0.017954942877757306,-0.3732849714195538
2011-02-10,-0.3732849714195538,-0.019143380871000655,-0.8616616260878739
2011-02-11,-0.8616616260878739,-0.013502201777710906,-0.3408168076350096
2011-02-14,-0.3408168076350096,0.011440282766713345,0.1483239666765476
2011-02-15,0.1483239666765476,-0.01442484593107343,0.3919978393365791
2011-02-16,0.3919978393365791,-0.018072348910239358,0.4786636040060009
2011-02-17,0.4786636040060009,-0.012025375451583605,0.4471328688285291
2011-02-18,0.4471328688285291,-0.008386743116511565,-0.0878027421594459
2011-02-22,-0.0878027421594459,-0.009547725318856795,0.7075415198472061
2011-02-23,0.7075415198472061,-0.018702367417822816,0.2613241905277232
2011-02-24,0.2613241905277232,0.005542337492546575,-0.2685929530241002
2011-02-25,-0.2685929530241002,-0.015525611420407742,0.2613431614524365
2011-02-28,0.2613431614524365,-0.015503673536243335,0.1448960624440066
2011-03-01,0.1448960624440066,-0.015249349544700605,0.4045955956375248
2011-03-02,0.4045955956375248,-0.017702358627743497,0.5608297702359242
2011-03-03,0.5608297702359242,-0.009618443924590932,0.2577874682156211
2011-03-04,0.2577874682156211,-0.0010137435900143196,-0.050073322695827
2011-03-07,-0.050073322695827,-0.014938407293366932,-0.4589795779773451
2011-03-08,-0.4589795779773451,-0.018718888666971297,-0.0431375375155815
2011-03-09,-0.0431375375155815,-0.006487488185355901,-0.5986530194605846
2011-03-10,-0.5986530194605846,-0.018695154015245533,0.2961680931084793
2011-03-11,0.2961680931084793,0.003194269083895204,0.7974466627857711
2011-03-14,0.7974466627857711,-0.01300117982351133,-0.0501019943916367
2011-03-15,-0.0501019943916367,0.02158343926288404,-0.329867635077165
2011-03-16,-0.329867635077165,-0.018643614282798465,0.7085882992519555
2011-03-17,0.7085882992519555,-0.011977873742035997,0.8522173586644897
2011-03-18,0.8522173586644897,0.014011016588159347,0.3036189446267495
2011-03-21,0.3036189446267495,0.026571441182338913,0.1972109386873885
2011-03-22,0.1972109386873885,-0.012973866924108622,-0.6211200092640635
2011-03-23,-0.6211200092640635,-0.01618305532240472,0.5366486541075042
2011-03-24,0.5366486541075042,0.005208992752614522,-0.3951458711927264
2011-03-25,-0.3951458711927264,-0.00022945363221021646,-0.2832060799718507
2011-03-28,-0.2832060799718507,-0.009109593683880968,-0.0993119184980348
2011-03-29,-0.0993119184980348,-0.013715079921751302,0.0354798655486927
2011-03-30,0.0354798655486927,-0.018096009059423372,0.6223939746394496
2011-03-31,0.6223939746394496,-0.018521105867195617,0.225368079049274
2011-04-01,0.225368079049274,0.009105245207235312,0.0422000287596015
2011-04-04,0.0422000287596015,-0.014843844600452008,0.0632666711201791
2011-04-05,0.0632666711201791,-0.018411249781049858,0.7212158839317596
2011-04-06,0.7212158839317596,-0.01817065661718426,-0.3214538058057499
2011-04-07,-0.3214538058057499,0.02139070746937888,1.044432276465646
2011-04-08,1.044432276465646,-0.011096921226920343,0.1176837213111795
2011-04-11,0.1176837213111795,0.05986923721132709,0.0069182607519971
2011-04-12,0.0069182607519971,-0.017622201818376072,0.1520807703597125
2011-04-13,0.1520807703597125,-0.018607830806055155,-0.0898379522085836
2011-04-14,-0.0898379522085836,-0.01674689215724444,-0.1452935530791
2011-04-15,-0.1452935530791,-0.017993128733159114,-1.6193555509305195
2011-04-18,-1.6193555509305195,-0.016951942337171857,0.7571014082144711
2011-04-19,0.7571014082144711,0.15819018389289552,1.3457472796356715
2011-04-20,1.3457472796356715,0.014578332442032403,0.4948803831458834
2011-04-21,0.4948803831458834,0.07670058966580046,-0.274631137251981
2011-04-22,-0.274631137251981,-0.006744353725759913,0.2129048570437539
2011-04-25,0.2129048570437539,-0.015368371999501614,0.3356052600317654
2011-04-26,0.3356052600317654,-0.01648540511186655,0.2322088189973908
2011-04-27,0.2322088189973908,-0.01273385250898541,0.8558671996546413
2011-04-28,0.8558671996546413,-0.0158032120134986,0.2431940670337532
2011-04-29,0.2431940670337532,0.021448822646963343,0.3300666497285915
2011-05-02,0.3300666497285915,-0.015560508059497803,0.0336190959629707
2011-05-03,0.0336190959629707,-0.012613423511900427,-0.1076209157483166
2011-05-04,-0.1076209157483166,-0.018764199685147722,-1.874927554278229
2011-05-05,-1.874927554278229,-0.01819827095820335,-0.6052704357809309
2011-05-06,-0.6052704357809309,0.16046001539285595,-1.3474297482820574
2011-05-09,-1.3474297482820574,-0.003228167073303131,0.3977813263493054
2011-05-10,0.3977813263493054,0.05612985778755664,-0.621792620585301
2011-05-11,-0.621792620585301,-0.01262928582408211,-0.2807216384883834
2011-05-12,-0.2807216384883834,-0.0036896832353399173,-0.6203756237914997
2011-05-13,-0.6203756237914997,-0.015989257833414473,0.5500719088597996
2011-05-16,0.5500719088597996,-0.0031242519045257956,-0.4511179850374469
2011-05-17,-0.4511179850374469,-0.0059092819033127715,0.80915129248822
2011-05-18,0.80915129248822,-0.010483587899013241,-0.1121862409066051
2011-05-19,-0.1121862409066051,0.009761296945624701,-0.576938207645345
2011-05-20,-0.576938207645345,-0.0185923548100467,-1.1140002386473955
2011-05-23,-1.1140002386473955,-0.004435787857987825,0.6542943475613698
2011-05-24,0.6542943475613698,0.034355872877687356,-0.0354496795516597
2011-05-25,-0.0354496795516597,-0.0007753010764581045,-0.0993260102943661
2011-05-26,-0.0993260102943661,-0.01906653534469723,1.402666168911603
2011-05-27,1.402666168911603,-0.018685284203871392,0.621011659823691
2011-05-31,0.621011659823691,0.06523727237742215,0.3818520972682863
2011-06-01,0.3818520972682863,-0.0034332529737216614,-0.0346536372459742
2011-06-02,-0.0346536372459742,-0.013030523007868836,1.2263329711909388
2011-06-03,1.2263329711909388,-0.019085608208380542,0.1094990528242113
2011-06-06,0.1094990528242113,0.04308744043384349,0.3754911392527759
2011-06-07,0.3754911392527759,-0.01862332637532143,-0.6014644610083852
2011-06-08,-0.6014644610083852,-0.013126727568177537,-0.3639988909632094
2011-06-09,-0.3639988909632094,-0.004203971382834326,-1.1696039763191188
2011-06-10,-1.1696039763191188,-0.013615709628916462,0.0208819128590998
2011-06-13,0.0208819128590998,0.03744336166522476,0.7281333095623712
2011-06-14,0.7281333095623712,-0.019108617032914717,-1.756509926490832
2011-06-15,-1.756509926490832,0.0033218056631238876,-0.4651826826696295
2011-06-16,-0.4651826826696295,0.0961950339069522,1.200814962839656
2011-06-17,1.200814962839656,-0.01192855340256921,-0.0418906659760054
2011-06-20,-0.0418906659760054,0.030294695528101517,0.5501598193633981
2011-06-21,0.5501598193633981,-0.019221878416128664,0.0277758490779565
2011-06-22,0.0277758490779565,-0.008547941217288028,-1.6591790885481992
2011-06-23,-1.6591790885481992,-0.019192227470886645,0.162228919374536
2011-06-24,0.162228919374536,0.07283719253458588,0.653298660174183
2011-06-27,0.653298660174183,-0.018393907743352825,0.6003508432925609
2011-06-28,0.6003508432925609,-0.005074149204278633,0.4167251481448698
2011-06-29,0.4167251481448698,-0.007110924296499776,0.6562836584374258
2011-06-30,0.6562836584374258,-0.01323156034540402,-0.1033378205010951
2011-07-01,-0.1033378205010951,-0.00418185058346191,-0.2622680777263407
2011-07-05,-0.2622680777263407,-0.018904561293336706,-0.9792084908926716
2011-07-06,-0.9792084908926716,-0.016818091650035283,0.1394797631803796
2011-07-07,0.1394797631803796,0.015382109206128066,-0.6853173675194417
2011-07-08,-0.6853173675194417,-0.018441334197853616,-1.534412286097819
2011-07-11,-1.534412286097819,-0.0019380190390894073,-0.1426126881754786
2011-07-12,-0.1426126881754786,0.06286463953712286,1.08584864488717
2011-07-13,1.08584864488717,-0.01863604674286254,0.105823848459084
2011-07-14,0.105823848459084,0.020742411085649125,-0.1834992398587974
2011-07-15,-0.1834992398587974,-0.0188509755969946,-0.8085723888159945
2011-07-18,-0.8085723888159945,-0.018147887551833733,0.8085723888160016
2011-07-19,0.8085723888160016,0.0035084626229382096,0.2257974428158607
2011-07-20,0.2257974428158607,0.0039889140638909686,1.2885332339896798
2011-07-21,1.2885332339896798,-0.01732992426108618,-0.0417565598662391
2011-07-22,-0.0417565598662391,0.03892655874269917,-0.0626675507053107
2011-07-25,-0.0626675507053107,-0.019214894616213195,0.9566134228062008
2011-07-26,0.9566134228062008,-0.019121249469998772,-0.8452315804524074
2011-07-27,-0.8452315804524074,0.013725114518787452,-0.4882141096331825
2011-07-28,-0.4882141096331825,0.005358730501855134,0.5925220360614628
2011-07-29,0.5925220360614628,-0.011067529585723043,-1.301172607347579
2011-08-01,-1.301172607347579,-0.006437417566309674,0.211015060363229
2011-08-02,0.211015060363229,0.03877739474344321,0.6164211168965429
2011-08-03,0.6164211168965429,-0.017670015530113006,-1.137732618050202
2011-08-04,-1.137732618050202,-0.005821711532121871,0.0
2011-08-05,0.0,0.024350148284912193,0.5845292885293089
2011-08-08,0.5845292885293089,-0.019261230928923567,0.0070217322642408
2011-08-09,0.0070217322642408,-0.00712754082254487,-0.3446460242812202
2011-08-10,-0.3446460242812202,-0.019224565119761214,0.2603526784640401
2011-08-11,0.2603526784640401,-0.014965887651919162,0.0632266697096461
2011-08-12,0.0632266697096461,-0.016487552098191048,1.4848134486536202
2011-08-15,1.4848134486536202,-0.018976123799021073,-0.2147335705460541
2011-08-16,-0.2147335705460541,0.0645718851178561,0.1039609200608888
2011-08-17,0.1039609200608888,-0.017652559209223748,-0.8067925248042648
2011-08-18,-0.8067925248042648,-0.018751963665535172,0.6126446341155585
2011-08-19,0.6126446341155585,0.005099296196564304,-0.1667130144390605
2011-08-22,-0.1667130144390605,-0.004717800328433335,0.3262192724676449
2011-08-23,0.3262192724676449,-0.018174863922385192,-0.2011584627265727
2011-08-24,-0.2011584627265727,-0.01474380144453,-0.152873353377438
2011-08-25,-0.152873353377438,-0.017554493701982303,0.5755311798694261
2011-08-26,0.5755311798694261,-0.01817931735687028,0.3244402804501629
2011-08-29,0.3244402804501629,-0.004284178804157612,-0.5182253781198134
2011-08-30,-0.5182253781198134,-0.014208157244890779,-0.2011026647727132
2011-08-31,-0.2011026647727132,-0.0070862306061873345,-0.8574767586679944
2011-09-01,-0.8574767586679944,-0.017256524427825305,-0.5616808981500404
2011-09-02,-0.5616808981500404,0.014922073107459294,-1.4467311406302796
2011-09-06,-1.4467311406302796,-0.00472256278252936,0.4205730261025486
2011-09-07,0.4205730261025486,0.07085724988410377,-0.7927197377156201
2011-09-08,-0.7927197377156201,-0.011707030832467711,-2.0353435017970862
2011-09-09,-2.0353435017970862,0.006320530141227818,-0.2270980061034724
2011-09-12,-0.2270980061034724,0.12825575230623898,0.3294895896852706
2011-09-13,0.3294895896852706,-0.01771596188520936,0.219058137981846
2011-09-14,0.219058137981846,-0.015534019758651563,1.0737189630966557
2011-09-15,1.0737189630966557,-0.017515488171638845,-0.5426734492887662
2011-09-16,-0.5426734492887662,0.020671813890367017,-1.0722594436645227
2011-09-19,-1.0722594436645227,-0.009492942765022001,0.4463476477027476
2011-09-20,0.4463476477027476,0.01890868485670246,0.1969294243519203
2011-09-21,0.1969294243519203,-0.012452405418947035,-2.0464460949358374
2011-09-22,-2.0464460949358374,-0.01784059570995099,0.5340466631317283
2011-09-23,0.5340466631317283,0.1107958560891731,-0.0147961826118856
2011-09-26,-0.0147961826118856,-0.01109445034624167,0.6636703070825676
2011-09-27,0.6636703070825676,-0.01934076244254708,0.1615627875851171
2011-09-28,0.1615627875851171,-0.005893711944016154,0.0806836146017917
2011-09-29,0.0806836146017917,-0.018456946403127252,-1.402858210332592
2011-09-30,-1.402858210332592,-0.019058351961100558,-1.2570311423298406
2011-10-03,-1.2570311423298406,0.041523479403333466,0.0978363201276261
2011-10-04,0.0978363201276261,0.026265566282330344,0.2554279805096922
2011-10-05,0.2554279805096922,-0.019037754040173546,0.5984458315240266
2011-10-06,0.5984458315240266,-0.017282643935892593,0.7726635765771745
2011-10-07,0.7726635765771745,-0.008081391569790538,1.0674031190788504
2011-10-11,1.0674031190788504,-0.0005039410436729855,1.0778634685830475
2011-10-12,1.0778634685830475,0.01587565931645246,-0.5447625602238066
2011-10-13,-0.5447625602238066,0.015442443691062976,0.9495921451336278
2011-10-14,0.9495921451336278,-0.010773422686906313,-0.6586828490652548
2011-10-17,-0.6586828490652548,0.007655707727783365,-0.3710579396535713
2011-10-18,-0.3710579396535713,-0.0067413235252436155,0.4073621694950285
2011-10-19,0.4073621694950285,-0.015295542093564998,-0.7505409225688381
2011-10-20,-0.7505409225688381,-0.014001027088914595,1.4594559285298718
2011-10-21,1.4594559285298718,-0.0017746567813937042,0.424384740516631
2011-10-24,0.424384740516631,0.04556658374243991,-0.1508458426321314
2011-10-25,-0.1508458426321314,-0.01391923944217857,-0.5261463000814232
2011-10-26,-0.5261463000814232,-0.018687872215689752,2.3849755926606235
2011-10-27,2.3849755926606235,-0.01086516632591512,-0.0564652753568206
2011-10-28,-0.0564652753568206,0.1370874067358604,-1.5439102873099944
2011-10-31,-1.5439102873099944,-0.019363969907133835,-1.9621959599502616
2011-11-01,-1.9621959599502616,0.03731325413269715,0.9243488064386416
2011-11-02,0.9243488064386416,0.06348065121471887,-0.4283594599541711
2011-11-03,-0.4283594599541711,-0.00184785912422335,0.123613904124512
2011-11-04,0.123613904124512,-0.01578273929654927,-0.123613904124506
2011-11-07,-0.123613904124506,-0.019117793476240905,0.2978679233860447
2011-11-08,0.2978679233860447,-0.01915300574577097,-1.380541264189055
2011-11-09,-1.380541264189055,-0.01731238329594199,0.0294160908136858
2011-11-10,0.0294160908136858,0.024032117681339435,0.183654780730133
2011-11-14,0.183654780730133,-0.019424907585989498,-0.7440455703668252
2011-11-15,-0.7440455703668252,-0.018583861156552972,-0.1405897601060667
2011-11-16,-0.1405897601060667,-0.006133263089458222,0.1258001423907366
2011-11-17,0.1258001423907366,-0.01896211648306583,-0.0073956291865243
2011-11-18,-0.0073956291865243,-0.018950053055079664,0.0295792355924313
2011-11-21,0.0295792355924313,-0.019382092134194197,-0.1850139288161366
2011-11-22,-0.1850139288161366,-0.019328524675166027,-1.1398044952369424
2011-11-23,-1.1398044952369424,-0.018408769960907838,-0.7747020807014579
2011-11-25,-0.7747020807014579,0.018128841426113828,0.6772544510868467
2011-11-28,0.6772544510868467,-0.0023900355334073482,0.0674738564415544
2011-11-29,0.0674738564415544,-0.005852521569517106,0.8210226743122143
2011-11-30,0.8210226743122143,-0.01917652222729833,0.2524129031314841
2011-12-01,0.2524129031314841,0.0013145885079964806,-0.7516873856270077
2011-12-02,-0.7516873856270077,-0.017272515517698612,0.5735797318647331
2011-12-05,0.5735797318647331,-0.0019070590951058193,-0.4914380702249138
2011-12-06,-0.4914380702249138,-0.008691896931754902,-0.0821416616398245
2011-12-07,-0.0821416616398245,-0.011681534929281437,-0.464246434701721
2011-12-08,-0.464246434701721,-0.01907892068988594,0.3296870961659446
2011-12-09,0.3296870961659446,-0.01204100412943321,-1.3556466083607963
2011-12-12,-1.3556466083607963,-0.015268816754248413,-0.7153215190585009
2011-12-13,-0.7153215190585009,0.04319962458234218,-0.9360921573828038
2011-12-14,-0.9360921573828038,-0.00269746829783257,0.3155669349548795
2011-12-15,0.3155669349548795,0.009039720989123942,0.0921729844810434
2011-12-16,0.0921729844810434,-0.015875484474677664,-0.0614392155107219
2011-12-19,-0.0614392155107219,-0.018930673582319833,0.4522293377640768
2011-12-20,0.4522293377640768,-0.019125216670211737,-0.2756932363457341
2011-12-21,-0.2756932363457341,-0.011549065557292848,0.038336209018483
2011-12-22,0.038336209018483,-0.016459478132162916,-0.0383362090184846
2011-12-23,-0.0383362090184846,-0.019098214850128716,0.2603968692030859
2011-12-27,0.2603968692030859,-0.019104725190395102,-1.1384738349834005
2011-12-28,-1.1384738349834005,-0.016152587406546504,0.2009429534630175
2011-12-29,0.2009429534630175,0.033682072099017746,0.162005821354137
2011-12-30,0.162005821354137,-0.017414854292546175,0.6760416006508854
2012-01-03,0.6760416006508854,-0.017939320692538986,-1.008049781161814
2012-01-04,-1.008049781161814,0.0007446277416746577,-1.1434029597881343
2012-01-05,-1.1434029597881343,0.022767147980891755,-0.4704784025321299
2012-01-06,-0.4704784025321299,0.03192742962466307,0.1727658667515399
2012-01-09,0.1727658667515399,-0.010828111830550576,0.2898893400011356
2012-01-10,0.2898893400011356,-0.017890466084022574,-0.7538908016384692
2012-01-11,-0.7538908016384692,-0.015538181820815938,1.0351409870329684
2012-01-12,1.0351409870329684,0.004164546349882388,-1.0666767804195303
2012-01-13,-1.0666767804195303,0.02465404792695833,0.4562984866177503
2012-01-17,0.4562984866177503,0.02415063352620154,0.6649740912816015
2012-01-18,0.6649740912816015,-0.011074001330687838,0.869503187893165
2012-01-19,0.869503187893165,-0.0018576250647620574,0.0849913128232933
2012-01-20,0.0849913128232933,0.01006860990961814,0.6696711321467166
2012-01-23,0.6696711321467166,-0.018863800208855464,-0.2381044943806224
2012-01-24,-0.2381044943806224,-0.0012331078780062656,-0.2001386242682137
2012-01-25,-0.2001386242682137,-0.01699420310258301,1.331822211484731
2012-01-26,1.331822211484731,-0.017565051152052258,0.303674694347359
2012-01-27,0.303674694347359,0.05239308226622143,-0.5244169343148155
2012-01-30,-0.5244169343148155,-0.015486526041225274,-0.5348423507496985
2012-01-31,-0.5348423507496985,-0.008536325321301198,0.960666125509964
2012-02-01,0.960666125509964,-0.007909985296591579,-0.091095428754568
2012-02-02,-0.091095428754568,0.01797273195307963,-0.4643558756901519
2012-02-03,-0.4643558756901519,-0.01886945510610377,0.182954769739962
2012-02-06,0.182954769739962,-0.010519239682858788,0.8644931370294994
2012-02-07,0.8644931370294994,-0.01761640042272245,0.067932221354166
2012-02-08,0.067932221354166,0.012957697416141065,0.3314503976027372
2012-02-09,0.3314503976027372,-0.018878790783043175,-0.8306950049006893
2012-02-10,-0.8306950049006893,-0.014077755291353763,0.1818320070655028
2012-02-13,0.1818320070655028,0.010969330136441377,-0.4704105791435161
2012-02-14,-0.4704105791435161,-0.017513047980783864,-0.4726339031438245
2012-02-15,-0.4726339031438245,-0.009199255650409584,0.1755926702264791
2012-02-16,0.1755926702264791,-0.008908314677077608,0.2970412329173251
2012-02-17,0.2970412329173251,-0.01745039005996809,0.802912963620705
2012-02-21,0.802912963620705,-0.014474049260752965,-0.0301818458489698
2012-02-22,-0.0301818458489698,0.013274213595255852,0.429233687373129
2012-02-23,0.429233687373129,-0.01895844087673495,1.1579823840867591
2012-02-24,1.1579823840867591,-0.009302381062440641,-0.394448470351064
2012-02-27,-0.394448470351064,0.047503426533404496,0.3127096584436104
2012-02-28,0.3127096584436104,-0.011863475603179865,-0.6937478870348033
2012-02-29,-0.6937478870348033,-0.01406852243722156,-0.2923649895431918
2012-03-01,-0.2923649895431918,0.004260802597837898,-0.8898331845664005
2012-03-02,-0.8898331845664005,-0.014907932997834846,0.1816255985891452
2012-03-05,0.1816255985891452,0.019634548036388717,-0.8504227411043073
2012-03-06,-0.8504227411043073,-0.01726128584030341,0.2665348263354221
2012-03-07,0.2665348263354221,0.016220894334114496,0.8104570019479925
2012-03-08,0.8104570019479925,-0.015335470598084844,-1.122754928769356
2012-03-09,-1.122754928769356,0.013911535291581411,0.2514382824932955
2012-03-12,0.2514382824932955,0.03935982240917641,-0.2438096445828872
2012-03-13,-0.2438096445828872,-0.016028342184854317,-0.6428429576241503
2012-03-14,-0.6428429576241503,-0.016351676184172756,0.3448939996699883
2012-03-15,0.3448939996699883,0.00046966098789033296,0.7697915380778877
2012-03-16,0.7697915380778877,-0.013026287763743774,0.5376153485745068
2012-03-19,0.5376153485745068,0.010318685195667577,-0.1511487591267986
2012-03-20,-0.1511487591267986,-0.004693097482605578,-0.2423142182163259
2012-03-21,-0.2423142182163259,-0.01794073032529138,0.0303214071455979
2012-03-22,0.0303214071455979,-0.016088249392861773,0.5216022711536814
2012-03-23,0.5216022711536814,-0.018857746105987994,0.4888881912270965
2012-03-26,0.4888881912270965,-0.0037901753844171034,0.0600060024005904
2012-03-27,0.0600060024005904,-0.0054745778714794515,-0.2703110220784672
2012-03-28,-0.2703110220784672,-0.018630487081255316,-0.2635047638005113
2012-03-29,-0.2635047638005113,-0.014774718286072179,0.5188176606165125
2012-03-30,0.5188176606165125,-0.01483486225602734,-0.0675194143960016
2012-04-02,-0.0675194143960016,-0.002042401047547486,0.0900157588349288
2012-04-03,0.0900157588349288,-0.018533450009517314,-1.5947131588726535
2012-04-04,-1.5947131588726535,-0.018138365760142786,-0.473464038336703
2012-04-05,-0.473464038336703,0.12662573403014998,0.1911827141418285
2012-04-06,0.1911827141418285,-0.007728051542800875,-0.0152811736238722
2012-04-09,-0.0152811736238722,-0.016894299299733538,-0.1452877334519825
2012-04-10,-0.1452877334519825,-0.018897528715474596,0.2751033371890019
2012-04-11,0.2751033371890019,-0.01776585126072161,0.5099915906195829
2012-04-12,0.5099915906195829,-0.01422602734495423,-0.6780203477888413
2012-04-13,-0.6780203477888413,-0.0030074875604561018,-0.1147271532011917
2012-04-16,-0.1147271532011917,0.007901251485684603,0.427644790714053
2012-04-17,0.427644790714053,-0.018102584580475634,-0.0076204991463845
2012-04-18,-0.0076204991463845,-0.0072724164226068335,0.0761788716660448
2012-04-19,0.0761788716660448,-0.018756667517296415,0.6073507889197011
2012-04-20,0.6073507889197011,-0.018277074367443958,-0.6301983576569908
2012-04-23,-0.6301983576569908,0.006133921916389269,0.5923468109694049
2012-04-24,0.5923468109694049,0.00671291870668096,0.0227126472566685
2012-04-25,0.0227126472566685,0.004348103404374076,0.1664019747101597
2012-04-26,0.1664019747101597,-0.018659524296607485,0.1208459361568327
2012-04-27,0.1208459361568327,-0.016661802001176926,-0.1435208162660827
2012-04-30,-0.1435208162660827,-0.017505833576798704,-0.0226800227772378
2012-05-01,-0.0226800227772378,-0.017209592932838375,-0.5458694373311422
2012-05-02,-0.5458694373311422,-0.018520002019511206,-0.053229916469201
2012-05-03,-0.053229916469201,0.0037582138867685686,-0.4268624516505221
2012-05-04,-0.4268624516505221,-0.01832797752764742,-0.2983592466887824
2012-05-07,-0.2983592466887824,-0.004412605449481306,-0.2838840284545403
2012-05-08,-0.2838840284545403,-0.011552422770580169,-0.4697917685803369
2012-05-09,-0.4697917685803369,-0.01203574824721831,0.038590669255208
2012-05-10,0.038590669255208,-0.0004153258315022244,-0.1699104517512503
2012-05-11,-0.1699104517512503,-0.01820285170025409,-0.6981101886292388
2012-05-14,-0.6981101886292388,-0.015946954819710278,-0.6089962606928561
2012-05-15,-0.6089962606928561,0.023541515409289556,-0.3058945873228977
2012-05-16,-0.3058945873228977,0.012288171443905083,-0.1651008669381817
2012-05-17,-0.1651008669381817,-0.010803998135803627,0.0943767274140483
2012-05-18,0.0943767274140483,-0.01615098181199193,0.3766187268470224
2012-05-21,0.3766187268470224,-0.01739762904295018,-0.2666250011123651
2012-05-22,-0.2666250011123651,-0.004887361685775753,-1.312064348872
2012-05-23,-1.312064348872,-0.011905176749660103,0.1113231667130413
2012-05-24,0.1113231667130413,0.12310187587779095,-0.517908810732106
2012-05-25,-0.517908810732106,-0.017521574121767754,-0.2399425289378886
2012-05-29,-0.2399425289378886,0.0014276265951893297,-0.6668566069366627
2012-05-30,-0.6668566069366627,-0.014283997869974375,-0.331059287389449
2012-05-31,-0.331059287389449,0.015136088005901068,0.4519052235462976
2012-06-01,0.4519052235462976,-0.010408139513602747,0.6020487781583025
2012-06-04,0.6020487781583025,-0.002241569433220113,-0.4652663615311779
2012-06-05,-0.4652663615311779,0.009942466810265926,0.7848830938652743
2012-06-06,0.7848830938652743,-0.002382199149327047,0.2629169343063182
2012-06-07,0.2629169343063182,0.028008008639034552,-0.6866294441468708
2012-06-08,-0.6866294441468708,-0.013272765542341386,0.1760986607324308
2012-06-11,0.1760986607324308,0.01537964866977513,-0.2161643690291096
2012-06-12,-0.2161643690291096,-0.01614982353479366,0.9492353809893928
2012-06-13,0.9492353809893928,-0.01518607848316395,0.0952229876744968
2012-06-14,0.0952229876744968,0.04813757390468423,0.1980904732377206
2012-06-15,0.1980904732377206,-0.01789085046292261,-0.4363181726588814
2012-06-18,-0.4363181726588814,-0.015521089165404173,0.9022617599637552
2012-06-19,0.9022617599637552,-0.004657959602398785,0.086631232037444
2012-06-20,0.086631232037444,0.040952878370224335,-0.9253100936581888
2012-06-21,-0.9253100936581888,-0.018019240535020686,-0.3262905286356201
2012-06-22,-0.3262905286356201,0.03974805761111422,-0.519481687710391
2012-06-25,-0.519481687710391,-0.011778822044789906,-0.0721414002671467
2012-06-26,-0.0721414002671467,-0.0007120878461763188,-0.1123235034654463
2012-06-27,-0.1123235034654463,-0.01833910059537435,-0.1928485933155125
2012-06-28,-0.1928485933155125,-0.017783876640255308,1.8724900705592813
2012-06-29,1.8724900705592813,-0.01595452487402824,-0.6652962920416648
2012-07-02,-0.6652962920416648,0.19816902293301292,0.2856691357090397
2012-07-03,0.2856691357090397,0.0030743436007311395,-1.8877540265695845
2012-07-05,-1.8877540265695845,-0.014604109325597942,-0.8189124290414018
2012-07-06,-0.8189124290414018,0.1403842354357528,0.1301765703316243
2012-07-09,0.1301765703316243,0.0066311891024899115,-0.3583941280197509
2012-07-10,-0.3583941280197509,-0.018434430373310974,-0.0897995896909877
2012-07-11,-0.0897995896909877,-0.01406894026371181,-0.3682039916565475
2012-07-12,-0.3682039916565475,-0.018820361850655516,0.2701487460160739
2012-07-13,0.2701487460160739,-0.01337460126871846,0.2857261423853719
2012-07-16,0.2857261423853719,-0.01565870737024887,-0.2693769230241744
2012-07-17,-0.2693769230241744,-0.01511902754625731,0.2204532429876856
2012-07-18,0.2204532429876856,-0.0157095042393123,-0.0326290891221825
2012-07-19,-0.0326290891221825,-0.016474998130908955,-0.6630401239698073
2012-07-20,-0.6630401239698073,-0.01892722091424462,-0.4114893469791174
2012-07-23,-0.4114893469791174,0.0034268877080527766,-0.529189262074384
2012-07-24,-0.529189262074384,-0.01035766335316793,0.5786574797539694
2012-07-25,0.5786574797539694,-0.004427134212875192,1.2125332892661622
2012-07-26,1.2125332892661622,-0.0007494671173781069,0.7302263685400241
2012-07-27,0.7302263685400241,0.05571752911216908,-0.974824941366059
2012-07-30,-0.974824941366059,0.006606275087177473,0.5292094581765308
2012-07-31,0.5292094581765308,0.024034168979055186,-0.1300073312227853
2012-08-01,-0.1300073312227853,-0.006163236795546715,-1.2271096387668268
2012-08-02,-1.2271096387668268,-0.018334614752106064,1.9642833768445904
2012-08-03,1.9642833768445904,0.04779656713083768,0.2579398496060095
2012-08-06,0.2579398496060095,0.12654278774825853,0.0
2012-08-07,0.0,-0.01691530133863827,-0.4680069867241366
2012-08-08,-0.4680069867241366,-0.019241300849446114,-0.6979981264565205
2012-08-09,-0.6979981264565205,-0.011508709921868214,0.1627604525973452
2012-08-10,0.1627604525973452,-0.001684080440427933,0.3328330385118857
2012-08-13,0.3328330385118857,-0.01814215699970426,-0.0810767029980948
2012-08-14,-0.0810767029980948,-0.014758213394338955,-0.3331034481099493
2012-08-15,-0.3331034481099493,-0.01893141272857715,0.5518598651018994
2012-08-16,0.5518598651018994,-0.014713647350098703,-0.3323743483834018
2012-08-17,-0.3323743483834018,-0.006021214563923787,0.2271069189290389
2012-08-20,0.2271069189290389,-0.01451762188224484,1.0397030993683851
2012-08-21,1.0397030993683851,-0.01667403213326164,0.0
2012-08-22,0.0,0.02879145684251369,0.8860564854355293
2012-08-23,0.8860564854355293,-0.019095024620838685,-0.3981530980445564
2012-08-24,-0.3981530980445564,0.015540782341790108,-0.1517148053213484
2012-08-27,-0.1517148053213484,-0.012411754571201795,0.3987564100228315
2012-08-28,0.3987564100228315,-0.01811939159061867,-0.2071548824623282
2012-08-29,-0.2071548824623282,-0.011503414647555162,-0.3275417348130142
2012-08-30,-0.3275417348130142,-0.017101898577927634,0.6460640617664923
2012-08-31,0.6460640617664923,-0.013932833887141664,-0.0954502140556368
2012-09-04,-0.0954502140556368,0.0020533598010001857,0.2940126874599414
2012-09-05,0.2940126874599414,-0.018570517147044555,0.1823299090079265
2012-09-06,0.1823299090079265,-0.014269450510662782,1.337444214183777
2012-09-07,1.337444214183777,-0.017017507185264954,-0.0078152475519422
2012-09-10,-0.0078152475519422,0.0725367264904611,0.4911716107742754
2012-09-11,0.4911716107742754,-0.019013696892214795,0.2795901168933439
2012-09-12,0.2795901168933439,-0.006792300732586678,0.1395024639164513
2012-09-13,0.1395024639164513,-0.014862082811597056,1.7656096948083255
2012-09-14,1.7656096948083255,-0.017842959009970887,-0.1294399997988749
2012-09-17,-0.1294399997988749,0.12715379925088896,-0.5654049292296925
2012-09-18,-0.5654049292296925,-0.018480441929148918,0.1072139787185194
2012-09-19,0.1072139787185194,-0.005647716477567784,-0.8995562908577873
2012-09-20,-0.8995562908577873,-0.018523641349858625,0.3238494618510276
2012-09-21,0.3238494618510276,0.01615601281986697,-0.6255088157935861
2012-09-24,-0.6255088157935861,-0.014299856753246345,0.2784870678928728
2012-09-25,0.2784870678928728,-0.0018828947712892933,-0.7210171949889042
2012-09-26,-0.7210171949889042,-0.01537919884498645,0.1710332376812234
2012-09-27,0.1710332376812234,0.004498461433643145,-0.1399145195212636
2012-09-28,-0.1399145195212636,-0.017581707378784856,0.3416682932415001
2012-10-01,0.3416682932415001,-0.018140699705259184,0.3945693873823555
2012-10-02,0.3945693873823555,-0.012963748942800259,-0.3248262716877896
2012-10-03,-0.3248262716877896,-0.010778162432451556,0.7101535055459434
2012-10-04,0.7101535055459434,-0.013614691594306956,0.4451273658238599
2012-10-05,0.4451273658238599,0.00803161177791012,-1.4112437801708384
2012-10-09,-1.4112437801708384,-0.008235145227217936,0.0931532438111485
2012-10-10,0.0931532438111485,0.0778218501508482,0.3098855904066361
2012-10-11,0.3098855904066361,-0.01859360672868271,0.1391358344578812
2012-10-12,0.1391358344578812,-0.014255075917285942,0.030892802222833
2012-10-15,0.030892802222833,-0.017955304634500614,0.6618972829768569
2012-10-16,0.6618972829768569,-0.018891151623837674,0.7413385627707525
2012-10-17,0.7413385627707525,0.004227791191099965,-0.2058005985717662
2012-10-18,-0.2058005985717662,0.009656572725956858,-0.6429905802634763
2012-10-19,-0.6429905802634763,-0.016886676453073596,0.3143571689755887
2012-10-22,0.3143571689755887,0.0023357301558103046,-0.7067710145890235
2012-10-23,-0.7067710145890235,-0.013498555019581474,-0.1929236235217526
2012-10-24,-0.1929236235217526,0.007274450340585731,0.0926497904447121
2012-10-25,0.0926497904447121,-0.017028860095054207,-0.1544640405971826
2012-10-26,-0.1544640405971826,-0.018340379958841174,-0.2476398108145781
2012-10-29,-0.2476398108145781,-0.01756708473432032,0.5640347191973972
2012-10-30,0.5640347191973972,-0.015316279849038921,-0.1619308677856379
2012-10-31,-0.1619308677856379,0.0008858943578847479,-0.1621935092000653
2012-11-01,-0.1621935092000653,-0.01727650773673087,-0.6903265731359093
2012-11-02,-0.6903265731359093,-0.017180972184822275,-0.452454161365461
2012-11-05,-0.452454161365461,0.011325758873276769,0.2186817491283801
2012-11-06,0.2186817491283801,-0.006008122678772724,-0.4613528142428921
2012-11-07,-0.4613528142428921,-0.015431621451765574,-0.1490254795588952
2012-11-08,-0.1490254795588952,-0.004883675756349659,-0.1964251269934258
2012-11-09,-0.1964251269934258,-0.017271593400980244,0.0078644174473411
2012-11-13,0.0078644174473411,-0.016070911012366417,0.1885607095460984
2012-11-14,0.1885607095460984,-0.018570633282073108,0.3369513041867468
2012-11-15,0.3369513041867468,-0.01569387388970319,-0.5333764311801676
2012-11-16,-0.5333764311801676,-0.009429783701422619,0.7131412222527341
2012-11-19,0.7131412222527341,0.003145086567915214,0.0624512120219436
2012-11-20,0.0624512120219436,0.020702422606800108,0.0156067109173571
2012-11-21,0.0156067109173571,-0.018180753261259293,1.1096137127273982
2012-11-23,1.1096137127273982,-0.01844821915481883,0.0540019299526412
2012-11-26,0.0540019299526412,0.0737841132643035,-0.2007257680049347
2012-11-27,-0.2007257680049347,-0.01837622305536101,-0.131461952970021
2012-11-28,-0.131461952970021,-0.01581935746032044,0.2318752005064487
2012-11-29,0.2318752005064487,-0.01735396134560296,0.4390870976294971
2012-11-30,0.4390870976294971,-0.014115614664299149,0.4295143894144634
2012-12-03,0.4295143894144634,-0.002850939622422655,0.1147359287531355
2012-12-04,0.1147359287531355,-0.003413492705945647,-0.0305833781724758
2012-12-05,-0.0305833781724758,-0.01726148738173202,-0.837017749099038
2012-12-06,-0.837017749099038,-0.018336774357354663,-0.2006947798300648
2012-12-07,-0.2006947798300648,0.03847116791842623,-0.0927643851308285
2012-12-10,-0.0927643851308285,-0.015392029502050904,0.4783590635556087
2012-12-11,0.4783590635556087,-0.017773495278700167,0.3534387083025525
2012-12-12,0.3534387083025525,0.0014455737016133925,0.2986791422017763
2012-12-13,0.2986791422017763,-0.007390723806647015,0.4349325844415423
2012-12-14,0.4349325844415423,-0.010315624175054883,0.2661294959302196
2012-12-17,0.2661294959302196,-0.0013083712977416046,0.416777779063993
2012-12-18,0.416777779063993,-0.011742797906989098,0.2718624238993464
2012-12-19,0.2718624238993464,-0.0022114664409638683,-0.2718624238993384
2012-12-20,-0.2718624238993384,-0.011230118985760037,-0.4395611473038109
2012-12-21,-0.4395611473038109,-0.011617728366061508,0.0986904616067354
2012-12-24,0.0986904616067354,-0.00043025434195578354,0.3711141457793976
2012-12-26,0.3711141457793976,-0.017128364467815838,0.0
2012-12-27,0.0,-0.0041893496285892425,-0.0604960696006105
2012-12-28,-0.0604960696006105,-0.018099838186351903,-0.2575173732432342
2012-12-31,-0.2575173732432342,-0.01772774221670657,0.0682309264179475
2013-01-02,0.0682309264179475,-0.011195549463187411,-0.6462672179678874
2013-01-03,-0.6462672179678874,-0.01732822436411128,-0.4817075491997429
2013-01-04,-0.4817075491997429,0.02683549157333262,0.3977669131900966
2013-01-07,0.3977669131900966,0.00592619812986213,-0.2369397676688189
2013-01-08,-0.2369397676688189,-0.0008956957997320525,0.0764935400260472
2013-01-09,0.0764935400260472,-0.01230255482934375,1.0799405284456105
2013-01-10,1.0799405284456105,-0.017198080985352495,1.0010244278286613
2013-01-11,1.0010244278286613,0.10063397941943625,0.1197515299158597
2013-01-14,0.1197515299158597,0.06798561686797153,-0.2021639713661756
2013-01-15,-0.2021639713661756,-0.017162839877476823,-0.2777049857671181
2013-01-16,-0.2777049857671181,-0.015164649438463244,0.3825817651755459
2013-01-17,0.3825817651755459,-0.011991807152989366,-0.3976148379639294
2013-01-18,-0.3976148379639294,-0.0051270678471994225,0.0075168188857866
2013-01-22,0.0075168188857866,-0.004741741375221565,0.0300616265603765
2013-01-23,0.0300616265603765,-0.018261108746529513,0.5246208539986167
2013-01-24,0.5246208539986167,-0.01809827041101129,0.5813536534375713
2013-01-25,0.5813536534375713,0.008438553769984944,0.0222924020986383
2013-01-28,0.0222924020986383,0.013690261546853476,0.1855770120235731
2013-01-29,0.1855770120235731,-0.01815845720232002,0.5915426891577994
2013-01-30,0.5915426891577994,-0.014656602719849305,0.1473405305599363
2013-01-31,0.1473405305599363,0.016072812630675667,0.7919091098947232
2013-02-01,0.7919091098947232,-0.01592929405405952,-1.2124032560882023
2013-02-04,-1.2124032560882023,0.04130082826924205,0.3100091056758907
2013-02-05,0.3100091056758907,0.09964436332018177,-0.3026167567536644
2013-02-06,-0.3026167567536644,-0.011135889967049709,-1.085109123565392
2013-02-07,-1.085109123565392,-0.011817652356252824,-0.1196351271746882
2013-02-08,-0.1196351271746882,0.0653748825648688,0.3584768588666944
2013-02-11,0.3584768588666944,-0.017761917560002487,0.2680168370302593
2013-02-12,0.2680168370302593,-0.009240932446614464,-0.0148709941533589
2013-02-13,-0.0148709941533589,-0.013173287253917414,-0.8513231910446265
2013-02-14,-0.8513231910446265,-0.01854647967657485,0.2097693307417322
2013-02-15,0.2097693307417322,0.03394226611334142,0.1869229300475054
2013-02-19,0.1869229300475054,-0.015244985738984298,-0.276770195750211
2013-02-20,-0.276770195750211,-0.0157936961830379,-1.0996570855311911
2013-02-21,-1.0996570855311911,-0.01289621451967966,-0.288206494526163
2013-02-22,-0.288206494526163,0.06800253830681338,0.0455615468432924
2013-02-25,0.0455615468432924,-0.013186158257815496,-0.899876430109214
2013-02-26,-0.899876430109214,-0.018432682625672606,0.3822926897688125
2013-02-27,0.3822926897688125,0.03689116457160008,-0.1909636603698279
2013-02-28,-0.1909636603698279,-0.0085012816930398,-0.6982036266415834
2013-03-01,-0.6982036266415834,-0.01627132307423689,0.0615763566254409
2013-03-04,0.0615763566254409,0.014608419355617882,0.1768211108406203
2013-03-05,0.1768211108406203,-0.01832382693473974,-0.2229998232751917
2013-03-06,-0.2229998232751917,-0.01619395161478878,0.8279716113353777
2013-03-07,0.8279716113353777,-0.015048695088639576,-0.8125763376539799
2013-03-08,-0.8125763376539799,0.032209382204213856,0.1691917653470226
2013-03-11,0.1691917653470226,0.026211617010449134,0.0691323912773862
2013-03-12,0.0691323912773862,-0.016572472356691965,-0.5698459898863207
2013-03-13,-0.5698459898863207,-0.0182241984084933,0.1928789704160792
2013-03-14,0.1928789704160792,0.0042075851108645925,0.7831134071100557
2013-03-15,0.7831134071100557,-0.015726567880648797,-0.9219487552881308
2013-03-18,-0.9219487552881308,0.026059173749827746,-0.5262355434409771
2013-03-19,-0.5262355434409771,0.03781594110039279,0.4799142270873592
2013-03-20,0.4799142270873592,-0.0011377045495485126,-0.1700286366807205
2013-03-21,-0.1700286366807205,-0.00333406189358017,0.5246116028114393
2013-03-22,0.5246116028114393,-0.016898284463432806,-0.8888260392903118
2013-03-25,-0.8888260392903118,0.0003566916992417884,-0.1787171694455861
2013-03-26,-0.1787171694455861,0.03232257374929556,-0.5928254491404972
2013-03-27,-0.5928254491404972,-0.016801464440017632,0.4683118143766648
2013-03-28,0.4683118143766648,0.003791684184994222,-0.2026659045853215
2013-03-29,-0.2026659045853215,-0.00403133786663858,0.3194019776108358
2013-04-01,0.3194019776108358,-0.016107506740281993,-0.1634686854501318
2013-04-02,-0.1634686854501318,-0.011413636110937282,0.0856597801862053
2013-04-03,0.0856597801862053,-0.01687219603763899,0.0544725899621999
2013-04-04,0.0544725899621999,-0.01797104345408932,1.3369079766332514
2013-04-05,1.3369079766332514,-0.01825966083960198,-0.1459573909972266
2013-04-08,-0.1459573909972266,0.10599435591019553,0.6436803833479268
2013-04-09,0.6436803833479268,-0.017500595609403903,-0.2447232790648983
2013-04-10,-0.2447232790648983,0.00827045916160399,0.4888491250570132
2013-04-11,0.4888491250570132,-0.015048524665524367,-0.2288505079955614
2013-04-12,-0.2288505079955614,-0.0026545188961565064,-0.091687047987849
2013-04-15,-0.091687047987849,-0.015363828260228462,0.4499874122480085
2013-04-16,0.4499874122480085,-0.018139128400620222,-0.7025611181391304
2013-04-17,-0.7025611181391304,-0.003949548628974984,0.1761035637537139
2013-04-18,0.1761035637537139,0.015265726887646294,-0.0459101699088462
2013-04-19,-0.0459101699088462,-0.016321720851055353,-0.1225302649856191
2013-04-22,-0.1225302649856191,-0.018475028986369487,-0.2916125157597432
2013-04-23,-0.2916125157597432,-0.017522501226782467,-0.1153447011653557
2013-04-24,-0.1153447011653557,-0.01218994156907864,0.0538440842207549
2013-04-25,0.0538440842207549,-0.017509402336857598,0.153680681852567
2013-04-26,0.153680681852567,-0.018121694072195448,0.5054770661624054
2013-04-29,0.5054770661624054,-0.016193125794361198,0.5941064012905536
2013-04-30,0.5941064012905536,0.004243805285174974,0.1820941322583699
2013-05-01,0.1820941322583699,0.012220391362698832,-0.9597148838739142
2013-05-02,-0.9597148838739142,-0.015356423029408574,0.3514405022969896
2013-05-03,0.3514405022969896,0.056022754662184975,-0.3437873434519398
2013-05-06,-0.3437873434519398,-0.008527125530560363,0.1376567975100082
2013-05-07,0.1376567975100082,-0.00938455196015237,0.7006349581005992
2013-05-08,0.7006349581005992,-0.016751966595538965,-0.5479048787745587
2013-05-09,-0.5479048787745587,0.02205950073956047,-1.1512022761296312
2013-05-10,-1.1512022761296312,0.0047488049209646,0.2004935896784047
2013-05-13,0.2004935896784047,0.07683125531746263,-0.0924855557253088
2013-05-14,-0.0924855557253088,-0.01574333279902823,-0.8673484251492525
2013-05-15,-0.8673484251492525,-0.018085056178868134,0.3183850486073894
2013-05-16,0.3183850486073894,0.033166452978542815,-0.6221827506150494
2013-05-17,-0.6221827506150494,-0.011482922972946329,0.3660012651672363
2013-05-20,0.3660012651672363,0.00740445593143376,0.3491759124843626
2013-05-21,0.3491759124843626,-0.009156728429017677,-0.3569492421940515
2013-05-22,-0.3569492421940515,-0.009808317210106141,0.619964787952543
2013-05-23,0.619964787952543,-0.009800548612308063,-0.1855861961680044
2013-05-24,-0.1855861961680044,0.009367183851400198,-0.3877476746420541
2013-05-28,-0.3877476746420541,-0.01627312645724671,0.57333387081006
2013-05-29,0.57333387081006,-0.00781551831101293,0.7542558654874761
2013-05-30,0.7542558654874761,0.006189606240149508,-0.4149064730411113
2013-05-31,-0.4149064730411113,0.0228104947768405,0.8433692555262419
2013-06-03,0.8433692555262419,-0.006810182554994496,-0.1757536844875192
2013-06-04,-0.1757536844875192,0.030999294400562177,0.0993769909404536
2013-06-05,0.0993769909404536,-0.016707583082209945,1.2150817782512748
2013-06-06,1.2150817782512748,-0.017850626367811626,-0.0453001140249503
2013-06-07,-0.0453001140249503,0.07963954817904192,-0.0604320912786686
2013-06-10,-0.0604320912786686,-0.018672343438280153,0.3319254707100051
2013-06-11,0.3319254707100051,-0.01853565295633368,0.5707435138709251
2013-06-12,0.5707435138709251,-0.011113065653028584,-0.2999852257165225
2013-06-13,-0.2999852257165225,0.0035754805352009797,0.1201021012105489
2013-06-14,0.1201021012105489,-0.012823522025772631,0.0824866006051846
2013-06-17,0.0824866006051846,-0.017534385236509353,0.4934958422755074
2013-06-18,0.4934958422755074,-0.01803215280006011,-0.0223788744360115
2013-06-19,-0.0223788744360115,-0.00024030150861496636,-1.4276296267370072
2013-06-20,-1.4276296267370072,-0.018526674156486598,-0.7672769058406805
2013-06-21,-0.7672769058406805,0.11803645201170926,-0.1679133351325116
2013-06-24,-0.1679133351325116,0.015590953045266212,-0.0840625168909251
2013-06-25,-0.0840625168909251,-0.01725417976472475,-0.5673556582092615
2013-06-26,-0.5673556582092615,-0.018401841869894124,0.076858046977663
2013-06-27,0.076858046977663,0.0010083028332457714,-0.0461077392322932
2013-06-28,-0.0461077392322932,-0.018305907873898842,0.3835831323871193
2013-07-01,0.3835831323871193,-0.018592133928539506,-0.3297928363961639
2013-07-02,-0.3297928363961639,-0.00836096708950428,-0.0922296583708583
2013-07-03,-0.0922296583708583,-0.011364807672672526,-1.3469780987733655
2013-07-05,-1.3469780987733655,-0.01807489832340914,0.2490855183697191
2013-07-08,0.2490855183697191,0.09943660655820925,-0.6943117957180892
2013-07-09,-0.6943117957180892,-0.014869063820476527,0.5620623696203286
2013-07-10,0.5620623696203286,0.010021304873930995,1.5449094538303616
2013-07-11,1.5449094538303616,0.0005887110118728954,0.015329194480853
2013-07-12,0.015329194480853,0.11018905646182348,-0.0689998877377454
2013-07-15,-0.0689998877377454,-0.018974472246997713,0.8020514293631608
2013-07-16,0.8020514293631608,-0.01875948690015457,-0.3811270716067382
2013-07-17,-0.3811270716067382,0.01448344855749906,-0.1222680879815244
2013-07-18,-0.1222680879815244,-0.011760532676411571,0.4881779336591817
2013-07-19,0.4881779336591817,-0.01822026312511348,0.3873177425963404
2013-07-22,0.3873177425963404,-0.005749401818275713,0.1439121626903639
2013-07-23,0.1439121626903639,-0.01042474751242937,0.121028759100322
2013-07-24,0.121028759100322,-0.01760669669358337,0.0453480470321401
2013-07-25,0.0453480470321401,-0.01789523307328209,0.264121196443174
2013-07-26,0.264121196443174,-0.01863850748458738,-0.0527684607623463
2013-07-29,-0.0527684607623463,-0.01419970860977852,0.030156815668828
2013-07-30,0.030156815668828,-0.01858249340063429,0.1205364015157683
2013-07-31,0.1205364015157683,-0.018595933921085085,-0.4905855342852187
2013-08-01,-0.4905855342852187,-0.01752857912257311,0.3851241309136143
2013-08-02,0.3851241309136143,-0.0019290166598603623,-0.0829406268093305
2013-08-05,-0.0829406268093305,-0.007650305714483555,0.293752329637954
2013-08-06,0.293752329637954,-0.018133403338296255,0.2478874508788771
2013-08-07,0.2478874508788771,-0.011732937879782543,0.4715401125238358
2013-08-08,0.4715401125238358,-0.01349747411076545,-0.4040409537004863
2013-08-09,-0.4040409537004863,-0.0005226574770119662,-0.1951220131261916
2013-08-12,-0.1951220131261916,-0.005889053648484467,-0.4894772376728281
2013-08-13,-0.4894772376728281,-0.015535457150381432,0.0679168422137215
2013-08-14,0.0679168422137215,0.0008211818423172389,0.0527923387954063
2013-08-15,0.0527923387954063,-0.01794083800013444,0.4363533857109949
2013-08-16,0.4363533857109949,-0.018044317062324254,0.2024823519801717
2013-08-19,0.2024823519801717,-0.0010325469431361487,0.5826564627432173
2013-08-20,0.5826564627432173,-0.014394889609085486,-0.4329334223467173
2013-08-21,-0.4329334223467173,0.01284239589909369,-0.0448933789806956
2013-08-22,-0.0448933789806956,-0.002073683368226382,0.2242656243833799
2013-08-23,0.2242656243833799,-0.018132734131433976,-0.1718919746133942
2013-08-26,-0.1718919746133942,-0.013264316661856172,0.1345492802775277
2013-08-27,0.1345492802775277,-0.01551364100149144,-0.4567072663415255
2013-08-28,-0.4567072663415255,-0.0161600801656335,-0.7381219020799066
2013-08-29,-0.7381219020799066,0.002414733021815287,-0.242204175321129
2013-08-30,-0.242204175321129,0.03398532099348836,-0.2427922285241588
2013-09-03,-0.2427922285241588,-0.012870254421817124,0.3639676447449733
2013-09-04,0.3639676447449733,-0.01266249288760565,-0.6987724012600155
2013-09-05,-0.6987724012600155,-0.004532771859074511,0.3499965529741897
2013-09-06,0.3499965529741897,0.02842662845975198,0.7114235712031507
2013-09-09,0.7114235712031507,-0.00618544661340011,0.0
2013-09-10,0.0,0.0294437133704768,0.3087235613442699
2013-09-11,0.3087235613442699,-0.018252282800169852,0.1051998894736269
2013-09-12,0.1051998894736269,-0.008891443737711089,-0.2933325408167331
2013-09-13,-0.2933325408167331,-0.016977433897654617,0.555849098853051
2013-09-16,0.555849098853051,-0.009909513151672312,0.052420714870979
2013-09-17,0.052420714870979,0.013097857309295474,-0.0449303587010516
2013-09-18,-0.0449303587010516,-0.017782948537396728,1.3096399699099015
2013-09-19,1.3096399699099015,-0.017899001193711177,-0.036969943857063
2013-09-20,-0.036969943857063,0.13909223535733467,-0.0147918053668131
2013-09-23,-0.0147918053668131,-0.01836403279415765,-0.2221400395153614
2013-09-24,-0.2221400395153614,-0.018383190421038115,0.3404132644202865
2013-09-25,0.3404132644202865,-0.014280278303213219,-0.384900549205308
2013-09-26,-0.384900549205308,-0.0076794015487093885,0.3922879831834837
2013-09-27,0.3922879831834837,-0.005374025808535359,-0.0147754137384583
2013-09-30,-0.0147754137384583,-0.0039036148276357487,-0.0073885256230742
2013-10-01,-0.0073885256230742,-0.018230198283870274,0.4276346559597089
2013-10-02,0.4276346559597089,-0.018177585473771345,0.3671884862896724
2013-10-03,0.3671884862896724,0.00024047718520709484,-0.4407882540927924
2013-10-04,-0.4407882540927924,-0.00446554911009217,-0.0957607527783962
2013-10-07,-0.0957607527783962,0.0005411770024923033,0.0957607527783977
2013-10-08,0.0957607527783977,-0.01729199033184569,-0.5093201635650696
2013-10-09,-0.5093201635650696,-0.016972741153100244,0.1626738010315471
2013-10-10,0.1626738010315471,0.008525327200011546,0.1771610413907735
2013-10-11,0.1771610413907735,-0.015024751665040347,-0.4805391274938571
2013-10-15,-0.4805391274938571,-0.014328277360537706,-0.0296471985569069
2013-10-16,-0.0296471985569069,0.006706883551581207,1.281596682654968
2013-10-17,1.281596682654968,-0.017862863878245722,0.2120116303882432
2013-10-18,0.2120116303882432,0.1429165372634993,-0.1534807536806805
2013-10-21,-0.1534807536806805,-0.014285971259054639,0.7723171357714377
2013-10-22,0.7723171357714377,-0.016380112085247,0.0580467292455961
2013-10-23,0.0580467292455961,0.03427202461463068,0.173938295774054
2013-10-24,0.173938295774054,-0.01801420963478211,-0.1159252412101237
2013-10-25,-0.1159252412101237,-0.015455168730523522,-0.0580130545639357
2013-10-28,-0.0580130545639357,-0.017152346156886863,-0.116127172289658
2013-10-29,-0.116127172289658,-0.017945898239838463,0.0072619004425263
2013-10-30,0.0072619004425263,-0.01695223039426344,-1.29364128205424
2013-10-31,-1.29364128205424,-0.018067478505575954,-0.7828117664946779
2013-11-01,-0.7828117664946779,0.13144831925643785,0.2073767592543891
2013-11-04,0.2073767592543891,0.02811908403027876,-0.340917842977089
2013-11-05,-0.340917842977089,-0.015059785743527399,0.4444451760423976
2013-11-06,0.4444451760423976,-0.009712088761669534,-1.040128247961556
2013-11-07,-1.040128247961556,-0.0024373652083882168,-0.2467567708112681
2013-11-08,-0.2467567708112681,0.06117769325511784,0.5301487122820122
2013-11-12,0.5301487122820122,-0.014477692649522459,0.2083024112803652
2013-11-13,0.2083024112803652,0.0021067514561817183,0.0891398068235953
2013-11-14,0.0891398068235953,-0.01523270696260718,0.0890604185333057
2013-11-15,0.0890604185333057,-0.017857272057175057,0.2962965130657048
2013-11-18,0.2962965130657048,-0.01778606165653622,0.0665459006405068
2013-11-19,0.0665459006405068,-0.011101431731402003,-0.5782076894778748
2013-11-20,-0.5782076894778748,-0.017974800133959048,0.1411537695828207
2013-11-21,0.1411537695828207,0.009011404214166855,0.570013017632679
2013-11-22,0.570013017632679,-0.01656469807580586,-0.3327297978920613
2013-11-25,-0.3327297978920613,0.009756856551055237,0.3917660330949983
2013-11-26,0.3917660330949983,-0.009307853243616068,0.0590014029949047
2013-11-27,0.0590014029949047,-0.004758673592828147,0.3165374942291282
2013-11-29,0.3165374942291282,-0.017950434855362775,-0.3976734013170561
2013-12-02,-0.3976734013170561,-0.008887018011053799,0.3829729235250518
2013-12-03,0.3829729235250518,-0.004192141564485752,-0.3608384194320283
2013-12-04,-0.3608384194320283,-0.0042850439791839515,0.8009154095585311
2013-12-05,0.8009154095585311,-0.006456814876159746,0.1901002254143432
2013-12-06,0.1901002254143432,0.04041207037693542,0.2626205186085397
2013-12-09,0.2626205186085397,-0.014944549252898476,0.2837294108127707
2013-12-10,0.2837294108127707,-0.011769336012859807,0.2394515529346314
2013-12-11,0.2394515529346314,-0.010499246145139812,-0.3339386043368785
2013-12-12,-0.3339386043368785,-0.012519972415990756,-0.2038143084344829
2013-12-13,-0.2038143084344829,-0.007782153287906103,0.2401660482655155
2013-12-16,0.2401660482655155,-0.014266423200328929,-0.0654426491270987
2013-12-17,-0.0654426491270987,-0.01196395006719421,0.1308424988585076
2013-12-18,0.1308424988585076,-0.01766467356670237,-0.7290787617585939
2013-12-19,-0.7290787617585939,-0.015960329687862953,0.0512088968357971
2013-12-20,0.0512088968357971,0.03720247669490808,0.2045737544027144
2013-12-23,0.2045737544027144,-0.017712431913242375,-0.1826351093916911
2013-12-24,-0.1826351093916911,-0.013265288863064531,0.1023167523302773
2013-12-26,0.1023167523302773,-0.014504513553659063,0.5536144675815047
2013-12-27,0.5536144675815047,-0.016555465518255187,0.3625556868204988
2013-12-30,0.3625556868204988,0.017528320179864755,-0.2681646832611465
2013-12-31,-0.2681646832611465,-0.0027796962446996975,-0.7942043275907793
2014-01-02,-0.7942043275907793,-0.010107351843983281,-0.4692778812989155
2014-01-03,-0.4692778812989155,0.04949721725481494,0.2202482352787627
2014-01-06,0.2202482352787627,0.00405433366237329,-0.1320907214881774
2014-01-07,-0.1320907214881774,-0.012738540750748954,-0.2352596291664606
2014-01-08,-0.2352596291664606,-0.01628509982920009,0.0367958204100039
2014-01-09,0.0367958204100039,-0.012145107418499227,0.5356828073003828
2014-01-10,0.5356828073003828,-0.01767356227941531,-0.1244919790237331
2014-01-13,-0.1244919790237331,0.015415558306979668,0.2561383082829507
2014-01-14,0.2561383082829507,-0.016270991070942212,-0.571723319385725
2014-01-15,-0.571723319385725,-0.009816656132488801,-0.0294074402942718
2014-01-16,-0.0294074402942718,0.0191720356217174,-0.338808602808525
2014-01-17,-0.338808602808525,-0.017777806942060215,0.0442575798328366
2014-01-21,0.0442575798328366,-0.004704492662001498,-0.1032981719537686
2014-01-22,-0.1032981719537686,-0.017448280722440923,0.9843611401692612
2014-01-23,0.9843611401692612,-0.016490568809434756,0.0
2014-01-24,0.0,0.09506602042803976,-0.0073102087097297
2014-01-27,-0.0073102087097297,-0.017987772928205394,-0.12435537976496
2014-01-28,-0.12435537976496,-0.01792304599061661,0.0073193046693283
2014-01-29,0.0073193046693283,-0.016244725353316825,-0.8378705492056788
2014-01-30,-0.8378705492056788,-0.017766852902662437,-0.3623058419910204
2014-01-31,-0.3623058419910204,0.06069460076774223,0.1702254046839048
2014-02-03,0.1702254046839048,-0.004334284978171862,-0.1183869912595741
2014-02-04,-0.1183869912595741,-0.01455692815355824,0.0888033803641352
2014-02-05,0.0888033803641352,-0.016455494960522725,0.6267763762680678
2014-02-06,0.6267763762680678,-0.016776389419989907,0.0734807880810648
2014-02-07,0.0734807880810648,0.028292742954008875,0.2201189530639812
2014-02-10,0.2201189530639812,-0.017149165120227242,0.0732654439689145
2014-02-11,0.0732654439689145,-0.011815264161821422,-0.4551134626457621
2014-02-12,-0.4551134626457621,-0.016992524897886493,0.5649110800885122
2014-02-13,0.5649110800885122,0.006918215974027895,0.1535144129841631
2014-02-14,0.1535144129841631,0.0208743845908932,0.495483380346474
2014-02-18,0.495483380346474,-0.014802533919637787,0.0290697676465911
2014-02-19,0.0290697676465911,0.01194146299542518,-0.5245531479930681
2014-02-20,-0.5245531479930681,-0.01763492838064089,0.2334744968341663
2014-02-21,0.2334744968341663,0.014359184349514265,0.1601980973200358
2014-02-24,0.1601980973200358,-0.010967049969980594,0.0363728953197126
2014-02-25,0.0363728953197126,-0.014363724454089481,-0.5908759942051266
2014-02-26,-0.5908759942051266,-0.017433976494586532,0.4088790743157814
2014-02-27,0.4088790743157814,0.025118260106714814,0.5957155285080544
2014-02-28,0.5957155285080544,0.003164008009627005,-0.3119448283888356
2014-03-03,-0.3119448283888356,0.024951869210997846,-0.2327781657780787
2014-03-04,-0.2327781657780787,-0.006950173627603751,0.0218459858869906
2014-03-05,0.0218459858869906,-0.01169888254030084,0.8266307675423487
2014-03-06,0.8266307675423487,-0.017638500380014948,0.1443209948868932
2014-03-07,0.1443209948868932,0.06274683751605831,0.0864927255881327
2014-03-10,0.0864927255881327,-0.015417035491311432,-0.0937038306931137
2014-03-11,-0.0937038306931137,-0.016878812638557093,0.2664651751309169
2014-03-12,0.2664651751309169,-0.01686976713512084,0.1652833547918695
2014-03-13,0.1652833547918695,-0.00871403609244005,-0.0215432121762379
2014-03-14,-0.0215432121762379,-0.014041467876169427,0.0215432121762378
2014-03-17,0.0215432121762378,-0.017582829479410474,-0.1005747211215233
2014-03-18,-0.1005747211215233,-0.01743565578114341,-0.02156489243881
2014-03-19,-0.02156489243881,-0.016219051800819766,-0.9099506709723016
2014-03-20,-0.9099506709723016,-0.017338457376318114,-0.0072550513326672
2014-03-21,-0.0072550513326672,0.09038224355224624,0.0072550513326705
2014-03-24,0.0072550513326705,-0.017709695906585762,-0.0507964163166621
2014-03-25,-0.0507964163166621,-0.0176112850045898,0.0653049400998277
2014-03-26,0.0653049400998277,-0.017286710759283647,-0.2469316382912047
2014-03-27,-0.2469316382912047,-0.016784485319578896,0.0072714052022501
2014-03-28,0.0072714052022501,-0.009261849876084442,0.1743552929891168
2014-03-31,0.1743552929891168,-0.017321468612096467,0.1957870173295118
2014-04-01,0.1957870173295118,-0.012458913614517628,-0.3119900952612374
2014-04-02,-0.3119900952612374,-0.011041342702707586,-0.3858900270782273
2014-04-03,-0.3858900270782273,-0.0027421198021955473,-0.0291842990543546
2014-04-04,-0.0291842990543546,0.005005774071662706,0.2987360595390257
2014-04-07,0.2987360595390257,-0.017060655003012674,0.4138387581201074
2014-04-08,0.4138387581201074,-0.0023979631099183604,0.1013831645967306
2014-04-09,0.1013831645967306,0.010557947299252142,0.5485794037450137
2014-04-10,0.5485794037450137,-0.015288324432990883,0.0431810010307882
2014-04-11,0.0431810010307882,0.030630783129414443,-0.5338732830435695
2014-04-14,-0.5338732830435695,-0.016813351271301187,-0.1302931780416017
2014-04-15,-0.1302931780416017,0.02520251168446008,0.1013538058239902
2014-04-16,0.1013538058239902,-0.014896534268296046,0.0867930041465699
2014-04-17,0.0867930041465699,-0.015368875547364167,-0.1157407536611942
2014-04-18,-0.1157407536611942,-0.015692911443188184,-0.1883649039166967
2014-04-21,-0.1883649039166967,-0.014982172159907678,0.1014713430546605
2014-04-22,0.1014713430546605,-0.011252757467553961,0.0724165431024083
2014-04-23,0.0724165431024083,-0.014822885059214084,0.1012951392596924
2014-04-24,0.1012951392596924,-0.01563347401173241,0.0722909017241153
2014-04-25,0.0722909017241153,-0.014515635334898686,0.0433494696478585
2014-04-28,0.0433494696478585,-0.015376157830459302,-0.2603791432025746
2014-04-29,-0.2603791432025746,-0.01595693644810015,0.4480099985668005
2014-04-30,0.4480099985668005,-0.0033819440463975546,-0.0216317555012999
2014-05-01,-0.0216317555012999,0.023956817440767036,-0.0216364358422201
2014-05-02,-0.0216364358422201,-0.016412138265687843,0.1441545586234948
2014-05-05,0.1441545586234948,-0.01629772360068385,0.2876871949652744
2014-05-06,0.2876871949652744,-0.01159779011609046,-0.0502855511476214
2014-05-07,-0.0502855511476214,0.0017802901237480762,-0.3815562024411216
2014-05-08,-0.3815562024411216,-0.015742813361016326,-0.7311720415909482
2014-05-09,-0.7311720415909482,0.013816028232268008,-0.0217999492198002
2014-05-12,-0.0217999492198002,0.08455197435499906,-0.3567402130679574
2014-05-13,-0.3567402130679574,-0.016675445177557667,0.0510408702611629
2014-05-14,0.0510408702611629,0.005698652441863348,-0.0437477221705593
2014-05-15,-0.0437477221705593,-0.01606106212561133,-0.0291757843061496
2014-05-16,-0.0291757843061496,-0.016275512643448942,0.0583430588311379
2014-05-19,0.0583430588311379,-0.016332197638310744,-0.1021227019966436
2014-05-20,-0.1021227019966436,-0.015497157289635601,-0.3289596884419994
2014-05-21,-0.3289596884419994,-0.01428794845536243,-0.0366179651826855
2014-05-22,-0.0366179651826855,0.005762201659114125,-0.1759531245740403
2014-05-23,-0.1759531245740403,-0.0159520544431486,-0.0734052737945362
2014-05-27,-0.0734052737945362,-0.009747734382719878,-0.1616815226905283
2014-05-28,-0.1616815226905283,-0.014941505249110667,0.0882223259691165
2014-05-29,0.0882223259691165,-0.010296348892657823,0.234879732175555
2014-05-30,0.234879732175555,-0.013693371112333298,-0.2495780492447072
2014-06-02,-0.2495780492447072,-0.001901056925021163,0.1322071437518122
2014-06-03,0.1322071437518122,-0.0014771682805174214,-0.0367066773566849
2014-06-04,-0.0367066773566849,-0.011025847348471602,-0.0073429526045531
2014-06-05,-0.0073429526045531,-0.015285841410092246,0.1540888883963268
2014-06-06,0.1540888883963268,-0.015388113703238143,-0.3672694006377622
2014-06-09,-0.3672694006377622,-0.008570675084652563,-0.3390833265126108
2014-06-10,-0.3390833265126108,0.018627601636548443,-0.0812557754772288
2014-06-11,-0.0812557754772288,0.012517337316769671,0.1772002826342803
2014-06-12,0.1772002826342803,-0.014021156525507035,-0.251126507631862
2014-06-13,-0.251126507631862,-0.006741164186853362,0.4132847210969112
2014-06-16,0.4132847210969112,0.0002689810028994838,-0.2581027206220926
2014-06-17,-0.2581027206220926,0.028747093857606244,0.1770564829937277
2014-06-18,0.1770564829937277,-1.0496645579608181e-05,0.3898927218194921
2014-06-19,0.3898927218194921,-0.007317880197063478,-0.2499449952256206
2014-06-20,-0.2499449952256206,0.022383988811757165,0.0515103584000557
2014-06-23,0.0515103584000557,-0.0015327636973621872,-0.0367904054773287
2014-06-24,-0.0367904054773287,-0.014848661971061012,0.3672963800123489
2014-06-25,0.3672963800123489,-0.015273890280083314,-0.2055197435086407
2014-06-26,-0.2055197435086407,0.019010907808883693,0.1541793925331258
2014-06-27,0.1541793925331258,-0.005813401297140988,0.4319028711651472
2014-06-30,0.4319028711651472,-0.009159312147082405,-0.0657630362380383
2014-07-01,-0.0657630362380383,0.030972080278498383,-0.1829023445837622
2014-07-02,-0.1829023445837622,-0.014821950262644918,-0.3374168828764788
2014-07-03,-0.3374168828764788,-0.007904439007202167,-0.0440949518425578
2014-07-07,-0.0440949518425578,0.011239419093714932,0.0734807880810648
2014-07-08,0.0734807880810648,-0.015224933212462247,0.1174570682681627
2014-07-09,0.1174570682681627,-0.013873581045153766,-0.2203452966434798
2014-07-10,-0.2203452966434798,-0.011416131875187838,-0.0147069637738629
2014-07-11,-0.0147069637738629,-0.0031922229222618418,0.161657761709857
2014-07-14,0.161657761709857,-0.015173776194972262,-0.345677540553831
2014-07-15,-0.345677540553831,-0.007419638765901123,-0.3173083133131357
2014-07-16,-0.3173083133131357,0.016189516522344537,0.0
2014-07-17,0.0,0.010368032844656584,-0.1109262454285733
2014-07-18,-0.1109262454285733,-0.015222763139798508,0.0665705117228682
2014-07-21,0.0665705117228682,-0.012089046149866273,-0.4000894423366942
2014-07-22,-0.4000894423366942,-0.01351605947801381,-0.0594088833751226
2014-07-23,-0.0594088833751226,0.0278120829651285,0.0445599710306691
2014-07-24,0.0445599710306691,-0.014331477722327459,-0.2751033371889871
2014-07-25,-0.2751033371889871,-0.01426697136641652,0.0669867168065454
2014-07-28,0.0669867168065454,0.0055503308452602195,-0.2234637801416377
2014-07-29,-0.2234637801416377,-0.013387808689040596,-0.2389130597370751
2014-07-30,-0.2389130597370751,-0.0011372381958193558,0.0896593006864667
2014-07-31,0.0896593006864667,0.0008793555253286133,0.3429512046965073
2014-08-01,0.3429512046965073,-0.01210326928743124,-0.1638734072500809
2014-08-04,-0.1638734072500809,0.020419913862879377,-0.3584768588667006
2014-08-05,-0.3584768588667006,-0.007720340812822566,-0.0823322526954305
2014-08-06,-0.0823322526954305,0.0202036605146911,0.0524010941361589
2014-08-07,0.0524010941361589,-0.01332158019170075,0.373497110069646
2014-08-08,0.373497110069646,-0.013855227430066364,-0.2015151631666244
2014-08-11,-0.2015151631666244,0.026065822911218135,-0.2094084977347443
2014-08-12,-0.2094084977347443,-0.004321720836195343,0.0748390994367615
2014-08-13,0.0748390994367615,-0.0033174442362369294,0.0673073353009735
2014-08-14,0.0673073353009735,-0.013025655797163613,0.1195457404773731
2014-08-15,0.1195457404773731,-0.013183635641470483,-0.2542057443675213
2014-08-18,-0.2542057443675213,-0.00991940989262527,-0.2848791191201186
2014-08-19,-0.2848791191201186,0.00401685240294573,-0.2706361597743025
2014-08-20,-0.2706361597743025,0.008538005307277803,0.0
2014-08-21,0.0,0.00585804744563929,-0.3544364782866312
2014-08-22,-0.3544364782866312,-0.01468336852594788,-0.2344666959254245
2014-08-25,-0.2344666959254245,0.02104762376218753,-0.1288122928631866
2014-08-26,-0.1288122928631866,0.00023572776708319655,0.0227436413550035
2014-08-27,0.0227436413550035,-0.010376379088720787,-0.1061812765669513
2014-08-28,-0.1061812765669513,-0.014412746164791879,-0.2127013867854665
2014-08-29,-0.2127013867854665,-0.011432654962645837,-0.1979143524918291
2014-09-02,-0.1979143524918291,-0.0011746779536453904,0.0913937611217224
2014-09-03,0.0913937611217224,-0.0029349970561801707,-1.611576586936876
2014-09-04,-1.611576586936876,-0.011368633293452194,0.2318214468379255
2014-09-05,0.2318214468379255,0.47530761571136715,-0.0617665245085096
2014-09-08,-0.0617665245085096,-0.010632974529364491,-0.3016593539425679
2014-09-09,-0.3016593539425679,-0.017215261075288778,-0.0077468334856862
2014-09-10,-0.0077468334856862,-0.006066003992712355,0.2166848085090514
2014-09-11,0.2166848085090514,-0.017509770370948145,0.1467691739267501
2014-09-12,0.1467691739267501,-0.01059792538563918,-0.0308808772623261
2014-09-15,-0.0308808772623261,-0.014083938675927036,0.1928492131607
2014-09-16,0.1928492131607,-0.017212692538825416,-0.1388139345291652
2014-09-17,-0.1388139345291652,-0.011292812974354529,-0.3478802163251101
2014-09-18,-0.3478802163251101,-0.014429733940033104,-0.60587415414107
2014-09-19,-0.60587415414107,0.0011864651750878666,-0.0467581055900737
2014-09-22,-0.0467581055900737,0.0369858170491969,0.2257952452291984
2014-09-23,0.2257952452291984,-0.01703299740558475,-0.5458954521900098
2014-09-24,-0.5458954521900098,-0.009084892198901504,-0.3132834642504988
2014-09-25,-0.3132834642504988,0.02619172946894752,-0.4875373343384608
2014-09-26,-0.4875373343384608,-0.0035432681369479938,0.1339162829618327
2014-09-29,0.1339162829618327,0.01603147516265509,-0.5921615345578451
2014-09-30,-0.5921615345578451,-0.01454779851399916,-0.0792204747127371
2014-10-01,-0.0792204747127371,0.031160930267341944,0.4112628384429962
2014-10-02,0.4112628384429962,-0.01667657444749719,-1.2149273987161149
2014-10-03,-1.2149273987161149,0.007044629715665893,0.5973971329161067
2014-10-06,0.5973971329161067,0.15595058896120187,0.2696488270386246
2014-10-07,0.2696488270386246,0.01838941963541577,0.4504334139858668
2014-10-08,0.4504334139858668,-0.010566620631340133,0.0
2014-10-09,0.0,0.0027749367973759565,-0.3712631145453665
2014-10-10,-0.3712631145453665,-0.01807476238879625,0.1897533776191411
2014-10-14,0.1897533776191411,-0.004125064887111732,0.9277525464121404
2014-10-15,0.9277525464121404,-0.01395005148107971,0.2657289566760034
2014-10-16,0.2657289566760034,0.06923901236376526,-0.445888015313685
2014-10-17,-0.445888015313685,-0.011221966700366952,0.2192811592109809
2014-10-20,0.2192811592109809,0.00035714747439225767,-0.4626189298987034
2014-10-21,-0.4626189298987034,-0.013251202933881464,-0.5200547533784046
2014-10-22,-0.5200547533784046,0.002315449830644846,0.0
2014-10-23,0.0,0.007512205393243478,0.1342123124133321
2014-10-24,0.1342123124133321,-0.018140244537741886,0.2914879757167975
2014-10-27,0.2914879757167975,-0.01609398874750236,0.2749520566369233
2014-10-28,0.2749520566369233,-0.00883992070899779,0.1176055645371071
2014-10-29,0.1176055645371071,-0.009647966638055434,-1.1030682284107336
2014-10-30,-1.1030682284107336,-0.016300058246521993,-0.7315554254070944
2014-10-31,-0.7315554254070944,0.1018805120420591,-0.3437665774968876
2014-11-03,-0.3437665774968876,0.02788000920856669,0.5351236762331975
2014-11-04,0.5351236762331975,-0.008521820444433822,-0.5271156682209173
2014-11-05,-0.5271156682209173,0.006869118216583877,-0.5943315221669826
2014-11-06,-0.5943315221669826,0.004788611969320613,0.0644226145650217
2014-11-07,0.0644226145650217,0.010667807023719294,0.0241477845581259
2014-11-10,0.0241477845581259,-0.017963885382442646,0.2491862549004918
2014-11-12,0.2491862549004918,-0.0182476722195946,0.1604364213859598
2014-11-13,0.1604364213859598,-0.012404368374868085,0.1441730325821272
2014-11-14,0.1441730325821272,-0.015666227427931594,-0.3768899052537728
2014-11-17,-0.3768899052537728,-0.016024706363144067,0.6965321783643316
2014-11-18,0.6965321783643316,-0.004659980701424911,0.1116338525947887
2014-11-19,0.1116338525947887,0.028939038313882847,-0.1754806225210593
2014-11-20,-0.1754806225210593,-0.016905683270231897,-1.0593999563305252
2014-11-21,-1.0593999563305252,-0.015344961984090176,0.2659040283941657
2014-11-24,0.2659040283941657,0.08277107674056162,0.3614606931617934
2014-11-25,0.3614606931617934,-0.012102112633377259,0.248248375738712
2014-11-26,0.248248375738712,-0.00667041914618842,-0.5212312831165048
2014-11-28,-0.5212312831165048,-0.012620547768990294,0.4172021455788775
2014-12-01,0.4172021455788775,0.005312516961676473,-0.8038628496435286
2014-12-02,-0.8038628496435286,-0.0024496373116828637,-0.6965282877763059
2014-12-03,-0.6965282877763059,0.03619785016675379,1.0349380862003512
2014-12-04,1.0349380862003512,0.020196874664745887,-1.0349380862003632
2014-12-05,-1.0349380862003632,0.0621539043555491,-0.0975768495049782
2014-12-08,-0.0975768495049782,0.05175282454965193,0.9956774691891688
2014-12-09,0.9956774691891688,-0.018188863275486127,0.0805153022562365
2014-12-10,0.0805153022562365,0.044104207770547,-0.2256064126682538
2014-12-11,-0.2256064126682538,-0.018332514480107743,0.6993316552523109
2014-12-12,0.6993316552523109,-0.01569474584370777,-0.1122064716587745
2014-12-15,-0.1122064716587745,0.012782454778278806,0.2722833427230223
2014-12-16,0.2722833427230223,-0.018019704407230035,-0.786836656824975
2014-12-17,-0.786836656824975,-0.013617684860442335,-0.9312939318081984
2014-12-18,-0.9312939318081984,0.021121817250461413,-0.4566590338208825
2014-12-19,-0.4566590338208825,0.03414076848050854,0.1388492075893802
2014-12-22,0.1388492075893802,-0.006582165280354126,-0.5893926688777913
2014-12-23,-0.5893926688777913,-0.017491269951077575,0.0656598841711689
2014-12-24,0.0656598841711689,0.0025294970301220202,-0.0738704018489294
2014-12-29,-0.0738704018489294,-0.01842184741333645,-0.0410627033240747
2014-12-30,-0.0410627033240747,-0.018399025920407406,-0.6014436255817361
2014-12-31,-0.6014436255817361,-0.018576213943847134,-0.7132224627483187
2015-01-02,-0.7132224627483187,0.0059248227948254465,-0.8106006863645149
2015-01-05,-0.8106006863645149,0.015256861203306896,0.1509181136617897
2015-01-06,0.1509181136617897,0.023520366509995075,-0.9766031483452932
2015-01-07,-0.9766031483452932,-0.01713214664651284,-0.0761711348241866
2015-01-08,-0.0761711348241866,0.04086541037264357,0.1607377360585357
2015-01-09,0.1607377360585357,-0.018467831738803408,0.0169047418203196
2015-01-12,0.0169047418203196,-0.016957594417841806,-0.4489440431851295
2015-01-13,-0.4489440431851295,-0.018660930836215346,0.2289591841850299
2015-01-14,0.2289591841850299,-0.00530127055151612,-1.7775207364248886
2015-01-15,-1.7775207364248886,-0.014816528711135458,-0.7008464767478547
2015-01-16,-0.7008464767478547,0.16725490901720821,0.3640149625359772
2015-01-20,0.3640149625359772,0.005259743892456122,0.2160481331230467
2015-01-21,0.2160481331230467,-0.01206418410196197,-1.4784163528844363
2015-01-22,-1.4784163528844363,-0.016389430921919634,-1.1898082456736656
2015-01-23,-1.1898082456736656,0.08594087923689378,0.0974788503790927
2015-01-26,0.0974788503790927,0.040738499905920905,0.7060929600873928
2015-01-27,0.7060929600873928,-0.018679088791567072,-0.2465658170608374
2015-01-28,-0.2465658170608374,0.002407386864868099,-0.3002209760492471
2015-01-29,-0.3002209760492471,-0.016604663435472938,-0.1593061669773305
2015-01-30,-0.1593061669773305,-0.015222597144912623,0.4154334873890979
2015-02-02,0.4154334873890979,-0.01796820326124466,1.0965503094084217
2015-02-03,1.0965503094084217,-0.010635816281191523,-0.3846158587478386
2015-02-04,-0.3846158587478386,0.0369100185945749,0.1225383085498894
2015-02-05,0.1225383085498894,-0.012615060218687838,-0.8962365587651366
2015-02-06,-0.8962365587651366,-0.018280798211957165,-0.123642160059429
2015-02-09,-0.123642160059429,0.017744046720158065,0.0
2015-02-10,0.0,-0.018398494064230057,-0.1414927721025909
2015-02-11,-0.1414927721025909,-0.01901113358973382,0.96874381556896
2015-02-12,0.96874381556896,-0.018059635358472752,-0.0175300202044179
2015-02-13,-0.0175300202044179,0.028032734285508547,-0.1140200974292606
2015-02-17,-0.1140200974292606,-0.01899067465968517,-0.466201310581119
2015-02-18,-0.466201310581119,-0.01836794645469671,0.4398705077783531
2015-02-19,0.4398705077783531,-0.007852913303160056,-0.1757160880866614
2015-02-20,-0.1757160880866614,-0.008368021632048722,-0.2288934884377877
2015-02-23,-0.2288934884377877,-0.01732713091650333,-0.3443255951267353
2015-02-24,-0.3443255951267353,-0.016062577127730952,0.4940459982763914
2015-02-25,0.4940459982763914,-0.012192666756068506,-1.337782963333032
2015-02-26,-1.337782963333032,-0.004093986817622988,-0.1338748024482028
2015-02-27,-0.1338748024482028,0.07810501058678893,-0.0625362954225994
2015-03-02,-0.0625362954225994,-0.01810794074840117,0.1964110978707864
2015-03-03,0.1964110978707864,-0.018748070118233227,-1.2745886581996295
2015-03-04,-1.2745886581996295,-0.016620573666305826,-0.5798168082978389
2015-03-05,-0.5798168082978389,0.06591351559358276,-1.3814775307311984
2015-03-06,-1.3814775307311984,-0.0026677619782079632,-0.0829454911386133
2015-03-09,-0.0829454911386133,0.06860540769189916,-1.289861524273595
2015-03-10,-1.289861524273595,-0.018821176630294582,-1.231045006680246
2015-03-11,-1.231045006680246,0.05126095776139357,0.3680812045888927
2015-03-12,0.3680812045888927,0.0393620028900134,-0.8609731977173266
2015-03-13,-0.8609731977173266,-0.013874208754563229,0.4834361754295509
2015-03-16,0.4834361754295509,0.008766387257119692,0.2832863084304107
2015-03-17,0.2832863084304107,-0.010025527188476258,0.3576811042261438
2015-03-18,0.3576811042261438,-0.015886072939703958,-0.2069225719504679
2015-03-19,-0.2069225719504679,-0.013802328496909442,1.5971945566052186
2015-03-20,1.5971945566052186,-0.017436287421069792,1.2523183922979568
2015-03-23,1.2523183922979568,0.08129106468790966,-0.1831837845092164
2015-03-24,-0.1831837845092164,0.035862291452891146,0.7125269937086526
2015-03-25,0.7125269937086526,-0.01817917355533155,-0.6117343888499452
2015-03-26,-0.6117343888499452,-0.0012408908496471232,-0.2567630938379944
2015-03-27,-0.2567630938379944,-0.006330219276304964,-0.6725346644314028
2015-03-30,-0.6725346644314028,-0.016958530784444356,-0.71432188333253
2015-03-31,-0.71432188333253,-0.0028937975795121445,0.2510578286461981
2015-04-01,0.2510578286461981,-0.0007154671134044378,0.9795845821356896
2015-04-02,0.9795845821356896,-0.016726193113885894,1.0611149691801125
2015-04-03,1.0611149691801125,0.01717758009383517,0.1636512775457788
2015-04-06,0.1636512775457788,0.021789165802450924,-1.4457201204519357
2015-04-07,-1.4457201204519357,-0.018195875560823353,-0.295366653723324
2015-04-08,-0.295366653723324,0.05263091269621806,-1.3681631814807482
2015-04-09,-1.3681631814807482,-0.016463130537309488,-0.686447756385735
2015-04-10,-0.686447756385735,0.04126995740591202,-0.1510859588630346
2015-04-13,-0.1510859588630346,-0.004722891154487301,0.8469044691327877
2015-04-14,0.8469044691327877,-0.018611018539986285,-0.7146917763444498
2015-04-15,-0.7146917763444498,0.004471641685166796,1.368472007344423
2015-04-16,1.368472007344423,-0.00288984519461478,0.353127399758352
2015-04-17,0.353127399758352,0.04002531081363065,-0.1578239198689901
2015-04-20,-0.1578239198689901,-0.015367582794239255,-0.0464662431110336
2015-04-21,-0.0464662431110336,-0.018566300688674292,-0.2699308196441793
2015-04-22,-0.2699308196441793,-0.01922391874684529,0.6873517680238831
2015-04-23,0.6873517680238831,-0.016873842884423028,0.6734653435376183
2015-04-24,0.6734653435376183,-0.0025135599717276166,0.147004804128897
2015-04-27,0.147004804128897,-0.003083630125291554,0.7955782441082409
2015-04-28,0.7955782441082409,-0.0183937288063701,1.760529378436161
2015-04-29,1.760529378436161,0.004088940940388603,-0.1074498670715044
2015-04-30,-0.1074498670715044,0.08421847931972877,0.286276810292599
2015-05-01,0.286276810292599,-0.018988257829637006,-0.4386953631335615
2015-05-04,-0.4386953631335615,-0.01653877851246147,0.2598684199124829
2015-05-05,0.2598684199124829,-0.0130461682582779,1.5187467194848066
2015-05-06,1.5187467194848066,-0.01683998527651989,-0.5479950075495987
2015-05-07,-0.5479950075495987,0.057078143104756486,-0.3729359676649036
2015-05-08,-0.3729359676649036,-0.010081480967302178,-0.8846056881036304
2015-05-11,-0.8846056881036304,-0.014955166277839098,0.8757092866921202
2015-05-12,0.8757092866921202,0.005786586617464418,1.1675349323208306
2015-05-13,1.1675349323208306,0.005645825926421203,-0.0351802993953831
2015-05-14,-0.0351802993953831,0.023593525620745542,0.5264093573727142
2015-05-15,0.5264093573727142,-0.019284873446793634,-0.6496379619992271
2015-05-18,-0.6496379619992271,-0.010240807191812749,-1.804092476530964
2015-05-19,-1.804092476530964,-0.00581907370442404,-0.6477755444688782
2015-05-20,-0.6477755444688782,0.07824000623201674,0.4233287114565643
2015-05-21,0.4233287114565643,-0.007755125154165896,-0.8393929874932495
2015-05-22,-0.8393929874932495,-0.014051171317380736,-1.4332255007944803
2015-05-26,-1.4332255007944803,0.0009196711406190169,0.1102738578940732
2015-05-27,0.1102738578940732,0.0377715061007656,0.2385103414875201
2015-05-28,0.2385103414875201,-0.01900189138621822,0.7303300674428505
2015-05-29,0.7303300674428505,-0.01765029204851938,-0.7394930307515831
2015-06-01,-0.7394930307515831,-0.0035367140036310354,1.9689426156500816
2015-06-02,1.9689426156500816,-0.003524731715504868,1.383024498204563
2015-06-03,1.383024498204563,0.08592990237690189,-0.1241355009557545
2015-06-04,-0.1241355009557545,0.02715746455746085,-1.4567485815388388
2015-06-05,-1.4567485815388388,-0.01909906590449824,1.1101277838902095
2015-06-08,1.1101277838902095,0.030433882073284332,0.4618945856294679
2015-06-09,0.4618945856294679,0.008913742790957522,0.2036209813358294
2015-06-10,0.2036209813358294,-0.0144420856548809,-0.6299093711110904
2015-06-11,-0.6299093711110904,-0.018401738484480915,0.3731016142993223
2015-06-12,0.3731016142993223,-0.009940325049325507,-0.106458491246801
2015-06-15,-0.106458491246801,-0.015829239541299958,-0.2488447782515896
2015-06-16,-0.2488447782515896,-0.01913918005932821,0.0533760354279115
2015-06-17,0.0533760354279115,-0.01779790729205688,1.4129518006140025
2015-06-18,1.4129518006140025,-0.019269364514733548,-0.6068887090933381
2015-06-19,-0.6068887090933381,0.03577553864382351,0.3786382368963376
2015-06-22,0.3786382368963376,-0.009736378378491332,-1.6661144004621735
2015-06-23,-1.6661144004621735,-0.01532806736727299,-0.1072961476327527
2015-06-24,-0.1072961476327527,0.05323248288328177,0.1609010805700685
2015-06-25,0.1609010805700685,-0.019145807966390347,-0.3579101887964515
2015-06-26,-0.3579101887964515,-0.01865601095811814,0.2148997961710742
2015-06-29,0.2148997961710742,-0.01597771599759855,-0.2328289759591296
2015-06-30,-0.2328289759591296,-0.017978170398650843,-0.6295550966629925
2015-07-01,-0.6295550966629925,-0.017826114553980456,0.0541174361543591
2015-07-02,0.0541174361543591,-0.007602117232524811,-0.1263196053560307
2015-07-06,-0.1263196053560307,-0.01920213187936549,-1.1258517322567652
2015-07-07,-1.1258517322567652,-0.018825116772375614,1.0897310889166048
2015-07-08,1.0897310889166048,0.020948962551072387,-0.4253977542403978
2015-07-09,-0.4253977542403978,0.017723676786579736,1.1274076573217942
2015-07-10,1.1274076573217942,-0.013902176298948727,-1.172769418135919
2015-07-13,-1.172769418135919,0.019920685442493178,-0.0453823470462179
2015-07-14,-0.0453823470462179,0.020621412154348012,-0.4549598384454815
2015-07-15,-0.4549598384454815,-0.019295801946114056,-0.6129095708944902
2015-07-16,-0.6129095708944902,-0.013215231182046986,-0.459855496286699
2015-07-17,-0.459855496286699,-0.00791351655129393,0.018434878842877
2015-07-20,0.018434878842877,-0.012792067369311131,0.7071710602139745
2015-07-21,0.7071710602139745,-0.019265343492254536,-0.3942969667608376
2015-07-22,-0.3942969667608376,-0.002338240391652279,0.8417250062529443
2015-07-23,0.8417250062529443,-0.014149939303253495,0.0
2015-07-24,0.0,0.005284657730972194,1.2314534468513203
2015-07-27,1.2314534468513203,-0.01924764215269273,-0.5142791142633041
2015-07-28,-0.5142791142633041,0.03303588530619504,-0.2626694141917673
2015-07-29,-0.2626694141917673,-0.010628859830002484,-1.0209751403451786
2015-07-30,-1.0209751403451786,-0.016986742152435112,1.0391124397510088
2015-07-31,1.0391124397510088,0.016175632966315606,-0.6002746537625616
2015-08-03,-0.6002746537625616,0.01703309315925599,-0.0821355282315326
2015-08-04,-0.0821355282315326,-0.00763354541743796,-0.77906997775081
2015-08-05,-0.77906997775081,-0.019065626638656845,0.4956412165860668
2015-08-06,0.4956412165860668,0.0013441734471216068,0.3290679386262168
2015-08-07,0.3290679386262168,-0.010506583090493068,0.3279886322244571
2015-08-10,0.3279886322244571,-0.01523163781159089,0.4356514423384473
2015-08-11,0.4356514423384473,-0.015115800417183268,1.4029007064848549
2015-08-12,1.4029007064848549,-0.011833900300077518,-0.4833954449196848
2015-08-13,-0.4833954449196848,0.0526730790852556,-0.3055632825965959
2015-08-14,-0.3055632825965959,-0.01130976243510388,-0.2884444040626502
2015-08-17,-0.2884444040626502,-0.016016189408261005,-0.452366644936179
2015-08-18,-0.452366644936179,-0.016258574649146935,0.2987914758566996
2015-08-19,0.2987914758566996,-0.011617762261902968,1.2488370380931673
2015-08-20,1.2488370380931673,-0.015553181161758921,1.3832460309675758
2015-08-21,1.3832460309675758,0.04066872694975044,1.953323353412434
2015-08-24,1.953323353412434,0.04789597800816555,-1.4789308270864816
2015-08-25,-1.4789308270864816,0.09614742224570025,-0.1754386414893473
2015-08-26,-0.1754386414893473,0.03781055034445739,-1.3345904922960878
2015-08-27,-1.3345904922960878,-0.01865694476010165,-0.5979224453199653
2015-08-28,-0.5979224453199653,0.025933357257748903,0.1967272386237527
2015-08-31,0.1967272386237527,-0.010543210815647141,0.6145096596391755
2015-09-01,0.6145096596391755,-0.018331198535967323,-0.186625248567626
2015-09-02,-0.186625248567626,-0.009090914958231009,-1.2351360815434616
2015-09-03,-1.2351360815434616,-0.018473666635253683,0.1170064487029093
2015-09-04,0.1170064487029093,0.022035405912248514,0.5829874352975822
2015-09-08,0.5829874352975822,-0.018964442000227743,-0.1521457312332347
2015-09-09,-0.1521457312332347,-0.009616229076421741,0.865034154030556
2015-09-10,0.865034154030556,-0.018728891495639065,0.6725689069685042
2015-09-11,0.6725689069685042,0.002940878092575533,-0.2737912949003783
2015-09-14,-0.2737912949003783,-0.005779229931553976,-0.4165380241563839
2015-09-15,-0.4165380241563839,-0.01716132395600254,0.3900022670682048
2015-09-16,0.3900022670682048,-0.014061818833129246,0.0707463771990477
2015-09-17,0.0707463771990477,-0.014281822736540764,0.4058232301023844
2015-09-18,0.4058232301023844,-0.01908223702679257,-1.3651484057378591
2015-09-21,-1.3651484057378591,-0.013465658289907943,-0.6357186651291922
2015-09-22,-0.6357186651291922,0.04207254355907619,0.2422286206594717
2015-09-23,0.2422286206594717,-0.006571833169129055,0.8209933674445514
2015-09-24,0.8209933674445514,-0.017260856484421053,-0.5346653264430411
2015-09-25,-0.5346653264430411,0.003480876527037523,0.3923671878817198
2015-09-28,0.3923671878817198,-0.009897233471999337,0.0889600628012904
2015-09-29,0.0889600628012904,-0.01381621901601683,-0.7497357503768133
2015-09-30,-0.7497357503768133,-0.01891671810710413,0.3398625934806953
2015-10-01,0.3398625934806953,0.0007548422283402876,0.6762794950817146
2015-10-02,0.6762794950817146,-0.014840727150813129,-0.676279495081709
2015-10-05,-0.676279495081709,-0.0018856578117985602,0.5875562171473367
2015-10-06,0.5875562171473367,-0.0023932730206376275,-0.1510104661833371
2015-10-07,-0.1510104661833371,-0.005923546324582494,0.292929950709567
2015-10-08,0.292929950709567,-0.018364852000057018,0.7153927618087759
2015-10-09,0.7153927618087759,-0.015590597830311748,0.1670697245060062
2015-10-13,0.1670697245060062,0.0019215139720692841,0.4820553618147412
2015-10-14,0.4820553618147412,-0.017905493001179315,-0.1662656257012293
2015-10-15,-0.1662656257012293,-0.009051746035832248,-0.5092644249062125
2015-10-16,-0.5092644249062125,-0.017976617759965605,-0.3527340517968411
2015-10-19,-0.3527340517968411,-0.007774982252956432,0.3439308474247783
2015-10-20,0.3439308474247783,-0.013576810176236017,-0.1233263017479412
2015-10-21,-0.1233263017479412,-0.013315814009506991,-1.823488373266705
2015-10-22,-1.823488373266705,-0.01834410505485763,-1.1193473072784434
2015-10-23,-1.1193473072784434,0.12396796430759559,0.3172160180291559
2015-10-26,0.3172160180291559,0.027105143781872114,0.0090485454525031
2015-10-27,0.0090485454525031,-0.015357440556697891,0.1265937414747905
2015-10-28,0.1265937414747905,-0.01917829668191181,-0.9351377783515042
2015-10-29,-0.9351377783515042,-0.01846577348710143,0.7180217169449905
2015-10-30,0.7180217169449905,0.015220880782124331,-0.1450063694361108
2015-11-02,-0.1450063694361108,0.0013433541176160334,-0.7282027445765488
2015-11-03,-0.7282027445765488,-0.018386497230955978,-0.7795701423827379
2015-11-04,-0.7795701423827379,0.0019832423642098035,0.0736309283150843
2015-11-05,0.0736309283150843,0.004922752411313183,-1.1381108274420175
2015-11-06,-1.1381108274420175,-0.018884969483559038,0.1952308526950119
2015-11-09,0.1952308526950119,0.03240666541532099,-0.7551427298000308
2015-11-10,-0.7551427298000308,-0.01756040192602688,0.7644299366792474
2015-11-12,0.7644299366792474,0.0034208151210629004,-0.4281067497025986
2015-11-13,-0.4281067497025986,0.004500544340375644,-0.1306579747239926
2015-11-16,-0.1306579747239926,-0.01198531766286218,-0.6934710575959391
2015-11-17,-0.6934710575959391,-0.018484788310318172,0.037608123797928
2015-11-18,0.037608123797928,0.000821528605059448,1.0101095986503918
2015-11-19,1.0101095986503918,-0.019023631443291614,-0.8035173568931196
2015-11-20,-0.8035173568931196,0.02493112463264317,-0.5455756172084201
2015-11-23,-0.5455756172084201,0.0071716847689851145,0.4705005386071385
2015-11-24,0.4705005386071385,-0.007088543543848325,-0.3385370921779267
2015-11-25,-0.3385370921779267,-0.00958611783082076,-0.1885725620083105
2015-11-27,-0.1885725620083105,-0.014336075105599463,-0.321391712508193
2015-11-30,-0.321391712508193,-0.01759326642431183,0.5476361529051492
2015-12-01,0.5476361529051492,-0.014481643583610338,-0.4435434063403451
2015-12-02,-0.4435434063403451,-0.004709967780769878,3.064267689169981
2015-12-03,3.064267689169981,-0.009928293922509032,-0.1652437721089247
2015-12-04,-0.1652437721089247,0.3072548339195307,-0.4050824909499649
2015-12-07,-0.4050824909499649,-0.018720150033816704,0.3315530758723973
2015-12-08,0.3315530758723973,-0.01501858500026019,0.988114169544578
2015-12-09,0.988114169544578,-0.01615261148782067,-0.3282877287237319
2015-12-10,-0.3282877287237319,0.00870028215191596,0.4920283274833852
2015-12-11,0.4920283274833852,-0.016376303889430635,0.2088346879643289
2015-12-14,0.2088346879643289,-0.012040929443493985,-1.0393966659948104
2015-12-15,-1.0393966659948104,-0.017925958622256724,0.2380081680126953
2015-12-16,0.2380081680126953,0.013246742070186448,-1.223510042271941
2015-12-17,-1.223510042271941,-0.01749919148263637,0.3972108127711379
2015-12-18,0.3972108127711379,0.025695094361548328,0.6707426258678635
2015-12-21,0.6707426258678635,-0.014452317291619854,0.5297299810938465
2015-12-22,0.5297299810938465,-0.005300784532493481,-0.9426693152949824
2015-12-23,-0.9426693152949824,-0.010388018381410303,0.732939607268201
2015-12-24,0.732939607268201,0.008061134226292004,0.2552649758779211
2015-12-28,0.2552649758779211,-0.002390789126017428,-0.6119019960116912
2015-12-29,-0.6119019960116912,-0.017146715375091187,-0.0366501744985702
2015-12-30,-0.0366501744985702,-0.007382520293111531,-0.4868871866342798
2015-12-31,-0.4868871866342798,-0.019240962145051072,-0.5170355899915516
2016-01-04,-0.5170355899915516,-0.011312435247062751,-0.5569493650442554
2016-01-05,-0.5569493650442554,-0.010079038943955284,0.1767031382822639
2016-01-06,0.1767031382822639,-0.008382778694424517,0.906490343856148
2016-01-07,0.906490343856148,-0.017992871305290748,0.2299380180721293
2016-01-08,0.2299380180721293,0.011496761160274937,-0.0643293685741707
2016-01-11,-0.0643293685741707,-0.01714394839670085,-0.3776196059910803
2016-01-12,-0.3776196059910803,-0.019050261642492558,0.2304254671795351
2016-01-13,0.2304254671795351,-0.01366274879006134,0.0
2016-01-14,0.0,-0.016851419336854207,0.9346718827885844
2016-01-15,0.9346718827885844,-0.01911087107018295,-0.530408193666954
2016-01-19,-0.530408193666954,0.018484027024225427,0.0183368479472228
2016-01-20,0.0183368479472228,-0.007545111384013693,-0.6899434019911723
2016-01-21,-0.6899434019911723,-0.01907500223749633,-0.1755440003617347
2016-01-22,-0.1755440003617347,0.0014866335670407833,0.1663125210106106
2016-01-25,0.1663125210106106,-0.01778658951497707,0.1291632248949792
2016-01-26,0.1291632248949792,-0.01767512946759702,0.1934325661845685
2016-01-27,0.1934325661845685,-0.01814300587484445,0.7791413905433076
2016-01-28,0.7791413905433076,-0.01701455547926096,-1.101737181622865
2016-01-29,-1.101737181622865,0.011791062613818105,0.5156549179245797
2016-02-01,0.5156549179245797,0.03803099123801493,0.1835199634177052
2016-02-02,0.1835199634177052,-0.006528471942866185,1.3024456623303144
2016-02-03,1.3024456623303144,-0.01734061866057587,1.330356699391135
2016-02-04,1.330356699391135,0.05833896484394788,-0.6090480089467687
2016-02-05,-0.6090480089467687,0.05308981005787825,0.3497604570020626
2016-02-08,0.3497604570020626,-0.005131872864669879,1.1571112637185497
2016-02-09,1.1571112637185497,-0.014191954053420167,-0.6926588389514493
2016-02-10,-0.6926588389514493,0.033024397696684527,1.2398316806154996
2016-02-11,1.2398316806154996,-0.001544541137938899,-1.124054849764281
2016-02-12,-1.124054849764281,0.036801421921558934,-0.8491671138154371
2016-02-16,-0.8491671138154371,0.023272290739655553,0.0
2016-02-17,0.0,0.004264178893398412,-0.4318106745606455
2016-02-18,-0.4318106745606455,-0.019266036303242747,0.3150459422031891
2016-02-19,0.3150459422031891,-0.012950336717432958,-0.9844288125038824
2016-02-22,-0.9844288125038824,-0.015555796502573554,-0.0181537624171009
2016-02-23,-0.0181537624171009,0.014975631024637249,0.0453782283051217
2016-02-24,0.0453782283051217,-0.019222032678688054,0.0453576458086805
2016-02-25,0.0453576458086805,-0.019105553817718945,-0.8561852101670323
2016-02-26,-0.8561852101670323,-0.019076574654409154,-0.587157650172026
2016-02-29,-0.587157650172026,0.009111833633924057,-0.1934147506020845
2016-03-01,-0.1934147506020845,-0.005994226985256718,-0.0184399779242714
2016-03-02,-0.0184399779242714,-0.01775113337888486,0.945264689959491
2016-03-03,0.945264689959491,-0.019124145712521995,0.5647159556155836
2016-03-04,0.5647159556155836,0.018361555256927658,-0.0545107672260384
2016-03-07,-0.0545107672260384,-0.0058137342652671165,0.2178650099222172
2016-03-08,0.2178650099222172,-0.01902163928416763,-0.0544217700506695
2016-03-09,-0.0544217700506695,-0.0169183103233273,1.2621876905198242
2016-03-10,1.2621876905198242,-0.01896018459508007,0.1611315360711317
2016-03-11,0.1611315360711317,0.051065733879778946,-0.6550927541970196
2016-03-14,-0.6550927541970196,-0.017939366447111065,0.0450065267059537
2016-03-15,0.0450065267059537,-0.000950616201033311,-0.3335289520843293
2016-03-16,-0.3335289520843293,-0.018974061977628496,2.1527337508121334
2016-03-17,2.1527337508121334,-0.014184364160007597,-0.2123143048077866
2016-03-18,-0.2123143048077866,0.1622529986992543,-0.283788767969861
2016-03-21,-0.283788767969861,-0.017816515882993468,-0.2845964211908164
2016-03-22,-0.2845964211908164,-0.016530712219285315,-0.48210074626791
2016-03-23,-0.48210074626791,-0.01640319978339687,-0.0984913004361805
2016-03-24,-0.0984913004361805,-0.01075346905402217,0.0089577641480501
2016-03-25,0.0089577641480501,-0.018854399145784947,0.4111921409992745
2016-03-28,0.4111921409992745,-0.019149614341517105,-0.0535379686206408
2016-03-29,-0.0535379686206408,-0.011988491063192384,1.1183217642052816
2016-03-30,1.1183217642052816,-0.019017064105275296,0.5281702419175762
2016-03-31,0.5281702419175762,0.033655865228940034,-0.04390779433878
2016-04-01,-0.04390779433878,-0.0075363011916569555,0.0087831013187248
2016-04-04,0.0087831013187248,-0.019063385077408308,-0.1054481644282316
2016-04-05,-0.1054481644282316,-0.019086634534891744,0.4911428922111485
2016-04-06,0.4911428922111485,-0.018618738804513847,-0.3856947277829139
2016-04-07,-0.3856947277829139,-0.007612303614812997,0.1755002205456967
2016-04-08,0.1755002205456967,-0.012212840689958187,0.0525900616906498
2016-04-11,0.0525900616906498,-0.01740623703318842,-0.1490770653606048
2016-04-12,-0.1490770653606048,-0.018801926650852285,-1.0054768074864162
2016-04-13,-1.0054768074864162,-0.01786650301554068,-0.168566779035654
2016-04-14,-0.168566779035654,0.03255567537820537,0.2925923087539805
2016-04-15,0.2925923087539805,-0.017621414940859656,0.2387585694501748
2016-04-18,0.2387585694501748,-0.014269741841524625,0.4670229222545866
2016-04-19,0.4670229222545866,-0.015679485856569777,-0.3963889797099085
2016-04-20,-0.3963889797099085,-0.006538298772200719,-0.2562857661901153
2016-04-21,-0.2562857661901153,-0.010300044646767143,-0.5501344841883863
2016-04-22,-0.5501344841883863,-0.015230882044689902,0.3109317123253178
2016-04-25,0.3109317123253178,-0.0014628923543063275,0.3895189060948693
2016-04-26,0.3895189060948693,-0.012852256743211754,0.0353356894136197
2016-04-27,0.0353356894136197,-0.009293880874705273,0.0264935754629497
2016-04-28,0.0264935754629497,-0.018657867111253387,1.0190723349709008
2016-04-29,1.0190723349709008,-0.0186545736588514,0.6533978031122583
2016-05-02,0.6533978031122583,0.04742244994508178,-0.0694927060627908
2016-05-03,-0.0694927060627908,0.007127816047648905,-0.1913543247196644
2016-05-04,-0.1913543247196644,-0.01855541898249406,-0.7164731391679222
2016-05-05,-0.7164731391679222,-0.01660872464963011,0.1489595018044241
2016-05-06,0.1489595018044241,0.012946255075816315,-0.1664987459079636
2016-05-09,-0.1664987459079636,-0.017244398012589607,-0.1404248080500047
2016-05-10,-0.1404248080500047,-0.017030445924272705,0.5081044658973787
2016-05-11,0.5081044658973787,-0.01745160428451074,-0.5608146489679129
2016-05-12,-0.5608146489679129,-0.0004964728029285694,-0.7585817447539867
2016-05-13,-0.7585817447539867,0.002482981604832474,0.3005925700719162
2016-05-16,0.3005925700719162,0.019359323251006883,0.0794176084097588
2016-05-17,0.0794176084097588,-0.012431926330398742,-0.5395139783595477
2016-05-18,-0.5395139783595477,-0.01815589047258172,-0.5513575550385299
2016-05-19,-0.5513575550385299,0.00128305822864298,-0.0624414631589734
2016-05-20,-0.0624414631589734,0.0021022410407680304,-0.1339345706710976
2016-05-23,-0.1339345706710976,-0.018391384204983183,-0.4208270525347793
2016-05-24,-0.4208270525347793,-0.017368236211126417,0.0807211129529733
2016-05-25,0.0807211129529733,-0.0056048329142731656,0.2686007524092531
2016-05-26,0.2686007524092531,-0.017937542618666157,-0.3941950992316466
2016-05-27,-0.3941950992316466,-0.012502800938775009,-0.0448933789807179
2016-05-31,-0.0448933789807179,-0.006258300675525796,0.2690584582790269
2016-06-01,0.2690584582790269,-0.01828386541355758,-0.0716781681078684
2016-06-02,-0.0716781681078684,-0.011920770065491668,1.538697142887244
2016-06-03,1.538697142887244,-0.017939497456690226,0.2116029708619511
2016-06-06,0.2116029708619511,0.16204260433543635,-0.0352360821122759
2016-06-07,-0.0352360821122759,-0.01560025512970657,0.4395611473037908
2016-06-08,0.4395611473037908,-0.018608416368321966,-0.624754550909812
2016-06-09,-0.624754550909812,-0.00482610921996451,-0.4245915268568233
2016-06-10,-0.4245915268568233,0.007954989339243313,0.008864069500113
2016-06-13,0.008864069500113,-0.006484527647068347,-0.6759186174691586
2016-06-14,-0.6759186174691586,-0.018599001713601147,0.2940523393037091
2016-06-15,0.2940523393037091,0.01347620185931743,-0.7233143112793426
2016-06-16,-0.7233143112793426,-0.012193772297287185,0.8744590388751456
2016-06-17,0.8744590388751456,0.017907926087520957,0.5493058908244066
2016-06-20,0.5493058908244066,0.03352071016757167,-0.4960151887905158
2016-06-21,-0.4960151887905158,0.001336264623513602,0.2128792714521534
2016-06-22,0.2128792714521534,-0.0030470499928080966,0.767910565535914
2016-06-23,0.767910565535914,-0.015519501121316967,-2.195741354920598
2016-06-24,-2.195741354920598,0.0208389404419371,-0.920999738179866
2016-06-27,-0.920999738179866,0.22610521894318772,0.2717639139768306
2016-06-28,0.2717639139768306,0.014825237239748034,0.5683114840406696
2016-06-29,0.5683114840406696,-0.01601652428872191,-0.7675327760477172
2016-06-30,-0.7675327760477172,-0.005454270249382595,1.019082634683146
2016-07-01,1.019082634683146,0.004957941306475695,-0.5849285518694415
2016-07-05,-0.5849285518694415,0.02323054624460684,-0.027079478434219
2016-07-06,-0.027079478434219,-0.005857495026873217,-0.1083913031782666
2016-07-07,-0.1083913031782666,-0.0191255697603702,-0.2443108485703552
2016-07-08,-0.2443108485703552,-0.01867204164910022,0.0633971854771002
2016-07-11,0.0633971854771002,-0.016600979280287535,0.262218152869479
2016-07-12,0.262218152869479,-0.018845899013679918,0.3425587051267229
2016-07-13,0.3425587051267229,-0.015664947300233833,-0.0270014852457275
2016-07-14,-0.0270014852457275,-0.013151151266008455,-0.4511014506362295
2016-07-15,-0.4511014506362295,-0.01896133312946449,0.1536029215492365
2016-07-18,0.1536029215492365,-0.008791380260850253,-0.5613414468425609
2016-07-19,-0.5613414468425609,-0.017598105535098735,-0.0635756799035012
2016-07-20,-0.0635756799035012,-0.002341818113342735,0.0817327385099011
2016-07-21,0.0817327385099011,-0.018713907418247373,-0.4366819166340402
2016-07-22,-0.4366819166340402,-0.018425008180000053,0.1093493821371289
2016-07-25,0.1093493821371289,-0.00798256238451515,0.0364232384285249
2016-07-26,0.0364232384285249,-0.018012518842076466,0.0364099767357385
2016-07-27,0.0364099767357385,-0.018657785954841733,0.960065340001539
2016-07-28,0.960065340001539,-0.01861250125111427,0.6648124386973833
2016-07-29,0.6648124386973833,0.040180090449975864,0.0716075934643867
2016-08-01,0.0716075934643867,0.008274263665630036,0.4374811673657389
2016-08-02,0.4374811673657389,-0.01842848547251667,-0.4911820547208718
2016-08-03,-0.4911820547208718,-0.006511373288773748,-0.3228123319793342
2016-08-04,-0.3228123319793342,-0.003905622677051231,-0.4861808442178169
2016-08-05,-0.4861808442178169,-0.0122987270491679,-0.0180521708225817
2016-08-08,-0.0180521708225817,-0.003698158015018443,0.2884444040626503
2016-08-09,0.2884444040626503,-0.018683119712597562,0.5475530937172732
2016-08-10,0.5475530937172732,-0.01271031160780424,-0.0268588568694586
2016-08-11,-0.0268588568694586,0.0025975569822190804,0.0358102062913586
2016-08-12,0.0358102062913586,-0.018593218495844978,0.2413840517626035
2016-08-15,0.2413840517626035,-0.018451646693303597,0.6940764649594204
2016-08-16,0.6940764649594204,-0.013919755192541452,-0.1242236184591057
2016-08-17,-0.1242236184591057,0.018300680368803942,0.6284040681867921
2016-08-18,0.6284040681867921,-0.017488476143069552,-0.0706090055814223
2016-08-19,-0.0706090055814223,0.011865225797543245,-0.1060070770649352
2016-08-22,-0.1060070770649352,-0.018207603022312037,-0.0530457089620036
2016-08-23,-0.0530457089620036,-0.017686736602280588,-0.4609120019256082
2016-08-24,-0.4609120019256082,-0.018246066826674397,0.1597869847295455
2016-08-25,0.1597869847295455,-0.0011368227300721386,-0.3287284733617969
2016-08-26,-0.3287284733617969,-0.01605123860021858,-0.4906562321311585
2016-08-29,-0.4906562321311585,-0.009267728870102875,-0.2865844698325868
2016-08-30,-0.2865844698325868,0.002261201735032313,-0.0358808758783121
2016-08-31,-0.0358808758783121,-0.01134468356051359,0.4297231321823219
2016-09-01,0.4297231321823219,-0.01818464393967934,-0.3221191045831253
2016-09-02,-0.3221191045831253,-0.0006454410602860939,0.7055175502428788
2016-09-06,0.7055175502428788,-0.0088510567124822,0.0088987764241096
2016-09-07,0.0088987764241096,0.028198791972464148,0.1600427122081421
2016-09-08,0.1600427122081421,-0.01824905211492748,-0.3738322110607104
2016-09-09,-0.3738322110607104,-0.015627337814669393,0.1425771048870969
2016-09-12,0.1425771048870969,-0.005169276810100012,0.106799582953153
2016-09-13,0.106799582953153,-0.015984653899240916,0.2576290680058247
2016-09-14,0.2576290680058247,-0.016802128597986077,-0.222054538993156
2016-09-15,-0.222054538993156,-0.01080705639967431,-0.7676552916844992
2016-09-16,-0.7676552916844992,-0.013002111629393603,0.1701061335023665
2016-09-19,0.1701061335023665,0.04208401478518102,-0.0626370205258325
2016-09-20,-0.0626370205258325,-0.014974230774617929,-0.0626762790809115
2016-09-21,-0.0626762790809115,-0.01770005653887274,0.5715832298280424
2016-09-22,0.5715832298280424,-0.01762219650094809,-0.0534473556282732
2016-09-23,-0.0534473556282732,0.018002628404678585,0.4179084017565981
2016-09-26,0.4179084017565981,-0.017727795453452915,-0.5516519016979003
2016-09-27,-0.5516519016979003,0.0017404074489368567,-0.0714030733656951
2016-09-28,-0.0714030733656951,0.014179373980755274,0.392087474323644
2016-09-29,0.392087474323644,-0.017500318890531004,-0.0533760354279074
2016-09-30,-0.0533760354279074,-0.00048131924103401546,-0.249465560593783
2016-10-03,-0.249465560593783,-0.017642976233834054,0.0178396218473288
2016-10-04,0.0178396218473288,-0.01098055443771561,-0.1428061649334823
2016-10-05,-0.1428061649334823,-0.01771561873372592,-0.3399842229870497
2016-10-06,-0.3399842229870497,-0.01540486960169928,-0.0179259658094075
2016-10-07,-0.0179259658094075,-0.00368129552590287,-0.8461658192756117
2016-10-11,-0.8461658192756117,-0.01760519978112108,-0.4348620732196595
2016-10-12,-0.4348620732196595,0.06807269805270688,0.2176674177019736
2016-10-13,0.2176674177019736,0.0029810191885417457,-0.4813159180735912
2016-10-14,-0.4813159180735912,-0.012151172134466629,0.1364566961797173
2016-10-17,0.1364566961797173,0.008108148774282179,-0.0272764469573285
2016-10-18,-0.0272764469573285,-0.015497740246885985,-0.282293134694059
2016-10-19,-0.282293134694059,-0.017714688009347886,-0.2922376509049274
2016-10-20,-0.2922376509049274,-0.008331219260720706,-0.6238552343476177
2016-10-21,-0.6238552343476177,-0.007449976392827148,0.2022617219833538
2016-10-24,0.2022617219833538,0.028875745416057336,0.0183671595704167
2016-10-25,0.0183671595704167,-0.012564691153707081,0.2384665901222789
2016-10-26,0.2384665901222789,-0.017625154331073294,-0.1099908451860395
2016-10-27,-0.1099908451860395,-0.010047417510516493,0.2747506078575884
2016-10-28,0.2747506078575884,-0.016159788314420644,0.2557546151117193
2016-10-31,0.2557546151117193,-0.007006338005948118,0.7271437237928315
2016-11-01,0.7271437237928315,-0.008206725996680583,0.694917285925931
2016-11-02,0.694917285925931,0.05211522075088635,-0.2250935088069473
2016-11-03,-0.2250935088069473,0.04031130257523385,0.2430791203662209
2016-11-04,0.2430791203662209,-0.01230915411606482,-0.7491347819395591
2016-11-07,-0.7491347819395591,-0.010505531160268233,-0.0362450167070415
2016-11-08,-0.0362450167070415,0.04497184203727361,-0.7459326864091291
2016-11-09,-0.7459326864091291,-0.01782069731427489,-0.6412039922414111
2016-11-10,-0.6412039922414111,0.041264800819654966,-1.4719080825724973
2016-11-14,-1.4719080825724973,0.02287238426925222,0.0279733322724758
2016-11-15,0.0279733322724758,0.16192821430458604,-0.2520421404263901
2016-11-16,-0.2520421404263901,-0.01849636971316474,-0.4027165358436184
2016-11-17,-0.4027165358436184,-0.013959610460364348,-0.5269112680011883
2016-11-18,-0.5269112680011883,-0.006372640065968763,-0.0283058925322456
2016-11-21,-0.0283058925322456,0.002496524436239171,0.1979731968780733
2016-11-22,0.1979731968780733,-0.018443924013115308,-0.5477395883364342
2016-11-23,-0.5477395883364342,-0.015063534913050956,0.3308913442147072
2016-11-25,0.3308913442147072,0.005666767012479677,-0.1794908610931987
2016-11-28,-0.1794908610931987,-0.009089406868658051,0.4716544919420953
2016-11-29,0.4716544919420953,-0.015836358489203842,-0.452745538496327
2016-11-30,-0.452745538496327,0.0011575618555634925,0.5280042438358324
2016-12-01,0.5280042438358324,-0.0012523877123699954,0.3004697096263848
2016-12-02,0.3004697096263848,0.005917855859859328,0.5329855059598124
2016-12-05,0.5329855059598124,-0.010330945147154744,-0.0559701507148512
2016-12-06,-0.0559701507148512,0.006587859022160479,0.3818398120190915
2016-12-07,0.3818398120190915,-0.01811929598128429,-1.2439949040570415
2016-12-08,-1.2439949040570415,-0.004936181654617467,-0.7937299537428302
2016-12-09,-0.7937299537428302,0.10468105135556736,0.6147463441886105
2016-12-12,0.6147463441886105,0.025264579607055727,0.2730569937262234
2016-12-13,0.2730569937262234,0.007680295081748041,0.1972665145832939
2016-12-14,0.1972665145832939,-0.013304600104979422,-2.6724047681271283
2016-12-15,-2.6724047681271283,-0.01569870467022792,0.7776910205158724
2016-12-16,0.7776910205158724,0.33816824867233414,-0.1148325485038501
2016-12-19,-0.1148325485038501,0.003166390272995803,-0.5183845725746488
2016-12-20,-0.5183845725746488,-0.018766673490185695,0.3362962573729164
2016-12-21,0.3362962573729164,-0.00917998805478218,0.2586579973500821
2016-12-22,0.2586579973500821,-0.014608240627153633,-0.0287067606392247
2016-12-23,-0.0287067606392247,-0.016338028390214147,0.0860955713965214
2016-12-27,0.0860955713965214,-0.01910439749922507,-0.6619681677544447
2016-12-28,-0.6619681677544447,-0.018732851314079167,0.9293480061946554
2016-12-29,0.9293480061946554,-8.943894170986282e-05,0.6274381264672289
2016-12-30,0.6274381264672289,0.01875735737085901,-1.29723299487999
2017-01-03,-1.29723299487999,-0.00203732161969125,0.5743841179252093
2017-01-04,0.5743841179252093,0.04859311918987793,1.1578377425104762
2017-01-05,1.1578377425104762,-0.006062937687714512,-0.3592025792454955
2017-01-06,-0.3592025792454955,0.03216929472989752,0.1514004831215011
2017-01-09,0.1514004831215011,-0.014545604820375695,-0.0378286367287819
2017-01-10,-0.0378286367287819,-0.018229390269744617,-0.6738506018186392
2017-01-11,-0.6738506018186392,-0.01911468799204374,1.559062145455415
2017-01-12,1.559062145455415,-0.0009309286142061843,-0.3851397367929886
2017-01-13,-0.3851397367929886,0.07359008714816835,0.656662772388834
2017-01-17,0.656662772388834,-0.014084346316538498,-0.1216260616790295
2017-01-18,-0.1216260616790295,-0.0032554839993971948,-0.4879889563722049
2017-01-19,-0.4879889563722049,-0.018705639344358864,1.0294896726862257
2017-01-23,1.0294896726862257,-0.010284759987286085,0.0837637910207696
2017-01-24,0.0837637910207696,0.021370961343321445,-0.0558347306521064
2017-01-25,-0.0558347306521064,-0.018891803968474386,-0.6818314370743415
2017-01-26,-0.6818314370743415,-0.019070893201069222,0.1872659723291832
2017-01-27,0.1872659723291832,-0.0008677968084750436,-0.0842262929395333
2017-01-30,-0.0842262929395333,-0.01762331128059384,1.0523962088892578
2017-01-31,1.0523962088892578,-0.018855880637069458,-0.3340760345400102
2017-02-01,-0.3340760345400102,0.027777715698756915,0.4081638319648456
2017-02-02,0.4081638319648456,-0.014674894459445083,-0.0926183265244738
2017-02-03,-0.0926183265244738,-0.011836115785274019,-0.5668369960464403
2017-02-06,-0.5668369960464403,-0.018759573158883783,-0.3828023908036481
2017-02-07,-0.3828023908036481,-0.0049580708218091045,0.1682400621152199
2017-02-08,0.1682400621152199,-0.012571656284978831,-0.4680341783515512
2017-02-09,-0.4680341783515512,-0.017609123248924947,-0.075089171915649
2017-02-10,-0.075089171915649,-0.008695033815071898,-0.4422912211772875
2017-02-13,-0.4422912211772875,-0.018749696592647594,-0.24551475977453
2017-02-14,-0.24551475977453,-0.009239785761979667,0.1889109846783074
2017-02-15,0.1889109846783074,-0.01593313119755486,0.5927476544999584
2017-02-16,0.5927476544999584,-0.016860634626987957,-0.4324534331995423
2017-02-17,-0.4324534331995423,0.0007902816064251171,-0.5953242245748133
2017-02-21,-0.5953242245748133,-0.008802752497681136,0.0379039140328914
2017-02-22,0.0379039140328914,0.0005328637948567024,0.2932692135511675
2017-02-23,0.2932692135511675,-0.018753098650772734,-0.0566947005642426
2017-02-24,-0.0566947005642426,-0.013574758618789203,0.4150166303924709
2017-02-27,0.4150166303924709,-0.018638333213643964,-0.0564918572598219
2017-02-28,-0.0564918572598219,-0.007736419211111921,-0.5098679726593999
2017-03-01,-0.5098679726593999,-0.01857398298930338,-0.4744292037629582
2017-03-02,-0.4744292037629582,-0.0021239274149866356,0.3607713017757164
2017-03-03,0.3607713017757164,-0.004275212910408777,0.3216958020782466
2017-03-06,0.3216958020782466,-0.00973760839938266,-0.0377928953855788
2017-03-07,-0.0377928953855788,-0.011367685980143413,-0.3312985187462898
2017-03-08,-0.3312985187462898,-0.018559088780386673,0.3690914141318685
2017-03-09,0.3690914141318685,-0.010940663312512817,0.7622490207549968
2017-03-10,0.7622490207549968,-0.008223113993010893,0.0281201670316161
2017-03-13,0.0281201670316161,0.02414179626414449,-0.2345766968219115
2017-03-14,-0.2345766968219115,-0.018514564458781885,-0.1410105991586334
2017-03-15,-0.1410105991586334,-0.014655690894169677,1.0108659646521427
2017-03-16,1.0108659646521427,-0.01710703250927662,0.0372439482889911
2017-03-17,0.0372439482889911,0.05767282576951417,0.1116486904218641
2017-03-20,0.1116486904218641,-0.01848441131800571,0.5193853263630662
2017-03-21,0.5193853263630662,-0.017555462337505216,-0.092549752094281
2017-03-22,-0.092549752094281,0.002065215236825639,-0.1204428736882119
2017-03-23,-0.1204428736882119,-0.017957785972224468,0.1759830028582111
2017-03-24,0.1759830028582111,-0.01744739374098074,0.7008512641859564
2017-03-27,0.7008512641859564,-0.0157481779667683,-0.2760653267048344
2017-03-28,-0.2760653267048344,0.021912235277475153,-0.8885656390067069
2017-03-29,-0.8885656390067069,-0.012606143656223775,-0.2793037845884649
2017-03-30,-0.2793037845884649,0.042070412605974584,-0.2613892451674977
2017-03-31,-0.2613892451674977,-0.012885868765006525,-0.4027542558478058
2017-04-03,-0.4027542558478058,-0.013435156309129576,0.0844317325827163
2017-04-04,0.0844317325827163,-0.006014945095054163,-0.0281359908069396
2017-04-05,-0.0281359908069396,-0.017783105544714867,-0.0938438507309493
2017-04-06,-0.0938438507309493,-0.01834829026523601,-0.3291487431122075
2017-04-07,-0.3291487431122075,-0.017661692335540477,-0.0942418314968242
2017-04-10,-0.0942418314968242,-0.00894969450262759,0.0754005690764875
2017-04-11,0.0754005690764875,-0.017535791147282438,-0.0282685514249898
2017-04-12,-0.0282685514249898,-0.01757039737499453,0.1788993462403263
2017-04-13,0.1788993462403263,-0.018086984837163995,-0.0470477543376012
2017-04-14,-0.0470477543376012,-0.014608249526280776,0.3288703927218023
2017-04-17,0.3288703927218023,-0.017842279494646358,0.4305913233490894
2017-04-18,0.4305913233490894,-0.005919610751577492,0.0093401204943335
2017-04-19,0.0093401204943335,0.002597879280037637,0.4751930674917972
2017-04-20,0.4751930674917972,-0.017916937875590358,-0.5966827324511156
2017-04-21,-0.5966827324511156,0.007711008475332682,1.4113511892329098
2017-04-24,1.4113511892329098,0.019664952287450528,0.8720852075783949
2017-04-25,0.8720852075783949,0.16140311161937415,-0.6326523645810356
2017-04-26,-0.6326523645810356,0.038188342291733804,-0.0736106032502204
2017-04-27,-0.0736106032502204,0.008991484969071843,0.2849397580242875
2017-04-28,0.2849397580242875,-0.01829026109382736,0.1559132704523096
2017-05-01,0.1559132704523096,-0.012394649458950868,-0.0183301256126778
2017-05-02,-0.0183301256126778,-0.016571689615205432,0.0916170471779582
2017-05-03,0.0916170471779582,-0.01848168224283824,0.4294793461312823
2017-05-04,0.4294793461312823,-0.01767676941866822,0.2640806524927443
2017-05-05,0.2640806524927443,-0.0027777889407734763,-0.6203267474564902
2017-05-08,-0.6203267474564902,-0.012290610864028757,-0.4861725853686516
2017-05-09,-0.4861725853686516,0.013217171751868968,-0.0183924959135373
2017-05-10,-0.0183924959135373,0.0006384426112102049,-0.0367951434562453
2017-05-11,-0.0367951434562453,-0.018375344418094186,0.5230569392476159
2017-05-12,0.5230569392476159,-0.018250261812733724,0.4839087279069426
2017-05-15,0.4839087279069426,0.0063542297244013335,0.8435041622718209
2017-05-16,0.8435041622718209,0.0026345337429097503,0.5584090886002192
2017-05-17,0.5584090886002192,0.041883094282447936,-0.0359324473862466
2017-05-18,-0.0359324473862466,0.006883623019169433,0.5376357036380496
2017-05-19,0.5376357036380496,-0.0183760273318335,0.4102386918163387
2017-05-22,0.4102386918163387,0.005661750306326181,-0.3387718315295701
2017-05-23,-0.3387718315295701,-0.004330366309485044,-0.2056050427068939
2017-05-24,-0.2056050427068939,-0.009254736552763846,0.384049058651256
2017-05-25,0.384049058651256,-0.014999225476792232,-0.4288018005035796
2017-05-26,-0.4288018005035796,-0.005224926018930374,0.1163154964942087
2017-05-30,0.1163154964942087,-0.002759439563416563,0.4728141195945896
2017-05-31,0.4728141195945896,-0.016982476178804842,-0.1959911540516398
2017-06-01,-0.1959911540516398,0.0023518556328287936,0.4981330350204161
2017-06-02,0.4981330350204161,-0.014962376852232716,-0.1776199401255782
2017-06-05,-0.1776199401255782,0.005146779019777135,0.1421211822093077
2017-06-06,0.1421211822093077,-0.015482051510342081,-0.2666431230525069
2017-06-07,-0.2666431230525069,-0.016077271029855934,-0.1692424578910882
2017-06-08,-0.1692424578910882,-0.011412039613554439,-0.2409962339252377
2017-06-09,-0.2409962339252377,-0.015375308655055287,0.1250335074028212
2017-06-12,0.1250335074028212,-0.012266673995040299,-0.0892936928694327
2017-06-13,-0.0892936928694327,-0.01614790522785696,0.7387332780982723
2017-06-14,0.7387332780982723,-0.017147050528566386,-1.1146399231982576
2017-06-15,-1.1146399231982576,0.04196980934088003,0.3759066450999672
2017-06-16,0.3759066450999672,0.09726917396196043,-0.3041963516002814
2017-06-19,-0.3041963516002814,-0.00584022161874467,-0.3231020581446532
2017-06-20,-0.3231020581446532,-0.010554363235799748,0.1706561693198554
2017-06-21,0.1706561693198554,-0.009330619829250545,0.0448611554784929
2017-06-22,0.0448611554784929,-0.015419202015237218,0.4296462033505332
2017-06-23,0.4296462033505332,-0.017965862934895806,0.0
2017-06-26,0.0,4.592328806867633e-05,0.924615406508783
2017-06-27,0.924615406508783,-0.018144447045486862,0.5647738273646883
2017-06-28,0.5647738273646883,0.06272142146012816,0.4915740235922516
2017-06-29,0.4915740235922516,0.009996791309590481,-0.0788401775321445
2017-06-30,-0.0788401775321445,0.0028991811084709733,-0.3863381747969174
2017-07-03,-0.3863381747969174,-0.017867625964191176,-0.2730918316194202
2017-07-05,-0.2730918316194202,-0.005368052783107807,0.6419015225852978
2017-07-06,0.6419015225852978,-0.01178081168088684,-0.1140100978570506
2017-07-07,-0.1140100978570506,0.019514073452855458,0.0
2017-07-10,0.0,-0.01723311140649495,0.2979061171057472
2017-07-11,0.2979061171057472,-0.018226749096408094,-0.1663675354176711
2017-07-12,-0.1663675354176711,-0.009352089092838656,-0.2281102936839575
2017-07-13,-0.2281102936839575,-0.015610194161212246,0.5867687720165619
2017-07-14,0.5867687720165619,-0.013097603733621344,0.1570543905410795
2017-07-17,0.1570543905410795,0.017226330069411665,0.9371814515533424
2017-07-18,0.9371814515533424,-0.015439307072472644,-0.5195716572332296
2017-07-19,-0.5195716572332296,0.06657265838417296,1.0020816404089092
2017-07-20,1.0020816404089092,0.0051449100746837504,0.1803426999150726
2017-07-21,0.1803426999150726,0.06556921037932567,-0.1116023638176775
2017-07-24,-0.1116023638176775,-0.015752607422480167,0.1201820043359954
2017-07-25,0.1201820043359954,-0.017522685666762572,-0.2061148101740153
2017-07-26,-0.2061148101740153,-0.017047253120040327,0.2061148101740096
2017-07-27,0.2061148101740096,-0.014844828224056405,0.8372539297554967
2017-07-28,0.8372539297554967,-0.014269891257156424,0.610688920817948
2017-07-31,0.610688920817948,0.043457810861261166,-0.2285715280856062
2017-08-01,-0.2285715280856062,0.01283041712211281,0.524092492935663
2017-08-02,0.524092492935663,-0.014329487130513035,0.1600606887360215
2017-08-03,0.1600606887360215,0.004937777725122233,-1.0662705744040069
2017-08-04,-1.0662705744040069,-0.0160757015145527,0.2888456684989615
2017-08-07,0.2888456684989615,0.07091946757017638,-0.5444042026802229
2017-08-08,-0.5444042026802229,-0.01203183516095516,0.2044990487727647
2017-08-09,0.2044990487727647,0.003421805970858807,0.0255330015430228
2017-08-10,0.0255330015430228,-0.015132534686143239,0.5092957277906315
2017-08-11,0.5092957277906315,-0.018395573700640683,-0.2118914213988533
2017-08-14,-0.2118914213988533,0.002884382498429419,-0.4251345575041065
2017-08-15,-0.4251345575041065,-0.014976381965687638,-0.2815821648051557
2017-08-16,-0.2815821648051557,-0.003820812545038155,0.2815821648051601
2017-08-17,0.2815821648051601,-0.01197456750356612,0.1021972495693189
2017-08-18,0.1021972495693189,-0.011228025546266455,0.5602255548669751
2017-08-21,0.5602255548669751,-0.017272169417710766,-0.4411272847279334
2017-08-22,-0.4411272847279334,0.010327777689676442,0.3395012597212773
2017-08-23,0.3395012597212773,-0.001522758854178562,-0.0084734991365355
2017-08-24,-0.0084734991365355,-0.007638267377757172,0.6166862204872033
2017-08-25,0.6166862204872033,-0.01825404742573936,0.8302978886222935
2017-08-28,0.8302978886222935,0.01731727032226693,0.4333701257118351
2017-08-29,0.4333701257118351,0.042100355011395696,-0.8183078395292729
2017-08-30,-0.8183078395292729,-0.0023678168963594762,-0.2770666312130132
2017-08-31,-0.2770666312130132,0.034677676477764624,-0.1346121690733485
2017-09-01,-0.1346121690733485,-0.012684210188736837,0.2774393305095372
2017-09-05,0.2774393305095372,-0.017092486767712765,0.2682989787525801
2017-09-06,0.2682989787525801,-0.01169916169671413,0.7091932439992933
2017-09-07,0.7091932439992933,-0.011939710369007768,0.1080227783799119
2017-09-08,0.1080227783799119,0.024758261448817404,-0.6415352142380357
2017-09-11,-0.6415352142380357,-0.017307796930442217,0.0334280464419889
2017-09-12,0.0334280464419889,0.015530743555775854,-0.5866102466407624
2017-09-13,-0.5866102466407624,-0.01825706059960367,-0.1009081821244946
2017-09-14,-0.1009081821244946,0.010245901736247317,0.6122896042201328
2017-09-15,0.6122896042201328,-0.01759031238411139,-0.1757543240212291
2017-09-18,-0.1757543240212291,0.014391490228404432,0.3512002940845119
2017-09-19,0.3512002940845119,-0.015875768204552887,0.15013765435981
2017-09-20,0.15013765435981,-0.007123967605338495,-0.4343474920787034
2017-09-21,-0.4343474920787034,-0.016099569455668976,0.192347958111906
2017-09-22,0.192347958111906,-0.0014479090062149472,-0.9823344179914693
2017-09-25,-0.9823344179914693,-0.01458145039593119,-0.677279934009244
2017-09-26,-0.677279934009244,0.06584860603810809,-0.2125941529477377
2017-09-27,-0.2125941529477377,0.018185312721394065,0.2465673144771378
2017-09-28,0.2465673144771378,-0.014978445037239049,0.3137057979862387
2017-09-29,0.3137057979862387,-0.013098321323592926,-0.577300185550666
2017-10-02,-0.577300185550666,-0.009671720180055144,0.119128673040241
2017-10-03,0.119128673040241,0.00946391708796293,0.0085037629202064
2017-10-04,0.0085037629202064,-0.017017192838489185,-0.460241160145159
2017-10-05,-0.460241160145159,-0.018285066003043072,0.22186202461754
2017-10-06,0.22186202461754,0.0004262277044596319,0.6118305965488186
2017-10-10,0.6118305965488186,-0.01350007290716918,0.3636213891929349
2017-10-11,0.3636213891929349,0.016620144325609033,-0.0591041516762558
2017-10-12,-0.0591041516762558,-0.005928853874249378,-0.0253410484103048
2017-10-13,-0.0253410484103048,-0.017974835300996073,-0.2283588762485597
2017-10-16,-0.2283588762485597,-0.01814223454187735,-0.4753022018812268
2017-10-17,-0.4753022018812268,-0.013213895651552624,0.1785031712022845
2017-10-18,0.1785031712022845,0.003948675667041681,0.5673894207102796
2017-10-19,0.5673894207102796,-0.014655825928776508,-0.6098612837398915
2017-10-20,-0.6098612837398915,0.01511551716224488,-0.0679925234421187
2017-10-23,-0.0679925234421187,0.017550496720902507,0.0340020404500172
2017-10-24,0.0340020404500172,-0.017769095156048433,0.3054992192712552
2017-10-25,0.3054992192712552,-0.01792541627132112,-0.8680166831266524
2017-10-26,-0.8680166831266524,-0.007954110264883104,-1.0309369658861212
2017-10-27,-1.0309369658861212,0.05558982715548229,0.3964497134309712
2017-10-30,0.3964497134309712,0.07322919955785849,0.1890522175171228
2017-10-31,0.1890522175171228,-0.0052446101503615585,-0.2578871883989442
2017-11-01,-0.2578871883989442,-0.015244891451822791,0.4637191650143839
2017-11-02,0.4637191650143839,-0.012922667720289301,-0.4809353138044264
2017-11-03,-0.4809353138044264,0.0007506664225093835,-0.1378359970121382
2017-11-06,-0.1378359970121382,0.0011727267914583923,-0.1984726888727552
2017-11-07,-0.1984726888727552,-0.016791377723240342,0.1208563683016569
2017-11-08,0.1208563683016569,-0.014907726038620958,0.4905556547722212
2017-11-09,0.4905556547722212,-0.016722377748487487,0.0686577438573551
2017-11-13,0.0686577438573551,0.005112675466009886,0.9222951798844812
2017-11-14,0.9222951798844812,-0.017651937367157124,0.2546906886563957
2017-11-15,0.2546906886563957,0.06073813057008821,-0.1867097207085981
2017-11-16,-0.1867097207085981,-0.012393999843676633,0.2290951746555762
2017-11-17,0.2290951746555762,-0.015341969716186695,-0.4927792469707413
2017-11-20,-0.4927792469707413,-0.013135949698600016,0.0
2017-11-21,0.0,0.00392146554431497,0.4079903661915626
2017-11-22,0.4079903661915626,-0.01819936367976846,1.2392150151414525
2017-11-24,1.2392150151414525,-0.001626330174683325,-0.2096700562641173
2017-11-27,-0.2096700562641173,0.11497286265168408,-0.2774393305095515
2017-11-28,-0.2774393305095515,-0.015246252324240988,-0.1685204308492534
2017-11-29,-0.1685204308492534,-0.01252910529697534,0.3367573480538008
2017-11-30,0.3367573480538008,-0.01622497336276992,0.100806460149482
2017-12-01,0.100806460149482,-0.0084403402604752,-0.5219306401711115
2017-12-04,-0.5219306401711115,-0.017351531843854393,-0.2366064987545613
2017-12-05,-0.2366064987545613,0.0051148879839534225,-0.2710947102503777
2017-12-06,-0.2710947102503777,-0.013580020469803408,0.0169649673831222
2017-12-07,0.0169649673831222,-0.011861174954508934,-0.2462741680380209
2017-12-08,-0.2462741680380209,-0.018170561401337874,0.3480035766077587
2017-12-11,0.3480035766077587,-0.012574588050931902,-0.6545694302633768
2017-12-12,-0.6545694302633768,-0.005807753824735494,0.3150681705421084
2017-12-13,0.3150681705421084,0.022595833373781186,0.1359388484614821
2017-12-14,0.1359388484614821,-0.008358510281060378,0.0
2017-12-15,0.0,-0.01618224872182299,0.2205072558313975
2017-12-18,0.2205072558313975,-0.0180851389060179,0.1523745321484738
2017-12-19,0.1523745321484738,-0.012685075517408441,0.4978283073972595
2017-12-20,0.4978283073972595,-0.015295107304079134,-0.0757799051125618
2017-12-21,-0.0757799051125618,0.009427264711849166,-0.2783519995525564
2017-12-22,-0.2783519995525564,-0.017422055780028502,0.2362272253503038
2017-12-26,0.2362272253503038,-0.009590912324530373,0.2945014539658124
2017-12-27,0.2945014539658124,-0.01117215215254531,0.4192175167801262
2017-12-28,0.4192175167801262,-0.007332647977720046,0.5839676226508663
2017-12-29,0.5839676226508663,0.0032855866983998072,0.2326355319693785
2018-01-02,0.2326355319693785,0.021754600207627747,-0.1661129950076487
2018-01-03,-0.1661129950076487,-0.011476874008110672,0.2822281279012669
2018-01-04,0.2822281279012669,-0.014858922959528086,-0.2074431312710809
2018-01-05,-0.2074431312710809,-0.007962074755215407,-0.5497265218182804
2018-01-08,-0.5497265218182804,-0.012826633983329663,-0.4268681936971802
2018-01-09,-0.4268681936971802,0.017845521327799308,0.3015077660977973
2018-01-10,0.3015077660977973,0.003096909604517553,0.6418560776322728
2018-01-11,0.6418560776322728,-0.006624219533058217,0.7862651720923465
2018-01-12,0.7862651720923465,0.03057368887786303,0.9354298127207138
2018-01-16,0.9354298127207138,0.04886391493733855,-0.1225840875933082
2018-01-17,-0.1225840875933082,0.06593948382640319,0.0735684833115939
2018-01-18,0.0735684833115939,-0.017039901321346796,0.0
2018-01-19,0.0,-0.017629414414995673,-0.0653915341267711
2018-01-22,-0.0653915341267711,-0.0181569717406572,0.3835643499621761
2018-01-23,0.3835643499621761,-0.01774049542645367,0.916210244234818
2018-01-24,0.916210244234818,-0.0024838399915976164,0.7878487572079811
2018-01-25,0.7878487572079811,0.06389444447206397,-0.5299089076019647
2018-01-26,-0.5299089076019647,0.03669090905256654,-0.5651100854690837
2018-01-29,-0.5651100854690837,0.004644154236422412,0.3071702358630844
2018-01-30,0.3071702358630844,0.007507177636173519,0.306229588974979
2018-01-31,0.306229588974979,-0.010268785176251814,0.4335614981050417
2018-02-01,0.4335614981050417,-0.010121223662027048,-0.2888320364825176
2018-02-02,-0.2888320364825176,-0.0017959420574599604,-0.225225320432502
2018-02-05,-0.225225320432502,-0.011372341297415947,-0.298399350414659
2018-02-06,-0.298399350414659,-0.014004725767139016,-0.8109686810307434
2018-02-07,-0.8109686810307434,-0.010435900212098434,-0.3507487587898216
2018-02-08,-0.3507487587898216,0.03922701176433497,-0.0981033433815167
2018-02-09,-0.0981033433815167,-0.008110691356445819,0.334789844408133
2018-02-12,0.334789844408133,-0.01756168382400244,0.7795410974175124
2018-02-13,0.7795410974175124,-0.007769276348685507,0.266569890071185
2018-02-14,0.266569890071185,0.03596126417661707,0.6913766586349439
2018-02-15,0.6913766586349439,-0.011978164608284549,-0.3209760419023204
2018-02-16,-0.3209760419023204,0.02294496162942719,-0.7583739452915242
2018-02-20,-0.7583739452915242,-0.010050792784394672,-0.275728015089431
2018-02-21,-0.275728015089431,0.028253375222657237,0.0974026051032841
2018-02-22,0.0974026051032841,-0.012526124156183096,-0.2274205008773397
2018-02-23,-0.2274205008773397,-0.017505826378485287,-0.0162641294983174
2018-02-26,-0.0162641294983174,-0.014109743617831171,-0.4646431836093415
2018-02-27,-0.4646431836093415,-0.01829005368091371,-0.2290389549316566
2018-02-28,-0.2290389549316566,0.000826932863771721,0.0409383065446539
2018-03-01,0.0409383065446539,-0.013671954988327295,0.7990258572687035
2018-03-02,0.7990258572687035,-0.017993575407518694,0.129849068723468
2018-03-05,0.129849068723468,0.04171507801966229,0.6870101783876864
2018-03-06,0.6870101783876864,-0.016617669546672726,-0.1450911104120153
2018-03-07,-0.1450911104120153,0.02469794782835561,-0.6717681366991352
2018-03-08,-0.6717681366991352,-0.016579740790807287,0.0974026051032841
2018-03-09,0.0974026051032841,0.020926339055044055,-0.0649245275199837
2018-03-12,-0.0649245275199837,-0.017377923466426984,0.6473562014876106
2018-03-13,0.6473562014876106,-0.017942012949172,-0.2907918042646142
2018-03-14,-0.2907918042646142,0.020587924126458802,-0.3322127594550392
2018-03-15,-0.3322127594550392,-0.010951442865962932,-0.3333200923534773
2018-03-16,-0.3333200923534773,-0.008447197042170377,0.398228816741948
2018-03-19,0.398228816741948,-0.008188156479658397,-0.4715455892004953
2018-03-20,-0.4715455892004953,-0.002769512965556689,-0.0244508742405787
2018-03-21,-0.0244508742405787,0.002319202679642984,0.3417693944357161
2018-03-22,0.3417693944357161,-0.01814482714410159,0.4053511833182415
2018-03-23,0.4053511833182415,-0.006239699999407652,0.6451635281488596
2018-03-26,0.6451635281488596,-0.0013490509851309138,-0.2414488094517464
2018-03-27,-0.2414488094517464,0.022980478123978024,-0.4765567760638511
2018-03-28,-0.4765567760638511,-0.01283827837578779,-0.4381701265567195
2018-03-29,-0.4381701265567195,0.0033475166378461097,0.1868627915063498
2018-03-30,0.1868627915063498,-8.14324884772741e-05,-0.2600781700057478
2018-04-02,-0.2600781700057478,-0.014499715194996257,-0.2199683155066293
2018-04-03,-0.2199683155066293,-0.011581908084628475,0.2525151017988329
2018-04-04,0.2525151017988329,-0.013314459260690642,-0.5056694569157254
2018-04-05,-0.5056694569157254,-0.010948211158543672,0.3591254267824162
2018-04-06,0.3591254267824162,0.008503568457652348,0.3740754138468399
2018-04-09,0.3740754138468399,-0.003950540608414575,0.1459972682073215
2018-04-10,0.1459972682073215,-0.0026614940823553477,0.3721386059924258
2018-04-11,0.3721386059924258,-0.015473069789854446,-0.5181358741997518
2018-04-12,-0.5181358741997518,-0.0021966036942332175,0.0162324487005217
2018-04-13,0.0162324487005217,0.010725517228529309,0.4130396639459876
2018-04-16,0.4130396639459876,-0.017882717186335412,-0.2265556434695947
2018-04-17,-0.2265556434695947,0.0017102797612649368,0.2831144459307287
2018-04-18,0.2831144459307287,-0.012374670704458076,-0.3560450435476353
2018-04-19,-0.3560450435476353,-0.008213260480359303,-0.4387040913766293
2018-04-20,-0.4387040913766293,-0.0034975469817743786,-0.5388207990876084
2018-04-23,-0.5388207990876084,0.00404541233260241,0.081826369020217
2018-04-24,0.081826369020217,0.014672244545481763,-0.3933786420151223
2018-04-25,-0.3933786420151223,-0.016972571677000132,-0.5351789151717116
2018-04-26,-0.5351789151717116,-0.00027660688470563936,-0.041286487519288
2018-04-27,-0.041286487519288,0.014414287875707902,-0.281201078523784
2018-04-30,-0.281201078523784,-0.017695073803436014,-0.61477305862342
2018-05-01,-0.61477305862342,-0.008789290143939458,-0.2670228555878809
2018-05-02,-0.2670228555878809,0.02542857752740702,0.0167098337760421
2018-05-03,0.0167098337760421,-0.01001229120714429,-0.2007025259767451
2018-05-04,-0.2007025259767451,-0.017735840006984745,-0.1591756713582251
2018-05-07,-0.1591756713582251,-0.013103373064207152,-0.5380424917565922
2018-05-08,-0.5380424917565922,-0.014724441987204222,-0.0927682967647326
2018-05-09,-0.0927682967647326,0.01768939927245052,0.3705579446535105
2018-05-10,0.3705579446535105,-0.01673589312279235,0.4612747726890094
2018-05-11,0.4612747726890094,0.00031596305330196977,0.208969023258324
2018-05-14,0.208969023258324,0.00971755848417655,-0.9396042281696344
2018-05-15,-0.9396042281696344,-0.011858802034655403,-0.64265399601825
2018-05-16,-0.64265399601825,0.08407299783150064,0.0847960705435227
2018-05-17,0.0847960705435227,0.024552531487013796,-0.1951385678402046
2018-05-18,-0.1951385678402046,-0.017181961110650203,-0.0594656603345029
2018-05-21,-0.0594656603345029,-0.014123152668349747,0.1273831432067218
2018-05-22,0.1273831432067218,-0.01759909850156125,-0.7667442573022187
2018-05-23,-0.7667442573022187,-0.015817852391788498,0.3074035381186685
2018-05-24,0.3074035381186685,0.0464986396551911,-0.5385779207922111
2018-05-25,-0.5385779207922111,-0.007487238859695608,-0.9906615024902636
2018-05-29,-0.9906615024902636,0.012244896973790397,0.9735161959759052
2018-05-30,0.9735161959759052,0.0762946317710667,0.0514271032162321
2018-05-31,0.0514271032162321,0.06290484876517008,0.0770910997963681
2018-06-01,0.0770910997963681,-0.018173742886323566,0.1454545710994361
2018-06-04,0.1454545710994361,-0.017809860278333606,-0.2054091786938118
2018-06-05,-0.2054091786938118,-0.01634596247676928,0.90405733018945
2018-06-06,0.90405733018945,-0.014711012809397413,0.3136526116492273
2018-06-07,0.3136526116492273,0.0531082721373866,-0.3561136542811451
2018-06-08,-0.3561136542811451,-0.009967762092308572,0.2460234538917141
2018-06-11,0.2460234538917141,-0.008044621403669074,-0.0847673187996147
2018-06-12,-0.0847673187996147,-0.012898815236390752,-0.0678656286651806
2018-06-13,-0.0678656286651806,-0.017753894551510694,-1.2810833671759343
2018-06-14,-1.2810833671759343,-0.017896940272675563,-0.1548387406129485
2018-06-15,-0.1548387406129485,0.11663810551867497,-0.08612523140236
2018-06-18,-0.08612523140236,-0.0168647109463039,-0.2501834544825244
2018-06-19,-0.2501834544825244,-0.017989131885836326,0.129483379478987
2018-06-20,0.129483379478987,-0.013637099573447786,0.0689893093937646
2018-06-21,0.0689893093937646,-0.016886112729698022,0.2582868418254238
2018-06-22,0.2582868418254238,-0.017873884670785548,0.5487923222905711
2018-06-25,0.5487923222905711,-0.012129625325284986,-0.1626086198517776
2018-06-26,-0.1626086198517776,0.009030927673247438,-0.7479723647856943
2018-06-27,-0.7479723647856943,-0.01609151932706962,-0.0517911103506065
2018-06-28,-0.0517911103506065,0.030282282021642362,0.8168926289979894
2018-06-29,0.8168926289979894,-0.01814921865674458,-0.6271228834420143
2018-07-02,-0.6271228834420143,0.03937455362730156,0.4213791331968509
2018-07-03,0.4213791331968509,0.012833141852209918,0.3768741077443654
2018-07-05,0.3768741077443654,-0.00380356468465048,0.3499043467572719
2018-07-06,0.3499043467572719,-0.006560121807692865,0.0511029736017183
2018-07-09,0.0511029736017183,-0.008004257698651783,-0.1363326727864164
2018-07-10,-0.1363326727864164,-0.018107349360544953,-0.0511727090058345
2018-07-11,-0.0511727090058345,-0.016837057173563624,-0.2562570805237835
2018-07-12,-0.2562570805237835,-0.01808759165069499,-0.2140503407279509
2018-07-13,-0.2140503407279509,-0.012364799362408545,0.3678833767906058
2018-07-16,0.3678833767906058,-0.014021666875763391,-0.3936002343323627
2018-07-17,-0.3936002343323627,-0.004508824631880118,-0.1630271929997992
2018-07-18,-0.1630271929997992,-0.003326888030211721,-0.3527037077146693
2018-07-19,-0.3527037077146693,-0.015623046406284143,0.8922502570481697
2018-07-20,0.8922502570481697,-0.005727743575352696,-0.0512601463595168
2018-07-23,-0.0512601463595168,0.060064397506506106,-0.1539382840549657
2018-07-24,-0.1539382840549657,-0.01803829849716654,-0.0599289431916857
2018-07-25,-0.0599289431916857,-0.016059993883261518,-0.1971626372695322
2018-07-26,-0.1971626372695322,-0.017824626264658586,0.0514712201463717
2018-07-27,0.0514712201463717,-0.014290937672158253,0.4961940200250572
2018-07-30,0.4961940200250572,-0.017653733560219084,-0.1024590253567557
2018-07-31,-0.1024590253567557,0.009015315220751673,-0.3422902537583316
2018-08-01,-0.3422902537583316,-0.01696138562648398,-0.4639582169062455
2018-08-02,-0.4639582169062455,-0.005419280623686233,-0.1292602187817297
2018-08-03,-0.1292602187817297,0.0052638304848345386,-0.2849619820466451
2018-08-06,-0.2849619820466451,-0.016203866518390318,0.284961982046635
2018-08-07,0.284961982046635,-0.008929641587314189,0.0086225479682612
2018-08-08,0.0086225479682612,-0.007975739754423901,-0.2762909718222192
2018-08-09,-0.2762909718222192,-0.01774585224670265,-1.4544127481385098
2018-08-10,-1.4544127481385098,-0.008733173414703699,-0.026321561897968
2018-08-13,-0.026321561897968,0.19425097515706752,-0.3956570862459511
2018-08-14,-0.3956570862459511,-0.01832706356689365,-0.1675263804932235
2018-08-15,-0.1675263804932235,-0.005023291476991263,0.4929587447521147
2018-08-16,0.4929587447521147,-0.015957124465207202,0.1929994458193235
2018-08-17,0.1929994458193235,0.004217613212578153,0.245098161914016
2018-08-20,0.245098161914016,-0.014649503172874825,0.8358049700096501
2018-08-21,0.8358049700096501,-0.012307863801636438,0.5274775514274141
2018-08-22,0.5274775514274141,0.045978272582870336,-0.2417754394230478
2018-08-23,-0.2417754394230478,0.0061491316266597575,0.5001735160155533
2018-08-24,0.5001735160155533,-0.01350613260174497,0.4377501518448229
2018-08-27,0.4377501518448229,0.0041029048189727855,0.376133115699815
2018-08-28,0.376133115699815,-0.0011449457847285366,-0.1793416083402065
2018-08-29,-0.1793416083402065,-0.005492995868887837,-0.4540594650536188
2018-08-30,-0.4540594650536188,-0.015582352924895963,-0.43025623555192
2018-08-31,-0.43025623555192,6.74465069438731e-05,-0.2590451323382416
2018-09-04,-0.2590451323382416,-0.0017962115364862797,0.4657991687738565
2018-09-05,0.4657991687738565,-0.012293530872105286,0.0344174844216715
2018-09-06,0.0344174844216715,0.0025879086825596094,-0.4483539154093156
2018-09-07,-0.4483539154093156,-0.01804358650533275,0.2761479145268926
2018-09-10,0.2761479145268926,0.0007707165190969622,-0.1120931352549668
2018-09-11,-0.1120931352549668,-0.010391834919766295,0.3015034372551012
2018-09-12,0.3015034372551012,-0.016970808706208984,0.3948841941325583
2018-09-13,0.3948841941325583,-0.008342712541866146,-0.1371742327580881
2018-09-14,-0.1371742327580881,-0.001361335316037752,0.2656044058116432
2018-09-17,0.2656044058116432,-0.01618478664058512,0.0513259207161315
2018-09-18,0.0513259207161315,-0.009966471540376231,-0.068440416736009
2018-09-19,-0.068440416736009,-0.017545147524093797,0.5036503881338548
2018-09-20,0.5036503881338548,-0.01738630245317386,-0.0425839975774811
2018-09-21,-0.0425839975774811,0.01230638923476021,0.2892142199674737
2018-09-24,0.2892142199674737,-0.01766072905258582,-0.0254852823874343
2018-09-25,-0.0254852823874343,-0.007349014443475814,-0.1020061292122257
2018-09-26,-0.1020061292122257,-0.017666915650799933,-0.7512413681598532
2018-09-27,-0.7512413681598532,-0.016464265070118413,-0.4121592645550898
2018-09-28,-0.4121592645550898,0.050454759271041344,-0.4743637339649188
2018-10-01,-0.4743637339649188,0.0014262562467322216,-0.0605353069033238
2018-10-02,-0.0605353069033238,0.0075226656573676755,-0.3032274361519047
2018-10-03,-0.3032274361519047,-0.017470521376048827,-0.1476143193410804
2018-10-04,-0.1476143193410804,-0.007188736841696638,-0.05215123977392
2018-10-05,-0.05215123977392,-0.015261840465643743,-0.1740341546117193
2018-10-09,-0.1740341546117193,-0.017379937526028892,0.5125320692822528
2018-10-10,0.5125320692822528,-0.013890734173801603,0.2077383245135006
2018-10-11,0.2077383245135006,0.017310038359698198,-0.0518941371272386
2018-10-12,-0.0518941371272386,-0.011711268191620763,0.3023368605411011
2018-10-15,0.3023368605411011,-0.017253178584611756,-0.0086255229276782
2018-10-16,-0.0086255229276782,-0.004579072916399773,-0.4582206608310901
2018-10-17,-0.4582206608310901,-0.017431079106799727,-0.399410099440364
2018-10-18,-0.399410099440364,0.01120350014393944,0.1651671605977676
2018-10-19,0.1651671605977676,0.0038871129950350846,-0.4003486635360052
2018-10-22,-0.4003486635360052,-0.013366991641457361,0.1133045835253008
2018-10-23,0.1133045835253008,0.004431998875068458,-0.7958413599206203
2018-10-24,-0.7958413599206203,-0.015370480105698511,-0.1317928407606207
2018-10-25,-0.1317928407606207,0.06651453374818792,0.1230120531183168
2018-10-26,0.1230120531183168,-0.015587951795351924,0.0175608043299535
2018-10-29,0.0175608043299535,-0.015360265322016568,-0.2285313467149195
2018-10-30,-0.2285313467149195,-0.01740068819398912,-0.2819882023671431
2018-10-31,-0.2819882023671431,-0.010443496383262486,0.5631834667391714
2018-11-01,0.5631834667391714,-0.006475412151886267,-0.1580750307206229
2018-11-02,-0.1580750307206229,0.02780266510137001,0.1405234729748289
2018-11-05,0.1405234729748289,-0.014253869353731356,0.1578532293049789
2018-11-06,0.1578532293049789,-0.014345135722621777,0.4110014093057419
2018-11-07,0.4110014093057419,-0.013406742200432429,-0.3759567269775813
2018-11-08,-0.3759567269775813,0.008167443732960423,-0.8003208805437472
2018-11-09,-0.8003208805437472,0.002549866888572902,-0.3272456818584845
2018-11-13,-0.3272456818584845,0.06775046265894648,0.2123894603703944
2018-11-14,0.2123894603703944,-0.004525586017342967,0.106025809543629
2018-11-15,0.106025809543629,-0.011467249397215468,0.6864411359736943
2018-11-16,0.6864411359736943,-0.01588695401722885,0.4026263644759513
2018-11-19,0.4026263644759513,0.0440974417018872,-0.4991472336374866
2018-11-20,-0.4991472336374866,0.002796906731453407,0.0175561798203821
2018-11-21,0.0175561798203821,0.01175092382749632,-0.5368549747708634
2018-11-23,-0.5368549747708634,-0.01766300676133173,0.035292042010922
2018-11-26,0.035292042010922,0.016680493057331006,-0.4863607765595941
2018-11-27,-0.4863607765595941,-0.017519498567383465,0.044312492416506
2018-11-28,0.044312492416506,0.01068398918540672,0.8470140633983838
2018-11-29,0.8470140633983838,-0.01738590182851511,-0.5197104849029636
2018-11-30,-0.5197104849029636,0.06769758721482186,0.2910183278822227
2018-12-03,0.2910183278822227,0.01078342057356571,-0.0969120378919569
2018-12-04,-0.0969120378919569,-0.008397562262795396,0.2552930652802713
2018-12-06,0.2552930652802713,-0.016988092871208,0.1405728574482971
2018-12-07,0.1405728574482971,-0.010061187184675831,-0.1933386664291186
2018-12-10,-0.1933386664291186,-0.015294896313822736,-0.4761493873835594
2018-12-11,-0.4761493873835594,-0.013500010682517287,0.4233557213971313
2018-12-12,0.4233557213971313,0.009097457521840548,-0.0352112679694533
2018-12-13,-0.0352112679694533,0.004274966470118746,-0.5119615736945965
2018-12-14,-0.5119615736945965,-0.017634586126952755,0.3445385271407847
2018-12-17,0.3445385271407847,0.013476015426403861,0.2202353002238927
2018-12-18,0.2202353002238927,-0.0029597497493311885,0.5090856250729592
2018-12-19,0.5090856250729592,-0.011475084632688788,0.0875120384894977
2018-12-20,0.0875120384894977,0.014583798009117934,-0.262766201817609
2018-12-21,-0.262766201817609,-0.016661360448842817,0.0526085062549912
2018-12-26,0.0526085062549912,-0.009387295795386311,0.0350569679313392
2018-12-27,0.0350569679313392,-0.01717076768380537,0.2887520053276438
2018-12-28,0.2887520053276438,-0.017308840282329548,0.0960656813759783
2018-12-31,0.0960656813759783,-0.005646225613685484,-0.8679316308780598
2019-01-02,-0.8679316308780598,-0.015979690267122176,0.3691338345132348
2019-01-03,0.3691338345132348,0.07948066928321672,0.0964531619342849
2019-01-04,0.0964531619342849,-0.0007555974274290753,0.5070384147139133
2019-01-07,0.5070384147139133,-0.016425152452093177,-0.2094972833259485
2019-01-08,-0.2094972833259485,0.014685961204395814,0.6966242034418261
2019-01-09,0.6966242034418261,-0.012609156982473604,-0.0607612535511853
2019-01-10,-0.0607612535511853,0.04114196173914309,-0.330492560341071
2019-01-11,-0.330492560341071,-0.01746748467312189,-0.7607924413739727
2019-01-15,-0.7607924413739727,-0.0051887003686634375,0.1403509002320312
2019-01-16,0.1403509002320312,0.0473252725087986,-0.1930333143049937
2019-01-17,-0.1930333143049937,-0.015554351612513484,-0.211007639395499
2019-01-18,-0.211007639395499,-0.013860960361822336,-0.0264072885650738
2019-01-22,-0.0264072885650738,-0.012871421945000844,0.2725396209806263
2019-01-23,0.2725396209806263,-0.017695423998428113,-0.5988041844622557
2019-01-24,-0.5988041844622557,-0.008082126837944495,0.7479466431292653
2019-01-25,0.7479466431292653,0.02514714417783463,0.2713943447363436
2019-01-28,0.2713943447363436,0.04656764833181649,-0.1224739895895712
2019-01-29,-0.1224739895895712,-0.009543041418657102,-0.0525348055161241
2019-01-30,-0.0525348055161241,-0.01636851519528161,0.3147956429598192
2019-01-31,0.3147956429598192,-0.017575884570067667,0.1744592208013758
2019-02-01,0.1744592208013758,-0.005567498947954258,-0.3142460686554929
2019-02-04,-0.3142460686554929,-0.01380498865758035,-0.2801612758777172
2019-02-05,-0.2801612758777172,-0.005939362774081323,-0.2282104036162332
2019-02-06,-0.2282104036162332,-0.008231179034148169,-0.2023134788675546
2019-02-07,-0.2023134788675546,-0.011301309421213076,-0.2733326217895935
2019-02-08,-0.2733326217895935,-0.01251564017589172,-0.4335714441462677
2019-02-11,-0.4335714441462677,-0.007959805832394628,0.3452400189170078
2019-02-12,0.3452400189170078,0.006953360017432876,-0.2477438888807751
2019-02-13,-0.2477438888807751,-0.0011508910498188457,-0.0354421410762932
2019-02-14,-0.0354421410762932,-0.009640900995643464,-0.1418943125623732
2019-02-15,-0.1418943125623732,-0.01732575702541206,0.5310686937237812
2019-02-19,0.5310686937237812,-0.014726914786496835,0.0882378950747829
2019-02-21,0.0882378950747829,0.023344032693523004,0.0352733689724376
2019-02-22,0.0352733689724376,-0.0161670071864673,0.0264468639968775
2019-02-25,0.0264468639968775,-0.01708060731387632,0.2552930652802713
2019-02-26,0.2552930652802713,-0.01708141618143521,-0.0351741122163238
2019-02-27,-0.0351741122163238,-0.006693671094308612,0.0791243612426883
2019-02-28,0.0791243612426883,-0.01697430586098392,-0.0263678313986467
2019-03-01,-0.0263678313986467,-0.015845887254119118,-0.4228336109521064
2019-03-04,-0.4228336109521064,-0.016853425800891865,-0.2474811233069185
2019-03-05,-0.2474811233069185,0.01245279749029718,0.1768347056741949
2019-03-06,0.1768347056741949,-0.00711569793068173,-0.9408075073556068
2019-03-07,-0.9408075073556068,-0.011168921398351682,0.2582715066141858
2019-03-08,0.2582715066141858,0.11694293746635133,-0.1513196247615037
2019-03-11,-0.1513196247615037,-0.007829039735320604,0.4444056731858376
2019-03-12,0.4444056731858376,-0.014407066271377108,0.3010716876163092
2019-03-13,0.3010716876163092,0.011289990889137963,-0.0530644745802668
2019-03-14,-0.0530644745802668,-0.0041744588542567615,0.1944322309387027
2019-03-15,0.1944322309387027,-0.01703187892798628,0.0970745343848249
2019-03-18,0.0970745343848249,-0.011361550943534932,0.0793545868914011
2019-03-19,0.0793545868914011,-0.01560558033862603,0.0528680953365934
2019-03-20,0.0528680953365934,-0.015990836191823427,0.0792497730026134
2019-03-21,0.0792497730026134,-0.016479366694007635,-0.6977902269983094
2019-03-22,-0.6977902269983094,-0.015735786174499933,0.371583193186877
2019-03-25,0.371583193186877,0.059419943920512655,-0.3893121179740482
2019-03-26,-0.3893121179740482,0.004126477434016526,-0.266311741948355
2019-03-27,-0.266311741948355,0.0046154785087862355,-0.1245219408431951
2019-03-28,-0.1245219408431951,-0.007134060739379331,-0.0712250742361097
2019-03-29,-0.0712250742361097,-0.015047586714748106,-0.1604421415567502
2019-04-01,-0.1604421415567502,-0.016438434806992128,-0.214324068467225
2019-04-02,-0.214324068467225,-0.013153399022225492,0.4993768180486974
2019-04-03,0.4993768180486974,-0.009753114791951841,-0.2315434287649095
2019-04-04,-0.2315434287649095,0.024667225396603997,0.0089154370852132
2019-04-05,0.0089154370852132,-0.008856166843557445,0.4003742169340475
2019-04-08,0.4003742169340475,-0.01694317436886879,0.1419698552563439
2019-04-09,0.1419698552563439,0.01043338089114647,-0.106458491246801
2019-04-10,-0.106458491246801,-0.013315533388483613,-0.035511364009546
2019-04-11,-0.035511364009546,-0.015131014127830798,0.3722418549799545
2019-04-12,0.3722418549799545,-0.016615394518181496,0.0
2019-04-15,0.0,0.008728226558044564,-0.0973580640693145
2019-04-16,-0.0973580640693145,-0.01671644863870808,0.0354139003258539
2019-04-17,0.0354139003258539,-0.0150654562866251,-0.4969395265131523
2019-04-18,-0.4969395265131523,-0.0161939414229536,0.044470139034997
2019-04-19,0.044470139034997,0.029010145550561806,0.1066477171824784
2019-04-22,0.1066477171824784,-0.016132230156191946,-0.4005167563091093
2019-04-23,-0.4005167563091093,-0.014073128202647996,-0.1874582115563642
2019-04-24,-0.1874582115563642,0.013472223192343131,-0.4657002864041924
2019-04-25,-0.4657002864041924,-0.010183041575297714,0.1255943468223835
2019-04-26,0.1255943468223835,0.02346000933038078,0.1075268920806807
2019-04-29,0.1075268920806807,-0.013356457302171129,0.3129613141433758
2019-04-30,0.3129613141433758,-0.014027311655980586,0.4009449840407579
2019-05-01,0.4009449840407579,0.0033075179334477044,-0.5528324378555509
2019-05-02,-0.5528324378555509,0.015076739115269156,0.0178810907941837
2019-05-03,0.0178810907941837,0.03752483786685714,0.0982888878663518
2019-05-06,0.0982888878663518,-0.01666119224651984,-0.1698324430553577
2019-05-07,-0.1698324430553577,-0.014678103218540843,0.2501788295586461
2019-05-08,0.2501788295586461,-0.011516541056346107,0.1961309356543241
2019-05-09,0.1961309356543241,-0.00401356391866471,0.1157149980024118
2019-05-10,0.1157149980024118,-0.008598728330405531,-0.0800961196204795
2019-05-13,-0.0800961196204795,-0.013489907899587688,-0.2228264213564284
2019-05-14,-0.2228264213564284,-0.015184827814667758,0.0089225964814908
2019-05-15,0.0089225964814908,-0.00643576588136835,-0.2680248187199606
2019-05-16,-0.2680248187199606,-0.016102679808156415,-0.1074113959337592
2019-05-17,-0.1074113959337592,-0.0012032983474221035,0.0358166192940568
2019-05-20,0.0358166192940568,-0.013758484581581775,-0.1074883657772784
2019-05-21,-0.1074883657772784,-0.015522171121372547,-0.0179259658094075
2019-05-22,-0.0179259658094075,-0.013389714722833006,0.1433178317687768
2019-05-23,0.1433178317687768,-0.015643239595961863,0.223523719512957
2019-05-24,0.223523719512957,-0.010102770788470234,-0.1787789874585398
2019-05-28,-0.1787789874585398,-0.002422578198382143,-0.3674991811410578
2019-05-29,-0.3674991811410578,-0.007940307504015804,0.0359130907074286
2019-05-30,0.0359130907074286,0.01710280368895184,0.0807573286296358
2019-05-31,0.0807573286296358,-0.015086739300966481,0.5099541357658364
2019-06-03,0.5099541357658364,-0.013476356494239146,0.2673560098904405
2019-06-04,0.2673560098904405,0.05004454434955748,0.0533855337886107
2019-06-05,0.0533855337886107,0.0017140475200569413,0.4614846670761545
2019-06-06,0.4614846670761545,-0.01488514601583615,0.2652755999008273
2019-06-07,0.2652755999008273,0.03499564679181184,-0.1148663700409191
2019-06-10,-0.1148663700409191,0.0005625959803288283,0.0441949890076691
2019-06-11,0.0441949890076691,-0.013183820683458183,-0.0530363311291584
2019-06-12,-0.0530363311291584,-0.015192245178021334,-0.3099404739287042
2019-06-13,-0.3099404739287042,-0.015112700338698298,-0.5157400725655671
2019-06-14,-0.5157400725655671,0.006882239341695611,0.1603420974206205
2019-06-17,0.1603420974206205,0.04423097770616249,-0.347733398408545
2019-06-18,-0.347733398408545,-0.009801919171011126,0.1606426048273794
2019-06-19,0.1606426048273794,0.010131354637435997,0.6222795438269085
2019-06-20,0.6222795438269085,-0.009786396570345569,0.389174381161405
2019-06-21,0.389174381161405,0.06684741515925993,0.5721594764614709
2019-06-24,0.5721594764614709,0.013855096704589993,-0.0614601187088549
2019-06-25,-0.0614601187088549,0.044552773167024315,0.0351246930200631
2019-06-26,0.0351246930200631,-0.016195341067370025,-0.1581583670337464
2019-06-27,-0.1581583670337464,-0.016337175456044867,0.0175855095854469
2019-06-28,0.0175855095854469,-0.012153189707740129,-0.5908045931499848
2019-07-01,-0.5908045931499848,-0.01635079682118072,-0.05307855750943
2019-07-02,-0.05307855750943,0.04802980503643812,-0.2303331989271857
2019-07-03,-0.2303331989271857,-0.016256659053228577,-0.5246555096507783
2019-07-05,-0.5246555096507783,-0.007146190095025941,-0.0713521257528355
2019-07-08,-0.0713521257528355,0.0324716605441836,0.0178428049362701
2019-07-09,0.0178428049362701,-0.015951876404949616,0.4450385627475641
2019-07-10,0.4450385627475641,-0.01651740451521447,0.0088806003344384
2019-07-11,0.0088806003344384,0.02090142653106564,-0.062180770380139
2019-07-12,-0.062180770380139,-0.01660933299264809,0.053300170045706
2019-07-15,0.053300170045706,-0.015938405134416578,-0.4271989409002436
2019-07-16,-0.4271989409002436,-0.015751629328616998,0.178221398091337
2019-07-17,0.178221398091337,0.018294001850654693,-0.0356188783819172
2019-07-18,-0.0356188783819172,-0.009904429477736162,-0.0712758405085708
2019-07-19,-0.0712758405085708,-0.016206798598934126,-0.0534902393069653
2019-07-22,-0.0534902393069653,-0.01539104817104319,-0.5185527936238324
2019-07-23,-0.5185527936238324,-0.01567718936084093,-0.1345472688062953
2019-07-24,-0.1345472688062953,0.03823451273842878,0.1345472688062814
2019-07-25,0.1345472688062814,-0.012980611354480705,-0.3142256928537468
2019-07-26,-0.3142256928537468,-0.012160700095808158,0.1886538761918788
2019-07-29,0.1886538761918788,0.003675028468242936,0.0538358021077906
2019-07-30,0.0538358021077906,-0.008255741749409658,-0.1615944332248321
2019-07-31,-0.1615944332248321,-0.015343521923985023,-0.6128353714967137
2019-08-01,-0.6128353714967137,-0.010651380214952983,0.4509793879556336
2019-08-02,0.4509793879556336,0.06104522619204918,0.7620279826017288
2019-08-05,0.7620279826017288,0.023713757743057475,-0.0089313624852824
2019-08-06,-0.0089313624852824,0.08492467919215137,0.3566337588790214
2019-08-07,0.3566337588790214,-0.0170366669349174,-0.2316672157928599
2019-08-08,-0.2316672157928599,0.004487518521617261,0.1069900244711842
2019-08-09,0.1069900244711842,-0.008607342388761157,-0.0891504026238459
2019-08-12,-0.0891504026238459,-0.014784207282069911,-0.2679290698088145
2019-08-13,-0.2679290698088145,-0.01562766677242591,-0.3404106126948958
2019-08-14,-0.3404106126948958,-0.004612185188650645,-0.3415733658089093
2019-08-15,-0.3415733658089093,0.00307515194791838,-0.135153419681099
2019-08-16,-0.135153419681099,0.003071931696435403,0.0450714389925785
2019-08-19,0.0450714389925785,-0.013772748574797235,-0.0360555258998833
2019-08-20,-0.0360555258998833,-0.01618362435008953,0.0540784150177752
2019-08-21,0.0540784150177752,-0.01637857626418536,-0.081128593263059
2019-08-22,-0.081128593263059,-0.01574334387151745,0.5306483648622962
2019-08-23,0.5306483648622962,-0.01519160608146053,-0.3234504167659152
2019-08-26,-0.3234504167659152,0.040186519065589586,-0.1621183818999828
2019-08-27,-0.1621183818999828,0.0024667568995363097,-0.0901794632310702
2019-08-28,-0.0901794632310702,-0.011882256391251874,-0.2258050907508946
2019-08-29,-0.2258050907508946,-0.015052384150892677,-0.6349803628436024
2019-08-30,-0.6349803628436024,-0.006693054566738184,-0.1912830204773741
2019-09-03,-0.1912830204773741,0.05852201000345339,0.5183479072896455
2019-09-04,0.5183479072896455,-0.01047638653611222,0.1178443684399617
2019-09-05,0.1178443684399617,0.031857380591914924,0.0362318844543573
2019-09-06,0.0362318844543573,-0.014163471575026359,0.1267083163461139
2019-09-09,0.1267083163461139,-0.016411812912903362,-0.1267083163461088
2019-09-10,-0.1267083163461088,-0.013389871939686436,-0.3720006104554177
2019-09-11,-0.3720006104554177,-0.013768406091329318,0.6613840643476743
2019-09-12,0.6613840643476743,0.00905542119586307,0.0
2019-09-13,0.0,0.06223216494112635,-0.6159439763208286
2019-09-16,-0.6159439763208286,-0.01688981534900773,0.5165628415206884
2019-09-17,0.5165628415206884,0.04447386065626171,-0.0180799132656643
2019-09-18,-0.0180799132656643,0.024864294000035075,-0.1357036441121403
2019-09-19,-0.1357036441121403,-0.017166062566025975,-0.380952841666773
2019-09-20,-0.380952841666773,-0.014439430294755843,-0.118208697556488
2019-09-23,-0.118208697556488,0.00533821110580221,0.0727603488216387
2019-09-24,0.0727603488216387,-0.015018704958749804,-0.4556231683691833
2019-09-25,-0.4556231683691833,-0.015940186617951872,-0.1005162966706738
2019-09-26,-0.1005162966706738,0.016573993690608364,0.0365630717053244
2019-09-27,0.0365630717053244,-0.015482276802879289,-0.3387195988041882
2019-09-30,-0.3387195988041882,-0.016567967770374507,0.2472868412229215
2019-10-01,0.2472868412229215,0.0023912031770811338,0.1736508227800427
2019-10-02,0.1736508227800427,-0.005678498170872524,0.3645979793141287
2019-10-03,0.3645979793141287,-0.011074039352093522,-0.1547917449979761
2019-10-04,-0.1547917449979761,0.007594798885204579,0.0910829828886418
2019-10-07,0.0910829828886418,-0.012781011666146867,-0.3191540574382144
2019-10-08,-0.3191540574382144,-0.014935008189982907,0.2645142236409671
2019-10-09,0.2645142236409671,0.0016459128739797328,0.3637028922827025
2019-10-10,0.3637028922827025,-0.003005820858443811,0.1904157985690015
2019-10-11,0.1904157985690015,0.008646671872978719,-0.0271800681175133
2019-10-15,-0.0271800681175133,-0.009491679746814651,0.3527659576159691
2019-10-16,0.3527659576159691,-0.01645320538047179,0.4863998060088774
2019-10-17,0.4863998060088774,0.008138197081306378,0.2333513893207704
2019-10-18,0.2333513893207704,0.028151407193952947,-0.0896861046663503
2019-10-21,-0.0896861046663503,-0.006353559412514704,-0.0628281670355459
2019-10-22,-0.0628281670355459,-0.015330174862892499,-0.1797268636199136
2019-10-23,-0.1797268636199136,-0.01590894835939368,-0.1800504627568208
2019-10-24,-0.1800504627568208,-0.010513661437038047,-0.1532981949520907
2019-10-25,-0.1532981949520907,-0.010294773083783786,0.1172491678854362
2019-10-28,0.1172491678854362,-0.01184119409897649,0.2071046618435147
2019-10-29,0.2071046618435147,-0.013028262671775611,0.053956835841433
2019-10-30,0.053956835841433,-0.006442087456679147,0.287279127460357
2019-10-31,0.287279127460357,-0.015268450852744923,0.125425567419369
2019-11-01,0.125425567419369,0.0029910176627903923,-0.224084708118496
2019-11-04,-0.224084708118496,-0.01212356561702524,-0.6662489756959139
2019-11-05,-0.6662489756959139,-0.005078005655764226,0.054185858816993
2019-11-06,0.054185858816993,0.07595468384399097,-0.2802768436634835
2019-11-07,-0.2802768436634835,-0.015668184379250046,-0.23567813664405
2019-11-08,-0.23567813664405,-0.0010682943841416033,-0.0181521147712285
2019-11-12,-0.0181521147712285,-0.005528984608957355,-0.1180691295599665
2019-11-13,-0.1180691295599665,-0.016192630858059182,0.10899183640256
2019-11-14,0.10899183640256,-0.013409950862283632,0.2719610052642147
2019-11-15,0.2719610052642147,-0.013112441854482876,0.2983053059540085
2019-11-18,0.2983053059540085,0.0012305956460125168,-0.0361108607336625
2019-11-19,-0.0361108607336625,0.004507465556743717,-0.1084108878425402
2019-11-20,-0.1084108878425402,-0.015741573317760105,0.0361500229874403
2019-11-21,0.0361500229874403,-0.013400945633078355,-0.3439539958638382
2019-11-22,-0.3439539958638382,-0.015297631433818107,-0.1815047235743754
2019-11-25,-0.1815047235743754,0.01156486654327938,0.0272467192094777
2019-11-26,0.0272467192094777,-0.008373613584018358,-0.0908512827094488
2019-11-27,-0.0908512827094488,-0.015348212562980149,0.1543981052373594
2019-11-29,0.1543981052373594,-0.01367559454203422,0.5069260425559253
2019-12-02,0.5069260425559253,-0.008814668267003807,0.1263310039879518
2019-12-03,0.1263310039879518,0.049085659522351145,-0.117302066236351
2019-12-04,-0.117302066236351,-0.011585492555648828,0.2524798455733325
2019-12-05,0.2524798455733325,-0.012601656860385618,-0.4693996703278639
2019-12-06,-0.4693996703278639,0.0008192248736142651,0.1356300221478279
2019-12-09,0.1356300221478279,0.035206816102491635,0.2076094079627346
2019-12-10,0.2076094079627346,-0.011193406223161471,0.0180326391255913
2019-12-11,0.0180326391255913,-0.005044328246445617,0.2071419662628192
2019-12-12,0.2071419662628192,-0.015534423517298801,0.1168907204981961
2019-12-13,0.1168907204981961,-0.004479728554124724,0.0988009241910916
2019-12-16,0.0988009241910916,-0.011769150995667615,0.0807645756649186
2019-12-17,0.0807645756649186,-0.012618492182880827,-0.3144515416192368
2019-12-18,-0.3144515416192368,-0.013330996431983055,0.1348860417632395
2019-12-19,0.1348860417632395,0.009758048079417629,-0.4683849312426426
2019-12-20,-0.4683849312426426,-0.010073060628923654,0.1353363313889229
2019-12-23,0.1353363313889229,0.03920105889043551,-0.0631341621872527
2019-12-24,-0.0631341621872527,-0.010590208140674769,0.1622645267237504
2019-12-26,0.1622645267237504,-0.014584261534832712,0.6464378768987287
2019-12-27,0.6464378768987287,-0.007970837447767934,0.3840833626129266
2019-12-30,0.3840833626129266,0.08648861244467493,0.0891106813556248
2019-12-31,0.0891106813556248,0.01689666119016314,-0.5448144588473748
2020-01-02,-0.5448144588473748,-0.014136001857922454,0.0626706677031991
2020-01-03,0.0626706677031991,0.04473216905092903,0.1252236299592561
2020-01-06,0.1252236299592561,-0.015348850357437466,-0.4389704697316649
2020-01-07,-0.4389704697316649,-0.012606670185045236,-0.1887216915998887
2020-01-08,-0.1887216915998887,0.022677304363541657,-0.0989965432062389
2020-01-09,-0.0989965432062389,-0.009435711709900723,0.1169853901696878
2020-01-10,0.1169853901696878,-0.014379510380529707,0.1707328446364482
2020-01-13,0.1707328446364482,-0.012853314609642832,-0.0718519880023268
2020-01-14,-0.0718519880023268,-0.009154961199319807,0.2691791665711575
2020-01-15,0.2691791665711575,-0.014938578666999535,-0.2601948442076238
2020-01-16,-0.2601948442076238,0.001417873919791127,-0.3419729754566206
2020-01-17,-0.3419729754566206,-0.0010755129359324937,0.0270404256007798
2020-01-21,0.0270404256007798,0.009706457128914618,-0.0991839944255572
2020-01-22,-0.0991839944255572,-0.01563646261822132,-0.3977226611274844
2020-01-23,-0.3977226611274844,-0.013715588384095286,-0.1359496289508146
2020-01-24,-0.1359496289508146,0.020039277710559505,-0.0635064661851839
2020-01-27,-0.0635064661851839,-0.011901601403555728,-0.09987743146522
2020-01-28,-0.09987743146522,-0.01492090150655748,-0.0363438128659656
2020-01-29,-0.0363438128659656,-0.013428815288159188,0.2541297428672548
2020-01-30,0.2541297428672548,-0.015235058677810921,0.452202995415727
2020-01-31,0.452202995415727,0.001816879782712805,-0.1806358872671615
2020-02-03,-0.1806358872671615,0.035911311781211215,-0.1719068507492568
2020-02-04,-0.1719068507492568,-0.008386436932421248,-0.3356164427426795
2020-02-05,-0.3356164427426795,-0.008909943436617364,-0.2456221384971637
2020-02-06,-0.2456221384971637,0.010767141505373848,-0.264490099008567
2020-02-07,-0.264490099008567,-0.0018311180234285385,-0.3109853416417857
2020-02-10,-0.3109853416417857,0.00045857039828897536,0.0091604452040466
2020-02-11,0.0091604452040466,0.0065842974483634985,-0.2200826197824037
2020-02-12,-0.2200826197824037,-0.01559643214371792,-0.4139649902268675
2020-02-13,-0.4139649902268675,-0.004262635900885548,-0.0829990364426747
2020-02-14,-0.0829990364426747,0.02452143215568232,-0.2216681428590975
2020-02-18,-0.2216681428590975,-0.014271305967867715,-0.1943635208571014
2020-02-19,-0.1943635208571014,-0.00428202347106957,0.0277893568552507
2020-02-20,0.0277893568552507,-0.006823906397484689,0.5357485565251586
2020-02-21,0.5357485565251586,-0.015191008762558505,0.0184229919460153
2020-02-24,0.0184229919460153,0.05512389635855956,0.1012658314386185
2020-02-25,0.1012658314386185,-0.01567239122233207,0.1746725334941578
2020-02-26,0.1746725334941578,-0.01295274696442345,0.8232757806136399
2020-02-27,0.8232757806136399,-0.007661052726508844,0.2184003052119355
2020-02-28,0.2184003052119355,0.1314668965230728,1.470813791677706
2020-03-02,1.470813791677706,-0.006974468820899444,0.0984824825556734
2020-03-03,0.0984824825556734,0.2902277689840368,-0.4034975212178994
2020-03-04,-0.4034975212178994,-0.016767466226762263,0.6448168500187256
2020-03-05,0.6448168500187256,-0.00037211706155963276,1.0390395862642332
2020-03-06,1.0390395862642332,0.027704894647225108,0.8883474577580979
2020-03-09,0.8883474577580979,0.08672910476987856,-0.6853554636027757
2020-03-10,-0.6853554636027757,0.04877774308002365,-0.5481403521923566
2020-03-11,-0.5481403521923566,0.017836495632398176,-1.7799316115724273
2020-03-12,-1.7799316115724273,0.0041217164287109765,-0.1354585478270433
2020-03-13,-0.1354585478270433,0.1811586775175071,0.657511938713469
2020-03-16,0.657511938713469,-0.01799310982151933,-1.5197036027698771
2020-03-17,-1.5197036027698771,0.005303466377416497,-1.2658396871923463
2020-03-18,-1.2658396871923463,0.09482335737876159,-1.2446751806960734
2020-03-19,-1.2446751806960734,0.04925575311706602,-0.1590197238890973
2020-03-20,-0.1590197238890973,0.04120891031641696,0.7275472816059795
2020-03-23,0.7275472816059795,-0.018279017767121118,0.3154869462812523
2020-03-24,0.3154869462812523,0.00185699113171048,0.3791210791871308
2020-03-25,0.3791210791871308,-0.015072276085954043,1.7383786344587469
2020-03-26,1.7383786344587469,-0.013104169185427648,0.3079154760313405
2020-03-27,0.3079154760313405,0.09481296434521251,-0.3714277042698362
2020-03-30,-0.3714277042698362,-0.015832365871679976,-0.0181537624171009
2020-03-31,-0.0181537624171009,-0.014446251568050399,-0.7471560953546155
2020-04-01,-0.7471560953546155,-0.019202266247556204,-0.6606740860153855
2020-04-02,-0.6606740860153855,0.0015012942190108698,-0.6002141847650189
2020-04-03,-0.6002141847650189,-0.0030198629953019276,0.1018282892894241
2020-04-06,0.1018282892894241,-0.005745364095525912,0.7190959354110544
2020-04-07,0.7190959354110544,-0.01872171436517281,-0.2022989195667916
2020-04-08,-0.2022989195667916,0.0016771085315206561,0.6148218495358081
2020-04-09,0.6148218495358081,-0.017594191623155772,0.1827986981923754
2020-04-10,0.1827986981923754,-0.003288028500047321,-0.4117679789752179
2020-04-13,-0.4117679789752179,-0.017626248958788355,0.5942331331483952
2020-04-14,0.5942331331483952,-0.011964935536093946,-0.5667291219734093
2020-04-15,-0.5667291219734093,-0.003266879961864476,-0.634514060411946
2020-04-16,-0.634514060411946,-0.005136623592117078,0.3958942702424319
2020-04-17,0.3958942702424319,-0.0014426879635297991,-0.0827319990195815
2020-04-20,-0.0827319990195815,-0.011772226517286306,-0.1840943082515874
2020-04-21,-0.1840943082515874,-0.018764737932368564,-0.2305954994970642
2020-04-22,-0.2305954994970642,-0.01747429620590548,-0.1293661241220391
2020-04-23,-0.1293661241220391,-0.016455116123301944,-0.1573127608926658
2020-04-24,-0.1573127608926658,-0.018160635142714016,0.2866788850146924
2020-04-27,0.2866788850146924,-0.017686481430865545,0.0646203576606301
2020-04-28,0.0646203576606301,-0.014151533859282944,0.1567615241029307
2020-04-29,0.1567615241029307,-0.018572263241083197,0.7435661008929719
2020-04-30,0.7435661008929719,-0.017252680027230436,0.5836237612815534
2020-05-01,0.5836237612815534,0.014566791243642,-0.7941983412661452
2020-05-04,-0.7941983412661452,0.0014937224601931027,-0.6159523036542566
2020-05-05,-0.6159523036542566,0.016852735480650444,-0.3510396214545139
2020-05-06,-0.3510396214545139,0.00211592510217159,0.0832523983148061
2020-05-07,0.0832523983148061,-0.012073687392331427,0.3599616236190903
2020-05-08,0.3599616236190903,-0.01836479693784393,-0.3322262191977737
2020-05-11,-0.3322262191977737,-0.010716559095642102,0.4243157367104942
2020-05-12,0.4243157367104942,-0.012186719946741625,-0.2488365875482042
2020-05-13,-0.2488365875482042,-0.00709487093303948,-0.3420070810684148
2020-05-14,-0.3420070810684148,-0.01492354982002309,0.1480385170434203
2020-05-15,0.1480385170434203,-0.011223192564202265,0.8103175093623337
2020-05-18,0.8103175093623337,-0.01705751306902929,0.3021841958857177
2020-05-19,0.3021841958857177,0.026208903853783442,0.3923899728295972
2020-05-20,0.3923899728295972,-0.012387763723456737,-0.246204473977515
2020-05-21,-0.246204473977515,-0.007912442722731275,-0.540121238012684
2020-05-22,-0.540121238012684,-0.01463173181707658,0.6952095325656145
2020-05-26,0.6952095325656145,0.0014505308630997963,-0.0091161857941769
2020-05-27,-0.0091161857941769,0.015327712374963368,0.9075295974289808
2020-05-28,0.9075295974289808,-0.01864317676738649,0.3427131781496156
2020-05-29,0.3427131781496156,0.03806511457838969,0.1439496424909221
2020-06-01,0.1439496424909221,-0.010657981838611759,0.3858410278276457
2020-06-02,0.3858410278276457,-0.017140446290072515,0.7139062981841271
2020-06-03,0.7139062981841271,-0.007930736285618264,0.6735225744458341
2020-06-04,0.6735225744458341,0.017167867816355223,-0.221053186967654
2020-06-05,-0.221053186967654,0.012301385713472088,-0.0354139003258419
2020-06-08,-0.0354139003258419,-0.015556663898185533,0.4858452205071674
2020-06-09,0.4858452205071674,-0.0185770125324786,0.061665861091684
2020-06-10,0.061665861091684,-0.001424412082291372,0.2023490770933832
2020-06-11,0.2023490770933832,-0.018259099680838484,-1.1046906560595584
2020-06-12,-1.1046906560595584,-0.015296568127711279,0.1509568283824978
2020-06-15,0.1509568283824978,0.06727484972701461,-0.0976519230691561
2020-06-16,-0.0976519230691561,-0.017009212601267407,-0.3559039258165802
2020-06-17,-0.3559039258165802,-0.018038892318239224,-0.0267439270593363
2020-06-18,-0.0267439270593363,-0.009756387307817287,-0.2410177466650077
2020-06-19,-0.2410177466650077,-0.018527819506942,0.6325469885960079
2020-06-22,0.6325469885960079,-0.014275451928057667,0.549111290292413
2020-06-23,0.549111290292413,0.012761254353489647,-0.4425961018089155
2020-06-24,-0.4425961018089155,0.004689161183846583,-0.4534751913649836
2020-06-25,-0.4534751913649836,-0.004152023183682805,-0.0534854710557674
2020-06-26,-0.0534854710557674,-0.0033036123695644633,0.1959736953593552
2020-06-29,0.1959736953593552,-0.018323740096223694,0.0
2020-06-30,0.0,-0.015186723102007294,0.1955903895228136
2020-07-01,0.1955903895228136,-0.018403804452267098,-0.1955903895228091
2020-07-02,-0.1955903895228091,-0.01487732975632862,0.6210098027342933
2020-07-06,0.6210098027342933,-0.015125838497586596,-0.0707776725998976
2020-07-07,-0.0707776725998976,0.016380159488114873,0.265158366424242
2020-07-08,0.265158366424242,-0.017937934481785968,-0.2740090988281237
2020-07-09,-0.2740090988281237,-0.011576775037338552,0.176865981726182
2020-07-10,0.176865981726182,-0.011519772902894566,0.4056085271609495
2020-07-13,0.4056085271609495,-0.014990539549831056,0.3689068742405504
2020-07-14,0.3689068742405504,-0.0016800971908157369,0.0
2020-07-15,0.0,-0.004395016906682033,0.2364377825485725
2020-07-16,0.2364377825485725,-0.018104302823475225,0.0437234933291535
2020-07-17,0.0437234933291535,-0.01199698188928033,0.0349650353212618
2020-07-20,0.0349650353212618,-0.017739409202572578,0.4621362368807644
2020-07-21,0.4621362368807644,-0.017750192290717993,0.7971621799780577
2020-07-22,0.7971621799780577,0.006487736219807272,0.3102113646645634
2020-07-23,0.3102113646645634,0.04984542299865741,0.1031903092684028
2020-07-24,0.1031903092684028,-0.00800510569246986,0.9835443835912931
2020-07-27,0.9835443835912931,-0.016818810579718017,-0.1447856148681187
2020-07-28,-0.1447856148681187,0.07713138807291911,0.3148536830698728
2020-07-29,0.3148536830698728,-0.01648097863665929,0.1782607322350979
2020-07-30,0.1782607322350979,-0.008540275891001899,0.2625673807641343
2020-07-31,0.2625673807641343,-0.014912036903302268,-0.6108961812009664
2020-08-03,-0.6108961812009664,-0.011011986151700636,0.1360775852096199
2020-08-04,0.1360775852096199,0.01780197682686943,1.1156302323449632
2020-08-05,1.1156302323449632,-0.016172447496385498,-0.3536250211982887
2020-08-06,-0.3536250211982887,0.09536194674664593,-0.6770506567210602
2020-08-07,-0.6770506567210602,-0.00836184853685462,-0.1699813429849518
2020-08-10,-0.1699813429849518,0.0185970911864735,0.0680272135077516
2020-08-11,0.0680272135077516,-0.016214412074466087,0.2716470261281254
2020-08-12,0.2716470261281254,-0.017913018272372596,0.1863301970453115
2020-08-13,0.1863301970453115,-0.011606707845357798,0.1268445478938962
2020-08-14,0.1268445478938962,-0.014978621615909519,0.3037720671946442
2020-08-17,0.3037720671946442,-0.016610952927745247,0.4958618388069261
2020-08-18,0.4958618388069261,-0.009093757856607905,-0.2518258696723412
2020-08-19,-0.2518258696723412,0.005792894517768309,-0.3030305349179096
2020-08-20,-0.3030305349179096,-0.012372564620750077,-0.736137351405333
2020-08-21,-0.736137351405333,-0.009479117215758422,0.2375096544450428
2020-08-24,0.2375096544450428,0.032895139102952956,0.1270056476550873
2020-08-25,0.1270056476550873,-0.01266033418081658,-0.0423172957099945
2020-08-26,-0.0423172957099945,-0.016464706584736026,0.093074423946293
2020-08-27,0.093074423946293,-0.01797650539533242,0.6491065994456783
2020-08-28,0.6491065994456783,-0.017035442201425617,0.4108848177217048
2020-08-31,0.4108848177217048,0.02596160481931818,-0.0083685509902776
2020-09-01,-0.0083685509902776,-0.0007258732072369568,-0.9163963411757304
2020-09-02,-0.9163963411757304,-0.01807479723780185,-0.0675904047360885
2020-09-03,-0.0675904047360885,0.06266978016799732,-0.101471343054657
2020-09-04,-0.101471343054657,-0.017870955358581127,-0.262611866796168
2020-09-08,-0.262611866796168,-0.01728434833363296,0.1779736899280458
2020-09-09,0.1779736899280458,-0.011558698067102639,0.5909683725227779
2020-09-10,0.5909683725227779,-0.014626185237135825,-0.4133108662973093
2020-09-11,-0.4133108662973093,0.01814596644657805,0.3627930576958018
2020-09-14,0.3627930576958018,-0.0014905304524822087,-0.2360877993710123
2020-09-15,-0.2360877993710123,-0.004424622462165481,-0.0929014888826245
2020-09-16,-0.0929014888826245,-0.012637816352934005,-0.1014456084971034
2020-09-17,-0.1014456084971034,-0.01721430923967448,0.2871623594957103
2020-09-18,0.2871623594957103,-0.016952132855347565,-1.0172165357946674
2020-09-21,-1.0172165357946674,-0.008294899198232748,-0.2901025925357788
2020-09-22,-0.2901025925357788,0.08755013278458594,-0.2224124099051298
2020-09-23,-0.2224124099051298,-0.010444356365897687,-0.0942466762131855
2020-09-24,-0.0942466762131855,-0.01354165655070329,-0.4123008761105237
2020-09-25,-0.4123008761105237,-0.0172992210596644,0.3608561352005595
2020-09-28,0.3608561352005595,-0.0010341929232838528,0.4876597763672226
2020-09-29,0.4876597763672226,-0.004129414147188622,0.0511945403672609
2020-09-30,0.0511945403672609,0.007082143612627562,0.2470714781884975
2020-10-01,0.2470714781884975,-0.017696331918983153,-0.3921908002547022
2020-10-02,-0.3921908002547022,-0.011115392303819154,0.6641148291299858
2020-10-05,0.6641148291299858,-0.001715343078011816,-0.0509294637950113
2020-10-06,-0.0509294637950113,0.029454833216583126,-0.101936808011468
2020-10-07,-0.101936808011468,-0.017817775229267325,-0.1105489291547166
2020-10-08,-0.1105489291547166,-0.016965266890330136,0.5599878879386473
2020-10-09,0.5599878879386473,-0.016672712531019332,-0.6962160912116668
2020-10-13,-0.6962160912116668,0.01789191878430474,0.1532436874045912
2020-10-14,0.1532436874045912,0.03266921371416041,-0.4604373755211992
2020-10-15,-0.4604373755211992,-0.015388902029306154,0.1366470449197596
2020-10-16,0.1366470449197596,0.0038434867505126764,0.6041286189429845
2020-10-19,0.6041286189429845,-0.015818053659453785,0.3049299330397491
2020-10-20,0.3049299330397491,0.021566702969987694,0.3882844415730803
2020-10-21,0.3882844415730803,-0.007892859479613825,-0.3882844415730822
2020-10-22,-0.3882844415730822,-0.0015560654605559535,0.1690046033498884
2020-10-23,0.1690046033498884,-0.002437846210887697,-0.2366865010266056
2020-10-26,-0.2366865010266056,-0.014662302444851104,0.1522199025423702
2020-10-27,0.1522199025423702,-0.011992109610237176,-0.7038400902698401
2020-10-28,-0.7038400902698401,-0.01501392120273406,-0.794570372844601
2020-10-29,-0.794570372844601,0.03651398765304597,-0.094400350284313
2020-10-30,-0.094400350284313,0.04591563212628647,-0.1116790631945135
2020-11-02,-0.1116790631945135,-0.017325524745277928,0.7706177360076385
2020-11-03,0.7706177360076385,-0.016889779783647096,0.0511639816738041
2020-11-04,0.0511639816738041,0.04265443149528508,0.6712289953760416
2020-11-05,0.6712289953760416,-0.017820143900507433,0.6499284325324302
2020-11-06,0.6499284325324302,0.02652800246191387,-0.632993631475875
2020-11-09,-0.632993631475875,0.021709654744206348,-0.0084670420439162
2020-11-10,-0.0084670420439162,0.01687101137218772,0.0338638675772562
2020-11-12,0.0338638675772562,-0.018292362018249263,0.0846095320802404
2020-11-13,0.0846095320802404,-0.018089287971169928,0.1690046033498884
2020-11-16,0.1690046033498884,-0.017390741815214966,0.1518603177190059
2020-11-17,0.1518603177190059,-0.015085262220031186,0.0589945657833427
2020-11-18,0.0589945657833427,-0.015521136215781385,-0.2192983335010326
2020-11-19,-0.2192983335010326,-0.01756327344217568,0.1181434736575609
2020-11-20,0.1181434736575609,-0.01297188383129347,-0.2617913077295242
2020-11-23,-0.2617913077295242,-0.016167577617066643,0.4050638449845523
2020-11-24,0.4050638449845523,-0.010275327967055933,0.2859307305046399
2020-11-25,0.2859307305046399,0.0018259676049995348,0.3353457200333438
2020-11-30,0.3353457200333438,-0.007845392146115245,0.7587479599025795
2020-12-01,0.7587479599025795,-0.003996197294510863,0.4475392850249095
2020-12-02,0.4475392850249095,0.048343681065886226,0.4866992490333324
2020-12-03,0.4866992490333324,0.004128538174623249,-0.0823248585229562
2020-12-04,-0.0823248585229562,0.007781048069004016,-0.0329489294578824
2020-12-07,-0.0329489294578824,-0.017354194154659115,-0.2226896874749866
2020-12-08,-0.2226896874749866,-0.017834071628169773,-0.2562938032244675
2020-12-09,-0.2562938032244675,-0.01246468070894698,0.3140758016128376
2020-12-10,0.3140758016128376,-0.010451679997603651,-0.0495253827704275
2020-12-11,-0.0495253827704275,-0.0055871857730148055,0.2720865759042849
2020-12-14,0.2720865759042849,-0.01749551580296282,0.1069826872395042
2020-12-15,0.1069826872395042,-0.008016104636123001,0.1397279642122713
2020-12-16,0.1397279642122713,-0.015991817943978172,0.6794116094886489
2020-12-17,0.6794116094886489,-0.014753855105720361,-0.1796358774882985
2020-12-18,-0.1796358774882985,0.04266964784108588,-0.049047658957601
2020-12-21,-0.049047658957601,-0.013904645970656911,-0.4753717664356311
2020-12-22,-0.4753717664356311,-0.01736797664180099,0.1805795450899679
2020-12-23,0.1805795450899679,0.01098749111600413,0.1556930703327234
2020-12-28,0.1556930703327234,-0.013078271970297588,0.3188230781577288
2020-12-29,0.3188230781577288,-0.014047456804913231,0.2282733748467467
2020-12-30,0.2282733748467467,-0.0031791352199797398,-0.4079973019915308
2020-12-31,-0.4079973019915308,-0.00991894358743326,0.1960464604381777
2021-01-04,0.1960464604381777,0.004923847547141671,0.3340261364693106
2021-01-05,0.3340261364693106,-0.011756442508135529,-0.0406752090212348
2021-01-06,-0.0406752090212348,-0.0011126395017554396,-0.2036245867490967
2021-01-07,-0.2036245867490967,-0.0171761354138141,-0.1060488739923687
2021-01-08,-0.1060488739923687,-0.01149272579748494,-0.6797454615865761
2021-01-11,-0.6797454615865761,-0.01568041383714594,-0.0082179397671309
2021-01-12,-0.0082179397671309,0.049354987485906644,-0.0739918642710686
2021-01-13,-0.0739918642710686,-0.01737460039988814,-0.0246761259734576
2021-01-14,-0.0246761259734576,-0.016605211074807457,-0.4700070495205921
2021-01-15,-0.4700070495205921,-0.01714753838658615,0.222910309019812
2021-01-19,0.222910309019812,0.015643837648383677,0.1400964422142955
2021-01-21,0.1400964422142955,-0.009293347221206519,0.2960285033291667
2021-01-22,0.2960285033291667,-0.013854277474992472,-0.3372129691310069
2021-01-25,-0.3372129691310069,-0.002752321793010703,0.0741198304470279
2021-01-26,0.0741198304470279,0.00025365030221169,-0.3794131902218269
2021-01-27,-0.3794131902218269,-0.01603235504813871,0.1733889713177877
2021-01-28,0.1733889713177877,0.005611919267168541,0.1071855649471475
2021-01-29,0.1071855649471475,-0.011771504303845316,-0.5370804069124481
2021-02-01,-0.5370804069124481,-0.014795164429562383,-0.4151106002378685
2021-02-02,-0.4151106002378685,0.02961437000562114,0.0415886884763356
2021-02-03,0.0415886884763356,0.009513809429783157,-0.4250183488664496
2021-02-04,-0.4250183488664496,-0.016708280110413476,0.5081438731874934
2021-02-05,0.5081438731874934,0.011208434996935373,0.0830564831799271
2021-02-08,0.0830564831799271,0.02384954031462466,0.5051561402660709
2021-02-09,0.5051561402660709,-0.015953713068281458,0.2145392356839305
2021-02-10,0.2145392356839305,0.022744687630368358,-0.0412218151680048
2021-02-11,-0.0412218151680048,-0.00988931082191074,-0.008246402511583
2021-02-12,-0.008246402511583,-0.01695527001771712,-0.1568109923935535
2021-02-16,-0.1568109923935535,-0.01705570904830719,-0.538325868334726
2021-02-17,-0.538325868334726,-0.013196552142821229,0.2985076843453277
2021-02-18,0.2985076843453277,0.02914865761820051,0.4790626160521783
2021-02-19,0.4790626160521783,-0.002411397505628361,0.1564365721855478
2021-02-22,0.1564365721855478,0.019492281243812883,-0.1070091059844404
2021-02-23,-0.1070091059844404,-0.013079998796093712,0.0082355363439571
2021-02-24,0.0082355363439571,-0.015444428422432996,0.7057308135551144
2021-02-25,0.7057308135551144,-0.016953597846533115,-1.1183407404094463
2021-02-26,-1.1183407404094463,0.06241880245371979,-0.3230217742286056
2021-03-01,-0.3230217742286056,0.1406064868068506,0.2071852562288937
2021-03-02,0.2071852562288937,-0.006597086463513142,-0.0496853272890895
2021-03-03,-0.0496853272890895,-0.012667391740606162,-0.2321918283415724
2021-03-04,-0.2321918283415724,-0.017570336059052043,-1.093545686033895
2021-03-05,-1.093545686033895,-0.011510875012823942,-0.5470703371892754
2021-03-08,-0.5470703371892754,0.11169823352032254,0.3033624977554261
2021-03-09,0.3033624977554261,0.010333261278013402,0.126129930532652
2021-03-10,0.126129930532652,-0.008879669111218829,0.6533233724787024
2021-03-11,0.6533233724787024,-0.01638461897966009,-0.2173005451809156
2021-03-12,-0.2173005451809156,0.024761522012814827,-0.2932676281792409
2021-03-15,-0.2932676281792409,-0.01378021716844654,-0.1847808353748111
2021-03-16,-0.1847808353748111,-0.009843303990187695,0.0840336183905054
2021-03-17,0.0840336183905054,-0.014782041529152641,0.176241076208819
2021-03-18,0.176241076208819,-0.017155128993994254,-0.1426473915055451
2021-03-19,-0.1426473915055451,-0.014330841009075723,0.1929449866643406
2021-03-22,0.1929449866643406,-0.015783097100007682,-0.504118022747742
2021-03-23,-0.504118022747742,-0.01325731662224889,-0.3459481153498932
2021-03-24,-0.3459481153498932,0.01101088281128291,-0.4574728412114326
2021-03-25,-0.4574728412114326,-0.004490227007843301,0.1781548721472176
2021-03-26,0.1781548721472176,0.005668519803795081,-0.161174060423613
2021-03-29,-0.161174060423613,-0.013896703673828885,-0.4680262128001357
2021-03-30,-0.4680262128001357,-0.014881293295602768,0.161929553429785
2021-03-31,0.161929553429785,0.007975091489414924,0.24665119882824
2021-04-01,0.24665119882824,-0.014332520593821351,-0.0764818392922151
2021-04-02,-0.0764818392922151,-0.009778368732591585,0.3987618230966787
2021-04-05,0.3987618230966787,-0.016993967353175446,0.3549999502047867
2021-04-06,0.3549999502047867,0.0035501474333534937,0.3201080991371653
2021-04-07,0.3201080991371653,-0.0008297808643645776,0.117676738804539
2021-04-08,0.117676738804539,-0.003843173574709282,-0.0588210596346994
2021-04-09,-0.0588210596346994,-0.015540231915562842,0.0840194974649082
2021-04-12,0.0840194974649082,-0.017092776176467473,0.2683889894213139
2021-04-13,0.2683889894213139,-0.016258533314822413,0.2927280139909147
2021-04-14,0.2927280139909147,-0.006493098887583078,-0.0835491735458845
2021-04-15,-0.0835491735458845,-0.004315008030667774,0.1336451919601677
2021-04-16,0.1336451919601677,-0.016358519089242206,0.3998672438979372
2021-04-19,0.3998672438979372,-0.014194050280283511,0.1412370940551861
2021-04-20,0.1412370940551861,0.008248155489672561,-0.0996760610809093
2021-04-21,-0.0996760610809093,-0.013790937539594796,-0.1746725334941648
2021-04-22,-0.1746725334941648,-0.015656821437454733,0.4734031514676934
2021-04-23,0.4734031514676934,-0.01229633793460564,0.1159324409410168
2021-04-26,0.1159324409410168,0.02043961031166252,-0.0331098422029779
2021-04-27,-0.0331098422029779,-0.014624804113780022,0.1571742061581146
2021-04-28,0.1571742061581146,-0.016812478362481037,0.0991407880278441
2021-04-29,0.0991407880278441,-0.012275572728633506,-0.662802757841334
2021-04-30,-0.662802757841334,-0.014819905446327617,0.2407739134867831
2021-05-03,0.2407739134867831,0.0563532337973772,-0.3738632693485741
2021-05-04,-0.3738632693485741,-0.007206571440162586,-0.0916017884762118
2021-05-05,-0.0916017884762118,0.004926307262277207,0.3825050397931769
2021-05-06,0.3825050397931769,-0.015792311731263966,0.9581307294346368
2021-05-07,0.9581307294346368,0.007917790843703379,0.0410930763950115
2021-05-10,0.0410930763950115,0.11759070593636739,-0.0082172644772832
2021-05-11,-0.0082172644772832,-0.017268315115965847,-0.7837353980428587
2021-05-12,-0.7837353980428587,-0.017475890374240383,-0.0331345264794241
2021-05-13,-0.0331345264794241,0.06134954957662935,0.5865119452398058
2021-05-14,0.5865119452398058,-0.017582528105351627,0.1152453206248569
2021-05-17,0.1152453206248569,0.025773836089802386,0.394121538161561
2021-05-18,0.394121538161561,-0.015917198728166427,0.1064744766628902
2021-05-19,0.1064744766628902,0.0022117418209377433,0.0736467444604431
2021-05-20,0.0736467444604431,-0.016065387530278256,-0.3851990174553313
2021-05-21,-0.3851990174553313,-0.01675940948343674,0.2624242936231138
2021-05-24,0.2624242936231138,0.001508248048765164,0.1881929942166028
2021-05-25,0.1881929942166028,-0.007948335399076047,-0.2373451210356227
2021-05-26,-0.2373451210356227,-0.012368628403209193,-0.0819739368798795
2021-05-27,-0.0819739368798795,-0.009975575149329374,0.0
2021-05-28,0.0,-0.016537111854208187,0.384694560775091
2021-06-01,0.384694560775091,-0.01727552629340988,-0.2290014904423876
2021-06-02,-0.2290014904423876,0.005531196589016664,-0.7478974659858281
2021-06-03,-0.7478974659858281,-0.009761913800677577,0.4198400898366183
2021-06-04,0.4198400898366183,0.06105572662400005,0.2215567311751543
2021-06-07,0.2215567311751543,0.006600863679690929,-0.1640689457459888
2021-06-08,-0.1640689457459888,-0.010609313814610938,0.0328353311109743
2021-06-09,0.0328353311109743,-0.014029502605027472,-0.0903231165401349
2021-06-10,-0.0903231165401349,-0.017178058542203868,-0.5932290611543934
2021-06-11,-0.5932290611543934,-0.016259861447539607,0.2063813833623428
2021-06-14,0.2063813833623428,0.032302037743650105,-0.049492700837054
2021-06-15,-0.049492700837054,-0.01105579158423923,-0.0082511654818086
2021-06-16,-0.0082511654818086,-0.01705161406683108,-1.7312126087586466
2021-06-17,-1.7312126087586466,-0.017239564393302136,-0.3279656473739198
2021-06-18,-0.3279656473739198,0.3094766591298219,0.3111730360834143
2021-06-21,0.3111730360834143,-0.009793864906783915,0.0083966581349901
2021-06-22,0.0083966581349901,-0.009876914016278307,0.3352895010310968
2021-06-23,0.3352895010310968,-0.018318891195654545,-0.1926540780987634
2021-06-24,-0.1926540780987634,-0.007901075195386749,0.1089370367923986
2021-06-25,0.1089370367923986,-0.01506686458190061,-0.0167518217997915
2021-06-28,-0.0167518217997915,-0.016965622558321482,-0.2768109807632099
2021-06-29,-0.2768109807632099,-0.018137628864870036,-0.4799402973328279
2021-06-30,-0.4799402973328279,-0.01070635994347614,0.0759333510435741
2021-07-01,0.0759333510435741,0.004673943841294106,-0.0759333510435697
2021-07-02,-0.0759333510435697,-0.017381638895775237,-0.2704531736419041
2021-07-06,-0.2704531736419041,-0.01748046267500872,-0.110080878214675
2021-07-07,-0.110080878214675,-0.01030276115498389,0.3129893008927786
2021-07-08,0.3129893008927786,-0.01667875850637185,0.1772077591279044
2021-07-09,0.1772077591279044,-0.00619254773437139,-0.0252961761962787
2021-07-12,-0.0252961761962787,-0.013892444341086116,-0.3802125318793037
2021-07-13,-0.3802125318793037,-0.01770175863288878,0.1099877432255257
2021-07-14,0.1099877432255257,-0.00045693820609205986,-0.1692620580140528
2021-07-15,-0.1692620580140528,-0.015996935977090645,0.0338753390773324
2021-07-16,0.0338753390773324,-0.014161042697641145,-0.0508173128578085
2021-07-19,-0.0508173128578085,-0.017325883990998277,-0.2374895094172444
2021-07-20,-0.2374895094172444,-0.017174457677365657,0.1951220131261749
2021-07-21,0.1951220131261749,-0.009791667513683034,-0.2375902687438483
2021-07-22,-0.2375902687438483,-0.011501298656731695,-0.0849906561444211
2021-07-23,-0.0849906561444211,-0.009351716517017713,0.4157657340371451
2021-07-26,0.4157657340371451,-0.016265498550022725,0.1776575062254799
2021-07-27,0.1776575062254799,0.00987660468791881,-0.1861252652381161
2021-07-28,-0.1861252652381161,-0.012053895797329005,0.6499284325324302
2021-07-29,0.6499284325324302,-0.012039871158259175,-0.1852632108838095
2021-07-30,-0.1852632108838095,0.0476371777207503,0.0758309848024297
2021-08-02,0.0758309848024297,-0.01261773326723883,-0.117984170099705
2021-08-03,-0.117984170099705,-0.016239995236008185,-0.1518987633838387
2021-08-04,-0.1518987633838387,-0.015206588058240685,-0.02533890802864
2021-08-05,-0.02533890802864,-0.01367421950185757,-0.6525723399633843
2021-08-06,-0.6525723399633843,-0.01692780779314393,-0.1020842283463886
2021-08-09,-0.1020842283463886,0.04941035999614931,-0.2300712531198174
2021-08-10,-0.2300712531198174,-0.01574734999557086,0.1278827063749522
2021-08-11,0.1278827063749522,-0.00917358822384826,-0.0085204277306274
2021-08-12,-0.0085204277306274,-0.014157589701518432,0.5099450112349261
2021-08-13,0.5099450112349261,-0.016951345275928228,-0.1696928966509434
2021-08-16,-0.1696928966509434,0.026854007915442353,-0.5278854318929924
2021-08-17,-0.5278854318929924,-0.012654496447953321,-0.1024940301546234
2021-08-18,-0.1024940301546234,0.02661772727777657,-0.0769395207862909
2021-08-19,-0.0769395207862909,-0.015608586543724165,-0.0256596674204384
2021-08-20,-0.0256596674204384,-0.01617362097832148,0.3586375631227653
2021-08-23,0.3586375631227653,-0.0168398095429176,0.1192605985123106
2021-08-24,0.1192605985123106,0.0058354458267889445,0.1021102879735391
2021-08-25,0.1021102879735391,-0.014152811508647398,0.0255112888836294
2021-08-26,0.0255112888836294,-0.014695087397551064,0.2801954709413015
2021-08-27,0.2801954709413015,-0.016484079968267607,0.0084785281325856
2021-08-30,0.0084785281325856,-0.001361128182648861,0.0423818611980627
2021-08-31,0.0423818611980627,-0.016508860389906937,0.4228336109521105
2021-09-01,0.4228336109521105,-0.015983537043819048,0.0674877704035782
2021-09-02,0.0674877704035782,0.01943207167000967,0.21902123151852
2021-09-03,0.21902123151852,-0.015419056369600326,-0.2949481765758122
2021-09-07,-0.2949481765758122,-0.00633934029968445,-0.2619682911120196
2021-09-08,-0.2619682911120196,0.00035910496346385835,0.0761260345497124
2021-09-09,0.0761260345497124,-0.0031914604383973576,-0.050744250074003
2021-09-10,-0.050744250074003,-0.014924030717099414,-0.1015658149095272
2021-09-13,-0.1015658149095272,-0.015757896187841645,0.1269411586701211
2021-09-14,0.1269411586701211,-0.014081378164623985,-0.1100063576135625
2021-09-15,-0.1100063576135625,-0.012048141828069955,-0.3987279937961695
2021-09-16,-0.3987279937961695,-0.01339018825885016,-0.2553410188080388
2021-09-17,-0.2553410188080388,0.01917775352234136,-0.0426202964300136
2021-09-20,-0.0426202964300136,-0.0020531727095359814,-0.0426384690722011
2021-09-21,-0.0426384690722011,-0.015585082159652376,0.127860904773897
2021-09-22,0.127860904773897,-0.015450260309940367,-0.0340802593398233
2021-09-23,-0.0340802593398233,-0.011356010024991472,-0.1705757343227847
2021-09-24,-0.1705757343227847,-0.015346248379423182,-0.1110304593714651
2021-09-27,-0.1110304593714651,-0.008559549215955552,-0.1796177192485314
2021-09-28,-0.1796177192485314,-0.012480028071264013,-0.5924544011175594
2021-09-29,-0.5924544011175594,-0.007281251299595904,-0.3018674938792064
2021-09-30,-0.3018674938792064,0.06968813321711138,0.1812298230657466
2021-10-01,0.1812298230657466,0.004341437131636644,0.2067184198664903
2021-10-04,0.2067184198664903,-0.0077486650309316315,-0.1119194297015
2021-10-05,-0.1119194297015,-0.005207619688791838,-0.5441602717156832
2021-10-06,-0.5441602717156832,-0.013016221955632812,0.1298308054442579
2021-10-07,0.1298308054442579,0.050627210334795975,0.0951022420704153
2021-10-08,0.0951022420704153,-0.011944710462601664,-0.2682474675621021
2021-10-12,-0.2682474675621021,-0.013600920958115863,0.233675297814127
2021-10-13,0.233675297814127,-3.164602473174754e-05,0.1986269490199075
2021-10-14,0.1986269490199075,-0.002637851078339574,0.0258788010933185
2021-10-15,0.0258788010933185,-0.006100412832887539,0.1292936438357758
2021-10-18,0.1292936438357758,-0.015480575397381742,0.1979261435264846
2021-10-19,0.1979261435264846,-0.011158960752039806,0.0945220263715199
2021-10-20,0.0945220263715199,-0.005253181401301396,0.0
2021-10-21,0.0,-0.012918525398590975,-0.0945220263715249
2021-10-22,-0.0945220263715249,-0.015322976106443623,-0.1979261435264818
2021-10-25,-0.1979261435264818,-0.0130981105794823,-0.1638002004238358
2021-10-26,-0.1638002004238358,-0.005075098114021282,0.0862440760658482
2021-10-27,0.0862440760658482,-0.00817120350639881,0.7300869878502427
2021-10-28,0.7300869878502427,-0.012569387394207402,-1.1447385840350948
2021-10-29,-1.1447385840350948,0.12081846105174843,0.3370352756137542
2021-11-01,0.3370352756137542,0.21520310302722442,-0.0863110704367497
2021-11-02,-0.0863110704367497,-0.00021451501823274198,0.02590114411202
2021-11-03,0.02590114411202,-0.01631599750145562,-0.3285779004618712
2021-11-04,-0.3285779004618712,-0.017034619845917937,0.0692640720331937
2021-11-05,0.0692640720331937,-0.0009116778505027446,0.3110959992586518
2021-11-08,0.3110959992586518,-0.016200803102071882,-0.0086284999406359
2021-11-09,-0.0086284999406359,-0.0008633650832995535,-0.6232167665483735
2021-11-10,-0.6232167665483735,-0.016993747215306988,-0.6446015351192524
2021-11-12,-0.6446015351192524,0.04378281342768973,-0.1924423267107863
2021-11-15,-0.1924423267107863,0.04246051887780782,-0.7734942317658533
2021-11-16,-0.7734942317658533,-0.01242135857461342,-0.0971088136343153
2021-11-17,-0.0971088136343153,0.062157247239642686,0.3174605840772418
2021-11-18,0.3174605840772418,-0.016523031935179098,-0.3527962734908693
2021-11-19,-0.3527962734908693,-0.003772271118156003,-0.5137756008787775
2021-11-22,-0.5137756008787775,-0.0015731819237712807,0.0443951172663536
2021-11-23,0.0443951172663536,0.01614582461401826,-0.6144002231000811
2021-11-24,-0.6144002231000811,-0.017244214326689506,0.9423129554444688
2021-11-26,0.9423129554444688,0.030220112510323485,-0.3634272492763097
2021-11-29,-0.3634272492763097,0.08538415189794396,0.2306192258600594
2021-11-30,0.2306192258600594,-0.004431859016045368,0.3184434358413148
2021-12-01,0.3184434358413148,-0.011945803048609543,-0.1502497078803459
2021-12-02,-0.1502497078803459,-0.006390561395466165,0.017688157824488
2021-12-03,0.017688157824488,-0.01555285769542777,-0.2301904513559495
2021-12-06,-0.2301904513559495,-0.017766460434742556,-0.3107108895899692
2021-12-07,-0.3107108895899692,-0.011747827587083622,0.7352648618030313
2021-12-08,0.7352648618030313,-0.006409334309780727,-0.3979664770415939
2021-12-09,-0.3979664770415939,0.046388057923813585,0.2389698884717854
2021-12-10,0.2389698884717854,-0.0007144906915035396,-0.1238390251146693
2021-12-13,-0.1238390251146693,-0.011107251167534958,-0.2747619721041384
2021-12-14,-0.2747619721041384,-0.01620798745799135,-0.0532670467140306
2021-12-15,-0.0532670467140306,-0.009150338649406465,0.4253440174301374
2021-12-16,0.4253440174301374,-0.017444053273825415,-0.2833615639039395
2021-12-17,-0.2833615639039395,0.0053377516766426065,0.1860465652919671
2021-12-20,0.1860465652919671,-0.008113080381133207,-0.2303944306691184
2021-12-21,-0.2303944306691184,-0.0129716522369777,0.4602592653274167
2021-12-22,0.4602592653274167,-0.011029617216534218,-0.0353294474616397
2021-12-23,-0.0353294474616397,0.010654565287492087,0.0794737116314749
2021-12-27,0.0794737116314749,-0.017457736397051494,-0.1324912970387612
2021-12-28,-0.1324912970387612,-0.016508662528709923,0.2030816114497586
2021-12-29,0.2030816114497586,-0.01517241042707193,-0.1677334315129539
2021-12-30,-0.1677334315129539,-0.011090624721171758,-0.2477000558761414
2022-01-03,-0.2477000558761414,-0.013432070135833701,0.053130258931545
2022-01-04,0.053130258931545,-0.008434215387707271,0.3446603208606029
2022-01-05,0.3446603208606029,-0.016632314534301584,-0.2473281006384129
2022-01-06,-0.2473281006384129,0.0020823408371311793,0.4500338502132706
2022-01-07,0.4500338502132706,-0.007931426521399184,-0.2644804503876701
2022-01-10,-0.2644804503876701,0.015313630452043396,0.3084925984508135
2022-01-11,0.3084925984508135,-0.006790747098390262,0.5966500107769311
2022-01-12,0.5966500107769311,-0.0017061940513486017,0.2882727482229346
2022-01-13,0.2882727482229346,0.03743799239245173,-0.4371018411354476
2022-01-14,-0.4371018411354476,-0.0047008071126520634,-0.6857169726137023
2022-01-18,-0.6857169726137023,0.009671382259867368,0.0881756515996172
2022-01-19,0.0881756515996172,0.0459579531369221,-0.0881756515996239
2022-01-20,-0.0881756515996239,-0.0163548154617099,0.0881756515996172
2022-01-21,0.0881756515996172,-0.016518784292166022,-0.3177968776346414
2022-01-24,-0.3177968776346414,-0.01611802851599451,-0.2390121971720044
2022-01-25,-0.2390121971720044,-0.0032028980938927343,-0.0354578498529445
2022-01-26,-0.0354578498529445,-0.009303295887445903,-1.2310592580600097
2022-01-27,-1.2310592580600097,-0.017092851578881407,0.1703959875985349
2022-01-28,0.1703959875985349,0.17460753354523423,0.46486763493768
2022-01-31,0.46486763493768,-0.014532643821057721,0.2405239233588058
2022-02-01,0.2405239233588058,0.006585688953294315,0.5324353690979139
2022-02-02,0.5324353690979139,-0.01117174552800384,1.1089710553159429
2022-02-03,1.1089710553159429,0.014179677297149404,0.2622379125190452
2022-02-04,0.2622379125190452,0.10394066838007766,-0.1834943063679287
2022-02-07,-0.1834943063679287,-0.011835494251814044,-0.1575492667244289
2022-02-08,-0.1575492667244289,-0.015329959604909297,0.1662947300209149
2022-02-09,0.1662947300209149,-0.016000153532269655,0.4537133688522766
2022-02-10,0.4537133688522766,-0.015231731720199908,-0.7251790112841555
2022-02-11,-0.7251790112841555,0.002881835793480658,-0.8630612797326515
2022-02-14,-0.8630612797326515,0.031540827306223894,0.5028904682772978
2022-02-15,0.5028904682772978,0.0469498138603768,0.1582835363880551
2022-02-16,0.1582835363880551,0.0034780181348195915,-0.1494834307811084
2022-02-17,-0.1494834307811084,-0.016059361855170196,-0.3261207773365054
2022-02-18,-0.3261207773365054,-0.016487817037157713,0.1323393373259829
2022-02-22,0.1323393373259829,-0.008969531244602756,-0.2294996152515653
2022-02-23,-0.2294996152515653,-0.016458471590947855,-1.4419475471958807
2022-02-24,-1.4419475471958807,-0.013387904553025212,0.9547250747526744
2022-02-25,0.9547250747526744,0.15268036390264778,-0.3291085914728706
2022-02-28,-0.3291085914728706,0.04444261097524905,-1.0839000728031192
2022-03-01,-1.0839000728031192,-0.011773230404031089,-0.0090069804159112
2022-03-02,-0.0090069804159112,0.05493175015356033,-0.4423387939151328
2022-03-03,-0.4423387939151328,-0.018785937588631896,-1.2838783227712034
2022-03-04,-1.2838783227712034,-0.006794242618102858,-0.477678659531679
2022-03-07,-0.477678659531679,0.07665342544457247,0.1931834463085603
2022-03-08,0.1931834463085603,-0.006744901457483224,1.7130259434611927
2022-03-09,1.7130259434611927,-0.016666705534470114,-0.5616974362232189
2022-03-10,-0.5616974362232189,0.1281612788872541,-0.6379897688166027
2022-03-11,-0.6379897688166027,-0.005418364013786561,0.3832820899506859
2022-03-14,0.3832820899506859,-0.0012869666335160242,-0.0455518615811856
2022-03-15,-0.0455518615811856,-0.01223695235954342,0.2002731666215583
2022-03-16,0.2002731666215583,-0.01896800932313064,1.0314033348539402
2022-03-17,1.0314033348539402,-0.01696327805797793,-0.5958309583630523
2022-03-18,-0.5958309583630523,0.03208043103472759,0.0362122039082997
2022-03-21,0.0362122039082997,-0.0029765014560335767,-0.2356140645947307
2022-03-22,-0.2356140645947307,-0.018947293489264466,-0.1907097703744928
2022-03-23,-0.1907097703744928,-0.01641859132529812,0.0454400880268344
2022-03-24,0.0454400880268344,-0.017242701770568608,-0.1909872800993483
2022-03-25,-0.1909872800993483,-0.01880194888461035,-0.0728531131394211
2022-03-28,-0.0728531131394211,-0.017042617757760614,1.1503229059269375
2022-03-29,1.1503229059269375,-0.018618535450301486,0.5299334268146438
2022-03-30,0.5299334268146438,0.05368594403189492,-0.6290459276072691
2022-03-31,-0.6290459276072691,-0.004105562894488136,-0.4517535691528713
2022-04-01,-0.4517535691528713,0.0012036611755746518,-0.4629007585000282
2022-04-04,-0.4629007585000282,-0.008547434534757562,-0.6480194264402072
2022-04-05,-0.6480194264402072,-0.007826030149534764,-0.0732802084638742
2022-04-06,-0.0732802084638742,0.003092594670408798,-0.1191949895854577
2022-04-07,-0.1191949895854577,-0.01866109533490194,-0.2388170511369267
2022-04-08,-0.2388170511369267,-0.018149192495524255,0.0091958251018965
2022-04-11,0.0091958251018965,-0.015679246204364044,-0.211718217806241
2022-04-12,-0.211718217806241,-0.01878996500904988,0.202522392704368
2022-04-13,0.202522392704368,-0.01612131383015814,-0.7198923567970761
2022-04-14,-0.7198923567970761,-0.015936627966075843,0.1480933258442884
2022-04-15,0.1480933258442884,0.014162444417944986,-0.2500348573081388
2022-04-18,-0.2500348573081388,-0.017193336516011404,0.0370816728083236
2022-04-19,0.0370816728083236,-0.014703404730377486,0.6282936680512249
2022-04-20,0.6282936680512249,-0.018522729969564902,-0.1659292416102217
2022-04-21,-0.1659292416102217,0.009378532599857652,-0.4530961563569651
2022-04-22,-0.4530961563569651,-0.016828618552868144,-0.8095703267804687
2022-04-25,-0.8095703267804687,-0.004254970247457795,-0.3931853033900517
2022-04-26,-0.3931853033900517,0.026657824259531025,-1.0561154268666455
2022-04-27,-1.0561154268666455,-0.008320392533370006,-0.4655811536193929
2022-04-28,-0.4655811536193929,0.053804963449103065,0.3517615453912824
2022-04-29,0.3517615453912824,-0.005508126206665511,-0.1519612791239817
2022-05-02,-0.1519612791239817,-0.01059920394847757,0.1044981807912158
2022-05-03,0.1044981807912158,-0.017311688476777082,0.0664420317736731
2022-05-04,0.0664420317736731,-0.01784548848449959,-0.3040960245161562
2022-05-05,-0.3040960245161562,-0.018260290976540517,0.6167295035404537
2022-05-06,0.6167295035404537,-0.012136050974077234,-0.1230419917665361
2022-05-09,-0.1230419917665361,0.00958337304697436,-0.2655288425917373
2022-05-10,-0.2655288425917373,-0.017568369709089905,0.0569584218930642
2022-05-11,0.0569584218930642,-0.013435710608035008,-1.5397425603247747
2022-05-12,-1.5397425603247747,-0.0181864546946945,0.3271435612734692
2022-05-13,0.3271435612734692,0.14272216697303586,0.0960153698343508
2022-05-16,0.0960153698343508,-0.012099288071027952,1.0691205308842051
2022-05-17,1.0691205308842051,-0.018121601488382162,-0.3614576369542735
2022-05-18,-0.3614576369542735,0.050812718231411896,0.8823168096722456
2022-05-19,0.8823168096722456,-0.011508208038941885,-0.2648256536865334
2022-05-20,-0.2648256536865334,0.02618814410011523,1.0270029495390471
2022-05-23,1.0270029495390471,-0.015076868033783376,0.709885290116877
2022-05-24,0.709885290116877,0.03986364608179621,-0.803667534634584
2022-05-25,-0.803667534634584,0.007970980182313679,0.626668093949
2022-05-26,0.626668093949,0.013767950313309874,-0.1492955395342762
2022-05-27,-0.1492955395342762,0.0012860148692070876,0.2052239526252329
2022-05-31,0.2052239526252329,-0.01789494484533177,-0.7952514194424659
2022-06-01,-0.7952514194424659,-0.01655108118588777,0.8138872748821614
2022-06-02,0.8138872748821614,0.014363013772629584,-0.1118672625284572
2022-06-03,-0.1118672625284572,0.015861610528402636,-0.2054155717633237
2022-06-06,-0.2054155717633237,-0.018362791849567087,-0.0186950832475737
2022-06-07,-0.0186950832475737,-0.016770520951974805,0.4011760756724747
2022-06-08,0.4011760756724747,-0.01887184841959794,-0.7851975282685242
2022-06-09,-0.7851975282685242,-0.009353637594830511,-1.274985397188263
2022-06-10,-1.274985397188263,0.015756878418139136,-0.8111892551668656
2022-06-13,-0.8111892551668656,0.0655978075402231,-0.1918281808268613
2022-06-14,-0.1918281808268613,0.012510629342642198,-0.2691791665711525
2022-06-15,-0.2691791665711525,-0.017311835399133575,1.367199459795816
2022-06-16,1.367199459795816,-0.01547309135746587,-0.5522771607451485
2022-06-17,-0.5522771607451485,0.07084406473987592,0.7135751700031666
2022-06-21,0.7135751700031666,-0.0057155297670104565,0.3312671620547193
2022-06-22,0.3312671620547193,0.004108302671708244,-0.7588009470949166
2022-06-23,-0.7588009470949166,-0.013924900715472255,0.3421731311161317
2022-06-24,0.3421731311161317,0.006775924638109918,0.5865674339160873
2022-06-27,0.5865674339160873,-0.013499403897808317,-0.6340215229763141
2022-06-28,-0.6340215229763141,-0.0026826005907587343,-0.5425742690369567
2022-06-29,-0.5425742690369567,-0.0005777713646152123,-0.0763869033610074
2022-06-30,-0.0763869033610074,-0.005473610304632452,-0.5747692803886575
2022-07-01,-0.5747692803886575,-0.018772308257992906,-1.5002943171822378
2022-07-05,-1.5002943171822378,-0.0030418442685787718,-0.793072154989758
2022-07-06,-0.793072154989758,0.0824248755651365,-0.1377139702203453
2022-07-07,-0.1377139702203453,0.0066766740112093265,0.1868516057232994
2022-07-08,0.1868516057232994,-0.018385396975980593,-0.8881929504022633
2022-07-11,-0.8881929504022633,-0.01747160872117913,-0.1885201729140586
2022-07-12,-0.1885201729140586,0.014986612115242007,0.1191067138326782
2022-07-13,0.1191067138326782,-0.017622389847266346,-0.5271283775757607
2022-07-14,-0.5271283775757607,-0.018350375502043246,0.6064541130195379
2022-07-15,0.6064541130195379,-0.006365248189097661,0.7012720724093735
2022-07-18,0.7012720724093735,-0.001418235606141839,0.7647845885055793
2022-07-19,0.7647845885055793,0.0043875142647893306,-0.2053288426104881
2022-07-20,-0.2053288426104881,0.00841929701986887,-0.1959440227197992
2022-07-21,-0.1959440227197992,-0.017181162746612487,0.2742142546776617
2022-07-22,0.2742142546776617,-0.017264224966810633,-0.1370131355464571
2022-07-25,-0.1370131355464571,-0.015071905051591662,-0.9347241765682102
2022-07-26,-0.9347241765682102,-0.018065926156767876,-0.0791139281771105
2022-07-27,-0.0791139281771105,0.025212558095486698,0.5426484629681618
2022-07-28,0.5426484629681618,-0.01869273190909061,0.3830105345105489
2022-07-29,0.3830105345105489,-0.003305300456702761,0.6643244439731887
2022-08-01,0.6643244439731887,-0.01095961855475374,-0.7427712022616731
2022-08-02,-0.7427712022616731,0.004901691213362978,-0.4719772773351906
2022-08-03,-0.4719772773351906,0.009470343188732069,0.7364888202440958
2022-08-04,0.7364888202440958,-0.007594204741966801,-0.5002217286470688
2022-08-05,-0.5002217286470688,0.009758958426710856,0.3631549360892898
2022-08-08,0.3631549360892898,-0.006254804395313493,0.1859737236446173
2022-08-09,0.1859737236446173,-0.011735984396585514,1.0796194928540328
2022-08-10,1.0796194928540328,-0.0169045501172699,0.0096735187499927
2022-08-11,0.0096735187499927,0.04343993760102829,-0.7866027448573655
2022-08-12,-0.7866027448573655,-0.01893968025018353,-0.6946170862861194
2022-08-15,-0.6946170862861194,0.012760497723562438,-0.1178782061839464
2022-08-16,-0.1178782061839464,0.005274516808841622,-0.0983380942655717
2022-08-17,-0.0983380942655717,-0.018300633408884246,-0.4931462800126264
2022-08-18,-0.4931462800126264,-0.018457255014769428,-0.7443094948401842
2022-08-19,-0.7443094948401842,-0.005827763805615215,-1.0312982518266511
2022-08-22,-1.0312982518266511,0.010948153697518788,0.4017683186612394
2022-08-23,0.4017683186612394,0.035951822192462644,-0.0902572392416194
2022-08-24,-0.0902572392416194,-0.010509393371993157,-0.080297103581669
2022-08-25,-0.080297103581669,-0.018565458483099408,0.3908408041876072
2022-08-26,0.3908408041876072,-0.018602876953410456,0.0200020002667022
2022-08-29,0.0200020002667022,-0.01007109978575122,0.1798381941379397
2022-08-30,0.1798381941379397,-0.018810505349059644,0.4680584156329696
2022-08-31,0.4680584156329696,-0.01675525688535488,-1.1491507921253408
2022-09-01,-1.1491507921253408,-0.005088035816460691,0.8008050803342751
2022-09-02,0.8008050803342751,0.05683815817392376,-1.163270237546193
2022-09-06,-1.163270237546193,0.01612590877441623,0.2820308074098712
2022-09-07,0.2820308074098712,0.04862414830783,0.1407176832864804
2022-09-08,0.1407176832864804,-0.014957841732985564,0.8999160822507365
2022-09-09,0.8999160822507365,-0.01789084851607144,0.8228051376807186
2022-09-12,0.8228051376807186,0.022217098776455144,-1.3117548719616323
2022-09-13,-1.3117548719616323,0.0142388948143468,-0.0400200105391428
2022-09-14,-0.0400200105391428,0.057729732283343965,-0.0200160128770782
2022-09-15,-0.0200160128770782,-0.019046287359906544,0.219956097478437
2022-09-16,0.219956097478437,-0.019058664574418235,-0.0999200722622136
2022-09-19,-0.0999200722622136,-0.01666032395640215,-0.0900135081030452
2022-09-20,-0.0900135081030452,-0.018581539274791257,-1.1472401162236807
2022-09-21,-1.1472401162236807,-0.018622067222985757,-0.3955179842928054
2022-09-22,-0.3955179842928054,0.04467044519400975,-1.2474599395514885
2022-09-23,-1.2474599395514885,-0.011840189927604109,-0.9926666147069756
2022-09-26,-0.9926666147069756,0.05103676974442371,-0.0727688581411996
2022-09-27,-0.0727688581411996,0.02206580855947137,0.6736823945082747
2022-09-28,0.6736823945082747,-0.018928802963278923,0.9560597110028792
2022-09-29,0.9560597110028792,0.0007174262645760814,0.0920386627328526
2022-09-30,0.0920386627328526,0.019787586159193293,0.2654146106886873
2022-10-03,0.2654146106886873,-0.01871837054268336,1.6982112349191492
2022-10-04,1.6982112349191492,-0.015895260022342483,-1.1187941119823537
2022-10-05,-1.1187941119823537,0.09704610715361918,-0.6100059582505037
2022-10-06,-0.6100059582505037,0.02474325897825414,-0.2143842381001895
2022-10-07,-0.2143842381001895,-0.006514696428468932,-0.2865624722226589
2022-10-11,-0.2865624722226589,-0.01767559845086739,-0.6684173171533773
2022-10-12,-0.6684173171533773,-0.01629491211815151,0.9038681092446604
2022-10-13,0.9038681092446604,-0.002658679456568583,-0.4201041067663713
2022-10-14,-0.4201041067663713,0.011679617135606874,1.0622099668011955
2022-10-17,1.0622099668011955,-0.012786704836831496,-0.0101600203287757
2022-10-18,-0.0101600203287757,0.022970042209451477,-0.6319458397060534
2022-10-19,-0.6319458397060534,-0.019209799748579733,0.4387090646006584
2022-10-20,0.4387090646006584,-0.004401822309537072,0.3252365911951187
2022-10-21,0.3252365911951187,-0.011609593762024136,0.1926099231987541
2022-10-24,0.1926099231987541,-0.01485291180049086,0.857162511283121
2022-10-25,0.857162511283121,-0.01754354395010269,1.088541232356684
2022-10-26,1.088541232356684,0.011326429056170553,-0.827811040529077
2022-10-27,-0.827811040529077,0.0279303962033766,-0.512075018261993
2022-10-28,-0.512075018261993,0.0064928597577128995,-0.4944760062578393
2022-10-31,-0.4944760062578393,-0.009416183993190485,-0.141729118682937
2022-11-01,-0.141729118682937,-0.009893274772023942,0.0405145351434629
2022-11-02,0.0405145351434629,-0.018417016479894605,-1.1816374627861503
2022-11-03,-1.1816374627861503,-0.019040431235693198,1.3839642895205018
2022-11-04,1.3839642895205018,0.03718661182866759,1.025546893051457
2022-11-07,1.025546893051457,0.05269411129259561,0.9160673441198444
2022-11-08,0.9160673441198444,0.017680393101625974,-0.5167456594578889
2022-11-09,-0.5167456594578889,0.009453126340917094,1.3753741766102996
2022-11-10,1.3753741766102996,-0.010430709363931215,1.5697684988581373
2022-11-14,1.5697684988581373,0.04313415225422593,0.3380176090070155
2022-11-15,0.3380176090070155,0.054326194733535886,0.2215053633558472
2022-11-16,0.2215053633558472,-0.0159759403127819,-0.5208345107138347
2022-11-17,-0.5208345107138347,-0.017810010543844023,0.0773320483197945
2022-11-18,0.0773320483197945,-0.011247774471262023,-1.0783608650644378
2022-11-21,-1.0783608650644378,-0.019089128319488353,0.3704791212245655
2022-11-22,0.3704791212245655,0.01686255366579056,0.8527183452226426
2022-11-23,0.8527183452226426,-0.014862887000479252,0.3659832651017206
2022-11-25,0.3659832651017206,0.0040782335743321085,-0.1539349928753535
2022-11-28,-0.1539349928753535,-0.014861946424134754,-0.2892683532835899
2022-11-29,-0.2892683532835899,-0.01854709716014943,-0.3191646405838269
2022-11-30,-0.3191646405838269,-0.016494662490948477,1.6810347346655048
2022-12-01,1.6810347346655048,-0.015751809396421082,0.2188496996042647
2022-12-02,0.2188496996042647,0.07562683728966782,-0.256959456163065
2022-12-05,-0.256959456163065,-0.017712654824283476,0.0285836789140597
2022-12-06,0.0285836789140597,-0.017224250897466337,0.0761832243302962
2022-12-07,0.0761832243302962,-0.019222688667967478,0.4464081118049688
2022-12-08,0.4464081118049688,-0.019003385793375238,-0.0189555492937993
2022-12-09,-0.0189555492937993,-0.011803185321936938,-0.0474045991337533
2022-12-12,-0.0474045991337533,-0.019194153631332467,0.8028378423118583
2022-12-13,0.8028378423118583,-0.019107850536553842,0.2349073196723792
2022-12-14,0.2349073196723792,0.006572208658414467,-0.1596769230454415
2022-12-15,-0.1596769230454415,-0.016855328604380816,-0.2635543694234145
2022-12-16,-0.2635543694234145,-0.01815928637315019,0.1318640108186392
2022-12-19,0.1318640108186392,-0.016276714089198202,0.103485591812228
2022-12-20,0.103485591812228,-0.018247508786311165,-0.339079160708245
2022-12-21,-0.339079160708245,-0.018508254143651356,-0.1038372680263117
2022-12-22,-0.1038372680263117,-0.013775600198634518,0.3111888974547763
2022-12-23,0.3111888974547763,-0.018532104648811224,0.3102235155404729
2022-12-27,0.3102235155404729,-0.013904805928891418,-0.3008086494599867
2022-12-28,-0.3008086494599867,-0.013769611746889305,0.432128431956027
2022-12-29,0.432128431956027,-0.014280325107550387,0.2808201789290547
2022-12-30,0.2808201789290547,-0.008437855578546682,-1.3078231284681
2023-01-03,-1.3078231284681,-0.014294798358359303,0.5760438989415553
2023-01-04,0.5760438989415553,0.07041727647249432,-0.9270712505177344
2023-01-05,-0.9270712505177344,-0.0023049507021531794,0.917654611309314
2023-01-06,0.917654611309314,0.022006991454962536,1.309776419006368
2023-01-09,1.309776419006368,0.020451167190206454,-0.2046893159773622
2023-01-10,-0.2046893159773622,0.055169168528212034,0.0279368628720142
2023-01-11,0.0279368628720142,-0.017495167780402915,0.7698410232290679
2023-01-12,0.7698410232290679,-0.019056256944142737,-0.1109365002375075
2023-01-13,-0.1109365002375075,0.00702613802310184,-0.1666358467425047
2023-01-17,-0.1666358467425047,-0.018601402329723443,0.3145238485551932
2023-01-18,0.3145238485551932,-0.017879811492077537,-0.1571382677644328
2023-01-19,-0.1571382677644328,-0.014205727796446467,0.1940761202483071
2023-01-20,0.1940761202483071,-0.017893130543155215,0.3134220854793
2023-01-23,0.3134220854793,-0.01696666161722658,0.0736038307219384
2023-01-24,0.0736038307219384,-0.013663465517713826,0.25718761306091
2023-01-25,0.25718761306091,-0.018581682276919684,-0.3215880016890253
2023-01-26,-0.3215880016890253,-0.01505588986774025,-0.0828614879616202
2023-01-27,-0.0828614879616202,-0.013175673372332058,0.0920640830999451
2023-01-30,0.0920640830999451,-0.018478341551972272,-0.0828538597455074
2023-01-31,-0.0828538597455074,-0.0182053421018887,0.5419071814872879
2023-02-01,0.5419071814872879,-0.018373982475731677,0.0091596061433488
2023-02-02,0.0091596061433488,0.0005958713973115586,-0.8554529471012361
2023-02-03,-0.8554529471012361,-0.018695070039292185,-0.9560568483207575
2023-02-06,-0.9560568483207575,0.028180316228542186,-0.1586783363699877
2023-02-07,-0.1586783363699877,0.036207710332184874,0.2705351712990902
2023-02-08,0.2705351712990902,-0.01741279163286847,0.2512213463618282
2023-02-09,0.2512213463618282,-0.014065529434921623,-0.849242190459332
2023-02-10,-0.849242190459332,-0.014551681136663159,0.4488505758996539
2023-02-13,0.4488505758996539,0.02589621341472033,0.0373134332687396
2023-02-14,0.0373134332687396,-0.006057417939573922,-0.3644012441595664
2023-02-15,-0.3644012441595664,-0.01863630442901296,0.0093602283964055
2023-02-16,0.0093602283964055,-0.010367781894573306,-0.0561745169719937
2023-02-17,-0.0561745169719937,-0.01867249149293222,-0.1968596839175304
2023-02-21,-0.1968596839175304,-0.018467531692102777,-0.319549144094279
2023-02-22,-0.319549144094279,-0.015978865455787764,-0.3772521686288918
2023-02-23,-0.3772521686288918,-0.01129975116574608,-0.359712618084948
2023-02-24,-0.359712618084948,-0.008155848516816609,0.4824757479085362
2023-02-27,0.4824757479085362,-0.008928380556048849,0.0566091155790918
2023-02-28,0.0566091155790918,-9.062015785772415e-05,0.676821534613859
2023-03-01,0.676821534613859,-0.018175834166525556,-0.7428686191490458
2023-03-02,-0.7428686191490458,0.018169966086736204,0.1980105309644083
2023-03-03,0.1980105309644083,0.022494485082938265,0.7320539496633204
2023-03-06,0.7320539496633204,-0.015430548638680888,-1.1379254776150336
2023-03-07,-1.1379254776150336,0.022003436116985728,-0.2272513050717683
2023-03-08,-0.2272513050717683,0.06847468849994437,0.2650763646244308
2023-03-09,0.2650763646244308,-0.015560919279015888,0.7722773361083891
2023-03-10,0.7722773361083891,-0.013816239745795055,0.6918501792387468
2023-03-13,0.6918501792387468,0.021240632490749447,-0.1025402094041204
2023-03-14,-0.1025402094041204,0.012315414626736996,-1.7594658149193594
2023-03-15,-1.7594658149193594,-0.018133344633504096,0.8224274744055089
2023-03-16,0.8224274744055089,0.1528145716807341,0.2350840332261607
2023-03-17,0.2350840332261607,0.013555203533699045,0.7019543072877044
2023-03-20,0.7019543072877044,-0.016259094556937033,0.4373930941397728
2023-03-21,0.4373930941397728,0.005111587821447393,0.213348255871088
2023-03-22,0.213348255871088,-0.00950756557965167,0.9039818039414316
2023-03-23,0.9039818039414316,-0.016602797725627932,-1.1823525877641103
2023-03-24,-1.1823525877641103,0.021882801149670998,0.2505685501975072
2023-03-27,0.2505685501975072,0.044876413796496845,0.5084835067216159
2023-03-28,0.5084835067216159,-0.016119748246919047,-0.1661283261633017
2023-03-29,-0.1661283261633017,-0.006901359071244748,0.6720393532388482
2023-03-30,0.6720393532388482,-0.017821237479272268,-0.2480365058332176
2023-03-31,-0.2480365058332176,0.002940250582559042,0.1746083244706798
2023-04-03,0.1746083244706798,-0.016166037205789918,0.5494016200072798
2023-04-04,0.5494016200072798,-0.017350071053129974,-0.3017972934056057
2023-04-05,-0.3017972934056057,-0.0032031857616657295,0.0823987229042337
2023-04-06,0.0823987229042337,-0.014386387859005161,-0.1282051457655611
2023-04-07,-0.1282051457655611,-0.018497635601939847,-0.6711743119452508
2023-04-10,-0.6711743119452508,-0.018044962808005927,0.6070100492369539
2023-04-11,0.6070100492369539,0.006119455999326713,0.7399659214874148
2023-04-12,0.7399659214874148,0.0021429494570980824,0.607959769232731
2023-04-13,0.607959769232731,0.011806480591606808,-0.6716917329686519
2023-04-14,-0.6716917329686519,0.0016126643201749725,-0.5937446079477566
2023-04-17,-0.5937446079477566,0.005080647614358762,0.3931793114316914
2023-04-18,0.3931793114316914,-0.00029996009679995883,-0.0456391774614607
2023-04-19,-0.0456391774614607,-0.010242674501955469,0.155088294552931
2023-04-20,0.155088294552931,-0.018787654397585,0.0273435721523227
2023-04-21,0.0273435721523227,-0.017337609787747763,0.4909100767879475
2023-04-24,0.4909100767879475,-0.018737538545356775,-0.5364868516528195
2023-04-25,-0.5364868516528195,-0.003589393021791401,0.7629464801156721
2023-04-26,0.7629464801156721,-0.0013467434823655044,-0.317187270324223
2023-04-27,-0.317187270324223,0.017193706239599284,0.2085506491021583
2023-04-28,0.2085506491021583,-0.012914808715680516,-0.6360766561810458
2023-05-01,-0.6360766561810458,-0.01589768997963612,0.245823404165857
2023-05-02,0.245823404165857,0.006280399754836392,0.4717417802240691
2023-05-03,0.4717417802240691,-0.014721819945367838,-0.362680604277184
2023-05-04,-0.362680604277184,-0.003958596667839287,0.1543000079225795
2023-05-05,0.1543000079225795,-0.01034099747247341,-0.0544316442723368
2023-05-08,-0.0544316442723368,-0.01694671324429892,-0.6098412383159052
2023-05-09,-0.6098412383159052,-0.018468748112351354,0.1186185640247194
2023-05-10,0.1186185640247194,0.007186577026939107,-0.456997413576474
2023-05-11,-0.456997413576474,-0.01750170115334126,-0.5511680313524034
2023-05-12,-0.5511680313524034,-0.00371897437475507,0.1656696191160918
2023-05-15,0.1656696191160918,0.0031441229625325967,-0.0735970594397471
2023-05-16,-0.0735970594397471,-0.016387562913977347,-0.3318587116432098
2023-05-17,-0.3318587116432098,-0.018165636254826673,-0.4998621904836469
2023-05-18,-0.4998621904836469,-0.010099721049456332,0.398240859737372
2023-05-19,0.398240859737372,0.0009483982758290265,-0.1202312283562413
2023-05-22,-0.1202312283562413,-0.005419569548757664,-0.3244198053240987
2023-05-23,-0.3244198053240987,-0.017358218534619677,-0.1207673517582239
2023-05-24,-0.1207673517582239,-0.009861930133688804,-0.3072199036970252
2023-05-25,-0.3072199036970252,-0.017208459966120786,-0.111950753365972
2023-05-26,-0.111950753365972,-0.010248045561965598,0.0839748124924964
2023-05-30,0.0839748124924964,-0.017236913057701562,-0.636229691053873
2023-05-31,-0.636229691053873,-0.0174481399310294,0.915637528598646
2023-06-01,0.915637528598646,0.01922834814171126,-0.260756340708083
2023-06-02,-0.260756340708083,0.05581000160125122,-0.0279785499610081
2023-06-05,-0.0279785499610081,-0.012949703365397715,-0.242809233973388
2023-06-06,-0.242809233973388,-0.018305085597046536,0.0654297354744164
2023-06-07,0.0654297354744164,-0.013289367920535203,0.7261925591738303
2023-06-08,0.7261925591738303,-0.01778387142454596,-0.2879838489924689
2023-06-09,-0.2879838489924689,0.030378246429985014,-0.0186081131910166
2023-06-12,-0.0186081131910166,-0.0112037579396024,0.4178473046438426
2023-06-13,0.4178473046438426,-0.018238974411846368,0.618911032930885
2023-06-14,0.618911032930885,-0.0014261060410006362,0.6791509217584182
2023-06-15,0.6791509217584182,0.017679561263121965,-0.0731997470693838
2023-06-16,-0.0731997470693838,0.023147741417487044,-0.2290951746555824
2023-06-20,-0.2290951746555824,-0.017921063346284263,0.4667987058524075
2023-06-21,0.4667987058524075,-0.013744758291306057,0.0182615047987473
2023-06-22,0.0182615047987473,0.0022519740234847384,-0.604397444256652
2023-06-23,-0.604397444256652,-0.018173654886063387,0.2110382945936458
2023-06-26,0.2110382945936458,0.015298171547417354,0.4663718388606961
2023-06-27,0.4663718388606961,-0.013833184832515884,-0.5213823839354877
2023-06-28,-0.5213823839354877,0.0028486469353513617,-0.2111545425356479
2023-06-29,-0.2111545425356479,0.006648408850430258,0.3577821347883902
2023-06-30,0.3577821347883902,-0.014233944630627163,-0.009157928482979
2023-07-03,-0.009157928482979,-0.00546855149478484,-0.4681699467827942
2023-07-05,-0.4681699467827942,-0.018136679509487854,0.0459960451511155
2023-07-06,0.0459960451511155,0.003251025147246306,0.8334526424927106
2023-07-07,0.8334526424927106,-0.01781473183028853,0.245957764622385
2023-07-10,0.245957764622385,0.05088775893315891,0.0090979393230161
2023-07-11,0.0090979393230161,-0.012227965058867746,1.184730112989891
2023-07-12,1.184730112989891,-0.018136575894751303,0.636288385927545
2023-07-13,0.636288385927545,0.10745651120938754,0.3833984456597507
2023-07-14,0.3833984456597507,0.013998070559631915,-0.0088995683768027
2023-07-17,-0.0088995683768027,-0.006643199949634703,-0.1157665207878351
2023-07-18,-0.1157665207878351,-0.018454725214357023,-0.2497993983400761
2023-07-19,-0.2497993983400761,-0.017398847156665523,-0.5373949341387166
2023-07-20,-0.5373949341387166,-0.013255084789799648,-0.1348011886894527
2023-07-21,-0.1348011886894527,0.006050337865813055,-0.33328860289204
2023-07-24,-0.33328860289204,-0.01687935632716141,-0.298197482975422
2023-07-25,-0.298197482975422,-0.008688539931789628,0.2530731647150148
2023-07-26,0.2530731647150148,-0.010458221225186528,-0.7247721525289056
2023-07-27,-0.7247721525289056,-0.011972101994931853,0.3721018950591632
2023-07-28,0.3721018950591632,0.029158641484001182,-0.1722653311446181
2023-07-31,-0.1722653311446181,-0.005496397977184533,-0.4456375889414702
2023-08-01,-0.4456375889414702,-0.0157213775168055,-0.2921042697699944
2023-08-02,-0.2921042697699944,-0.00024013885964499512,0.0731060984766554
2023-08-03,0.0731060984766554,-0.010508384771306238,0.8097210232619303
2023-08-04,0.8097210232619303,-0.01756687225744012,-0.3267383556668967
2023-08-07,-0.3267383556668967,0.04434421678532811,-0.446449650474859
2023-08-08,-0.446449650474859,-0.008911145079474037,0.2189182667612896
2023-08-09,0.2189182667612896,-0.0004477345687493475,0.3728802465118773
2023-08-10,0.3728802465118773,-0.013537226656115295,-0.5370240003097513
2023-08-11,-0.5370240003097513,-0.004624486875391023,-0.3199417693294157
2023-08-14,-0.3199417693294157,0.00841322902454308,0.054919909847217
2023-08-15,0.054919909847217,-0.008892599909861063,-0.2198608434202744
2023-08-16,-0.2198608434202744,-0.01780683233102099,-0.2755075670502637
2023-08-17,-0.2755075670502637,-0.013525914143294524,0.0091958251018965
2023-08-18,0.0091958251018965,-0.01061257480177378,0.1194688374417316
2023-08-21,0.1194688374417316,-0.017992316192148496,-0.386491693029598
2023-08-22,-0.386491693029598,-0.016240174290717266,0.1474111193784775
2023-08-23,0.1474111193784775,-0.0018141674444273406,-0.3319811237867375
2023-08-24,-0.3319811237867375,-0.01523181824716707,-0.3608942981494165
2023-08-25,-0.3608942981494165,-0.00556457370049106,0.2129926257824849
2023-08-28,0.2129926257824849,-0.003146816802538172,0.3785609986953617
2023-08-29,0.3785609986953617,-0.012136906856394581,0.6888028335455416
2023-08-30,0.6888028335455416,-9.511219892050148e-05,-0.7994529139912976
2023-08-31,-0.7994529139912976,0.03771680274555212,-0.4809035440320964
2023-09-01,-0.4809035440320964,0.04852496436188108,-0.5577777777999863
2023-09-05,-0.5577777777999863,0.00452178048804105,-0.121263015652363
2023-09-06,-0.121263015652363,0.011908312964643399,-0.0933794072895884
2023-09-07,-0.0933794072895884,-0.016804904128747647,0.0467006032865198
2023-09-08,0.0467006032865198,-0.017279870162144915,0.3262949802198579
2023-09-11,0.3262949802198579,-0.017710612565802322,-0.1676758660202983
2023-09-12,-0.1676758660202983,-0.00596873142811571,0.1025019891265071
2023-09-13,0.1025019891265071,-0.015008382366876162,-0.7197301714299945
2023-09-14,-0.7197301714299945,-0.016513085228835135,0.1218769194129203
2023-09-15,0.1218769194129203,0.03916699528679219,0.2059154602541028
2023-09-18,0.2059154602541028,-0.0161616537576332,-0.1029047286654424
2023-09-19,-0.1029047286654424,-0.012839006737811808,0.2897333677825883
2023-09-20,0.2897333677825883,-0.016735781881444423,-0.4771046049132659
2023-09-21,-0.4771046049132659,-0.007396658247593846,-0.0375164138709061
2023-09-22,-0.0375164138709061,0.008597861143148358,-0.6493834876166392
2023-09-25,-0.6493834876166392,-0.01764439282977851,-0.1701002111142669
2023-09-26,-0.1701002111142669,0.031164997456315933,-0.5976396861529643
2023-09-27,-0.5976396861529643,-0.014686266882717116,0.6449187754928452
2023-09-28,0.6449187754928452,0.022568814642791642,0.0567054168866374
2023-09-29,0.0567054168866374,0.028468958676831798,-0.7968169649176845
2023-10-02,-0.7968169649176845,-0.01753991293575081,-0.448623861290775
2023-10-03,-0.448623861290775,0.0477784688830137,0.6199056616582455
2023-10-04,0.6199056616582455,0.0015351312471349231,0.0855310102035174
2023-10-05,0.0855310102035174,0.020215797546337698,0.6533186140635541
2023-10-06,0.6533186140635541,-0.017335401692799086,0.2074102751656415
2023-10-10,0.2074102751656415,0.023999486983083726,0.0188341652313075
2023-10-11,0.0188341652313075,-0.013810913563176895,-0.6328836124839798
2023-10-12,-0.6328836124839798,-0.018064430443752114,-0.4844464473285509
2023-10-13,-0.4844464473285509,0.02077072515338519,0.418092589261047
2023-10-16,0.418092589261047,0.0039435253512038245,0.4446764506080886
2023-10-17,0.4446764506080886,-0.0008869460357153486,-0.5775163980296025
2023-10-18,-0.5775163980296025,0.0013398229334779248,0.3601558248083414
2023-10-19,0.3601558248083414,0.012795560760953386,0.2079199312506115
2023-10-20,0.2079199312506115,-0.005603702242541938,0.5085235555913394
2023-10-23,0.5085235555913394,-0.013795956881091977,-0.4802043030303119
2023-10-24,-0.4802043030303119,0.007385075091774271,-0.1133251608674998
2023-10-25,-0.1133251608674998,0.003326576667078729,-0.4830698477524577
2023-10-26,-0.4830698477524577,-0.017043690142161397,0.5680757560589472
2023-10-27,0.5680757560589472,0.004217578125095849,0.2640016619140454
2023-10-30,0.2640016619140454,0.013577979984996052,-0.4908448593768676
2023-10-31,-0.4908448593768676,-0.011175116578755764,-0.2842795432930073
2023-11-01,-0.2842795432930073,0.0046159235285015525,0.7562902374385805
2023-11-02,0.7562902374385805,-0.01060012561756365,1.07724333379075
2023-11-03,1.07724333379075,0.03687805143926818,0.1303538359628854
2023-11-06,0.1303538359628854,0.08043095085199117,-0.5598596316256589
2023-11-07,-0.5598596316256589,-0.01700521242567849,0.2616579382780696
2023-11-08,0.2616579382780696,0.006120315272089631,-0.046674446588294
2023-11-09,-0.046674446588294,-0.012684315009616517,-0.0934142991796796
2023-11-13,-0.0934142991796796,-0.018265631540794705,1.4934649830038578
2023-11-14,1.4934649830038578,-0.01768988646668882,-0.0736851834021181
2023-11-15,-0.0736851834021181,0.15028092056302905,-0.0184297825807281
2023-11-16,-0.0184297825807281,-0.018395373608692474,0.2577083800875211
2023-11-17,0.2577083800875211,-0.018645921947543168,0.6048405535880657
2023-11-20,0.6048405535880657,-0.013695359373093859,-0.2012073113420119
2023-11-21,-0.2012073113420119,0.007972911776428794,-0.4771964639542898
2023-11-22,-0.4771964639542898,-0.015855899932863744,0.5778507250944085
2023-11-24,0.5778507250944085,-0.00231394138037,0.0274335880281275
2023-11-27,0.0274335880281275,0.006246198136853539,0.6379897688165985
2023-11-28,0.6379897688165985,-0.018485704635260322,-0.3458321612057574
2023-11-29,-0.3458321612057574,0.012213059714485316,-0.557664744585503
2023-11-30,-0.557664744585503,-0.009993754432601882,-0.2754063982573029
2023-12-01,-0.2754063982573029,0.004144238312385336,-0.4976510132282142
2023-12-04,-0.4976510132282142,-0.0130757643887489,-0.3424185475194912
2023-12-05,-0.3424185475194912,-9.152279927856519e-05,0.027807387675129
2023-12-06,0.027807387675129,-0.009791417905748221,0.0370644926407738
2023-12-07,0.0370644926407738,-0.018384555527176216,-0.4456831889821198
2023-12-08,-0.4456831889821198,-0.018271660434521282,0.0093053552386544
2023-12-11,0.0093053552386544,-0.0021762141833669875,0.3993133411026959
2023-12-12,0.3993133411026959,-0.018343131888396164,0.0277996573165949
2023-12-13,0.0277996573165949,-0.0039750312703097,1.8724732485588047
2023-12-14,1.8724732485588047,-0.018193982761193488,-0.8309411824927534
2023-12-15,-0.8309411824927534,0.23317363765337454,0.1282873812889123
2023-12-18,0.1282873812889123,0.019271385096496303,0.5206204388420227
2023-12-19,0.5206204388420227,-0.01787181112960808,-0.1823653281923264
2023-12-20,-0.1823653281923264,-0.003023295150988951,0.300724699227373
2023-12-21,0.300724699227373,-0.017019050428516386,0.1636512775457788
2023-12-22,0.1636512775457788,-0.013160944994103856,0.2449758517711762
2023-12-26,0.2449758517711762,-0.016996076202296533,0.7133535149029759
2023-12-27,0.7133535149029759,-0.014719704600546807,-0.3695862141758292
2023-12-28,-0.3695862141758292,0.014325687054510249,-0.0993901143484803
2023-12-29,-0.0993901143484803,-0.010313392281465621,-0.9537290149230176
2024-01-02,-0.9537290149230176,-0.01813689630087915,-0.439038480763641
2024-01-03,-0.439038480763641,0.03890669572256679,0.4390384807636398
2024-01-04,0.4390384807636398,-0.007099197856177963,0.0
2024-01-05,0.0,-0.006287630189058623,0.1732549560273197
2024-01-08,0.1732549560273197,-0.018725012030403273,-0.3742416854798208
2024-01-09,-0.3742416854798208,-0.01654152655780839,0.2283627391138536
2024-01-10,0.2283627391138536,-0.009332127426638186,-0.1552299083563538
2024-01-11,-0.1552299083563538,-0.01476990948137889,0.1461054044949147
2024-01-12,0.1461054044949147,-0.016965498623618843,-0.7050988417521563
2024-01-16,-0.7050988417521563,-0.0168111337507337,-0.2207912580474188
2024-01-17,-0.2207912580474188,0.018133404696761803,0.0460383968354399
2024-01-18,0.0460383968354399,-0.015092219145529738,0.2206897447429119
2024-01-19,0.2206897447429119,-0.018297927223481586,0.0734551497540218
2024-01-22,0.0734551497540218,-0.014362917778203234,-0.6076247750340816
2024-01-23,-0.6076247750340816,-0.017897170629455936,0.6626807499979241
2024-01-24,0.6626807499979241,0.011665090177418609,-0.5888323205363303
2024-01-25,-0.5888323205363303,0.017577556613660894,0.2672443188473162
2024-01-26,0.2672443188473162,0.008228329252390794,-0.5444575808302807
2024-01-29,-0.5444575808302807,-0.012594003696815298,0.3417859315390475
2024-01-30,0.3417859315390475,0.004617949265408295,0.1013871693835978
2024-01-31,0.1013871693835978,-0.00880923962305877,0.0920810378137904
2024-02-01,0.0920810378137904,-0.017481768354970367,-0.7204908315100991
2024-02-02,-0.7204908315100991,-0.017559323567443583,-0.473912516396595
2024-02-05,-0.473912516396595,0.024687635857435088,0.1396193273764972
2024-02-06,0.1396193273764972,-0.00037923950093766555,0.1672862843652942
2024-02-07,0.1672862843652942,-0.016623856490159444,0.0464187911598021
2024-02-08,0.0464187911598021,-0.01575555304977998,0.0742252771135187
2024-02-09,0.0742252771135187,-0.01805055888898176,-0.0742252771135146
2024-02-12,-0.0742252771135146,-0.017644249380979873,-0.5024668615685953
2024-02-13,-0.5024668615685953,-0.017729623549924366,0.1398275688088335
2024-02-14,0.1398275688088335,0.005817529250302261,0.2419055887511064
2024-02-15,0.2419055887511064,-0.016059990249734292,0.0743149128488514
2024-02-16,0.0743149128488514,-0.011898145185680404,0.4169954613069075
2024-02-20,0.4169954613069075,-0.017374261132158102,0.0369822489422217
2024-02-21,0.0369822489422217,0.0008833247297328928,-0.0277354044213351
2024-02-22,-0.0277354044213351,-0.017783282764007827,0.120131234703263
2024-02-23,0.120131234703263,-0.01785826988806354,0.2490431578200266
2024-02-26,0.2490431578200266,-0.016017787093107826,0.0184229919460153
2024-02-27,0.0184229919460153,-0.010109510770761459,-0.1290322759670294
2024-02-28,-0.1290322759670294,-0.017662702556612,-0.3325638169016349
2024-02-29,-0.3325638169016349,-0.015751358888866786,0.2310643848890546
2024-03-01,0.2310643848890546,-0.00392103576695827,0.2765743442734519
2024-03-04,0.2765743442734519,-0.010287949120187967,-0.0092068314754565
2024-03-05,-0.0092068314754565,-0.006993467233640835,0.4776347833053583
2024-03-06,0.4776347833053583,-0.01748829469296063,0.256246136370015
2024-03-07,0.256246136370015,0.014314329625719777,0.0
2024-03-08,0.0,-0.008210102332991125,-0.1188897666218662
2024-03-11,-0.1188897666218662,-0.017430983428611053,-0.0915499468868334
2024-03-12,-0.0915499468868334,-0.015519768703878417,0.2378557520628691
2024-03-13,0.2378557520628691,-0.016185162567676246,-0.5130095531029734
2024-03-14,-0.5130095531029734,-0.008206001971969919,0.0
2024-03-15,0.0,0.021266757370678062,-0.0183705337156677
2024-03-18,-0.0183705337156677,-0.01725030430241337,-0.2483330777244838
2024-03-19,-0.2483330777244838,-0.017139964480175504,-0.0276306702195503
2024-03-20,-0.0276306702195503,-0.007787066534567862,0.046046876533107
2024-03-21,0.046046876533107,-0.016950132714355835,-0.405942064974643
2024-03-22,-0.405942064974643,-0.01648100862107114,0.1847234292705627
2024-03-25,0.1847234292705627,0.010111607073285973,-0.0738484294615912
2024-03-26,-0.0738484294615912,-0.010780986248187668,-0.0739030056730707
2024-03-27,-0.0739030056730707,-0.016027163512268502,-0.1849968153174596
2024-03-28,-0.1849968153174596,-0.015901732171187996,-0.0926269054740576
2024-03-29,-0.0926269054740576,-0.010740314597331909,-0.5389345882209214
2024-04-01,-0.5389345882209214,-0.015140919483782527,0.3348528847356635
2024-04-02,0.3348528847356635,0.035899364993209795,0.5371377982017405
2024-04-03,0.5371377982017405,0.0038588991599932607,0.3503599379631871
2024-04-04,0.3503599379631871,0.03355874898809165,-0.2211371029238272
2024-04-05,-0.2211371029238272,0.003928995108378828,0.1106296784723042
2024-04-08,0.1106296784723042,-0.009278266184189156,0.0276383068690073
2024-04-09,0.0276383068690073,-0.014595420771418309,-1.102220208056935
2024-04-10,-1.102220208056935,-0.016606676269540616,-0.1398015046652463
2024-04-11,-0.1398015046652463,0.16353642833993542,-0.701954307287697
2024-04-12,-0.701954307287697,-0.015240312883686713,-0.0281809217026281
2024-04-15,-0.0281809217026281,0.04372295861900835,-0.1504325217875691
2024-04-16,-0.1504325217875691,-0.01764058354004365,0.1504325217875686
2024-04-17,0.1504325217875686,-0.014962652473592734,0.1502065622255857
2024-04-18,0.1502065622255857,-0.014360260926490159,-0.0469153187118199
2024-04-19,-0.0469153187118199,-0.014210622785451002,0.0
2024-04-22,0.0,-0.017187891544315197,0.3747076983788498
2024-04-23,0.3747076983788498,-0.017333723790592896,-0.0748292991609194
2024-04-24,-0.0748292991609194,0.0038744185574892203,0.3176385331343151
2024-04-25,0.3176385331343151,-0.01656550929466837,-0.3269961338523144
2024-04-26,-0.3269961338523144,-0.001445186813875754,0.2896792195280603
2024-04-29,0.2896792195280603,-0.0016040751106707254,-0.3083970483145696
2024-04-30,-0.3083970483145696,-0.003919359391436478,-0.0374461715665644
2024-05-01,-0.0374461715665644,-0.003150639724311711,0.2431498439140623
2024-05-02,0.2431498439140623,-0.01697261486193561,0.5960159197107572
2024-05-03,0.5960159197107572,-0.007137586390998774,0.0835305631194249
2024-05-06,0.0835305631194249,0.039006010273909125,-0.1113895965911572
2024-05-07,-0.1113895965911572,-0.016002422371363394,-0.1115138113886628
2024-05-08,-0.1115138113886628,-0.015382700128205936,0.148657464893975
2024-05-09,0.148657464893975,-0.015239482413124558,0.018566654342242
2024-05-10,0.018566654342242,-0.013004502615709786,0.2132691243702686
2024-05-13,0.2132691243702686,-0.0167738008775008,0.2035718293477239
2024-05-14,0.2035718293477239,-0.00838722295732935,0.3874901056554157
2024-05-15,0.3874901056554157,-0.008927992706600517,0.1380262468958268
2024-05-16,0.1380262468958268,0.010781153444954403,-0.0551876393697804
2024-05-17,-0.0551876393697804,-0.013054146380476098,-0.0736309283150783
2024-05-20,-0.0736309283150783,-0.01620387072884847,-0.0552587967643921
2024-05-21,-0.0552587967643921,-0.01567543965003755,-0.1751879107406474
2024-05-22,-0.1751879107406474,-0.015963240098856992,-0.0830909894087392
2024-05-23,-0.0830909894087392,-0.01058053405482349,0.2306380467924029
2024-05-24,0.2306380467924029,-0.015027116584910596,0.2484930642260532
2024-05-28,0.2484930642260532,-0.0044332609380646195,-0.6270191128311363
2024-05-29,-0.6270191128311363,-0.0024710647736545573,0.2402070630223885
2024-05-30,0.2402070630223885,0.06066005189717325,0.0830143478010676
2024-05-31,0.0830143478010676,-0.005122813048658812,0.4048588526000111
2024-06-03,0.4048588526000111,-0.014973031168883015,-0.1102535944099955
2024-06-04,-0.1102535944099955,0.015984580674447735,-0.1195787292376146
2024-06-05,-0.1195787292376146,-0.014402854020597131,0.1655325005531765
2024-06-06,0.1655325005531765,-0.013843980276915952,-0.7007866392896134
2024-06-07,-0.7007866392896134,-0.010372333065501883,-0.5195298817937571
2024-06-10,-0.5195298817937571,0.07510082919907239,-0.1675666003703718
2024-06-11,-0.1675666003703718,0.028338310510954604,1.019660299065757
2024-06-12,1.019660299065757,-0.012500873127785719,-0.8055972083426821
2024-06-13,-0.8055972083426821,0.138437445289617,-0.531345925014858
2024-06-14,-0.531345925014858,0.06017431390936281,0.2240688081539034
2024-06-17,0.2240688081539034,0.0134002067063495,0.1491007638070934
2024-06-18,0.1491007638070934,-0.011907806296209576,-0.289084921797351
2024-06-20,-0.289084921797351,-0.015041860178589704,-0.1308289131566275
2024-06-21,-0.1308289131566275,-0.00823672749388843,0.3081091088752429
2024-06-24,0.3081091088752429,-0.015826037064074545,-0.2053005573646001
2024-06-25,-0.2053005573646001,-0.005425497964567168,-0.2150840124067546
2024-06-26,-0.2150840124067546,-0.012602338585029802,0.2431043740527361
2024-06-27,0.2431043740527361,-0.011903169504257191,0.0280125124386485
2024-06-28,0.0280125124386485,-0.00932727549685199,0.1585895196884912
2024-07-01,0.1585895196884912,-0.017324730580885912,0.0838574472621167
2024-07-02,0.0838574472621167,-0.01361004960260661,0.5757816798624326
2024-07-03,0.5757816798624326,-0.016168839431382094,0.268183450143208
2024-07-05,0.268183450143208,0.03084880551487804,0.0646263236267469
2024-07-08,0.0646263236267469,-0.006974834835213451,-0.2032521024922357
2024-07-09,-0.2032521024922357,-0.016662261290073633,0.0924385349609319
2024-07-10,0.0924385349609319,-0.011578416384066958,0.4333201820108548
2024-07-11,0.4333201820108548,-0.01577292346737868,0.2939557508971163
2024-07-12,0.2939557508971163,0.01195407043835038,0.0916842459017149
2024-07-15,0.0916842459017149,-0.003755165218120524,-0.2477406414595493
2024-07-16,-0.2477406414595493,-0.015733412844219977,0.4400043765836945
2024-07-17,0.4400043765836945,-0.00794925548001689,-0.1830999321395003
2024-07-18,-0.1830999321395003,0.013814111399458196,-0.2293473781787814
2024-07-19,-0.2293473781787814,-0.012252868278382616,-0.073502392136832
2024-07-22,-0.073502392136832,-0.009142429505985964,-0.2300438097541533
2024-07-23,-0.2300438097541533,-0.01626621147763226,-0.0184263866377289
2024-07-24,-0.0184263866377289,-0.008538832294659246,0.0736851834021199
2024-07-25,0.0736851834021199,-0.016840272400154805,-0.0184162063135592
2024-07-26,-0.0184162063135592,-0.015651049594502437,-0.3690381529327085
2024-07-29,-0.3690381529327085,-0.016638743898073946,-0.0924727271370583
2024-07-30,-0.0924727271370583,0.007703335737211838,0.1294378878943494
2024-07-31,0.1294378878943494,-0.015218062316741245,-0.3146402743806407
2024-08-01,-0.3146402743806407,-0.013026116563427876,1.1519272194837131
2024-08-02,1.1519272194837131,0.001957181516660475,0.3932152659216105
2024-08-05,0.3932152659216105,0.19424978987807137,-0.2833251449730192
2024-08-06,-0.2833251449730192,0.0031816737689358337,-0.0091528991871991
2024-08-07,-0.0091528991871991,-0.007480884753844699,-0.1007372217613691
2024-08-08,-0.1007372217613691,-0.017511877271044994,0.1007372217613766
2024-08-09,0.1007372217613766,-0.01618075389125126,0.0274561846780413
2024-08-12,0.0274561846780413,-0.0157276117056372,0.2376383533095196
2024-08-13,0.2376383533095196,-0.017107741822189663,0.6370027909773287
2024-08-14,0.6370027909773287,-0.008199010296714928,-0.3452979350874153
2024-08-15,-0.3452979350874153,0.04329801752010458,0.0909835382570461
2024-08-16,0.0909835382570461,-0.0011836383436463966,0.670717641754631
2024-08-19,0.670717641754631,-0.01601913800103064,0.3246756098870094
2024-08-20,0.3246756098870094,0.046090052217689796,0.3325995245501468
2024-08-21,0.3325995245501468,-0.0030068155819184916,-0.260592320718745
2024-08-22,-0.260592320718745,-0.0022099920727799258,0.5563047096931135
2024-08-23,0.5563047096931135,-0.008718495099773137,-0.1074306280584863
2024-08-26,-0.1074306280584863,0.024502114401520135,-0.0358358720910866
2024-08-27,-0.0358358720910866,-0.016189829428014044,-0.2961369777601523
2024-08-28,-0.2961369777601523,-0.017351984180633155,-0.3691536177950472
2024-08-29,-0.3691536177950472,-0.005645026535237616,-0.2348054903424151
2024-08-30,-0.2348054903424151,0.0011157525234424793,-0.1538253029194997
2024-09-03,-0.1538253029194997,-0.009962535035730623,0.3435186889194563
2024-09-04,0.3435186889194563,-0.014148925597751433,0.1352753058341993
2024-09-05,0.1352753058341993,0.000639213762433255,-0.0901632014917396
2024-09-06,-0.0901632014917396,-0.014292859921772325,-0.3976867135760092
2024-09-09,-0.3976867135760092,-0.016083857829198352,-0.1540762528943176
2024-09-10,-0.1540762528943176,0.006659231376979991,-0.117983405254891
2024-09-11,-0.117983405254891,-0.013699237962697114,0.2630029176639165
2024-09-12,0.2630029176639165,-0.015030784880065122,0.3977226611274845
2024-09-13,0.3977226611274845,-0.005150913620347858,0.3422193541617364
2024-09-16,0.3422193541617364,0.009566521279960343,-0.0449620078614693
2024-09-17,-0.0449620078614693,0.0024884838258922752,-0.0179904651020386
2024-09-18,-0.0179904651020386,-0.016751940635697377,0.2784891527229237
2024-09-19,0.2784891527229237,-0.016880431816921785,0.1075943796077727
2024-09-20,0.1075943796077727,-0.0029005667511815478,-0.2602181916110618
2024-09-23,-0.2602181916110618,-0.01453642343745217,0.1795332618674334
2024-09-24,0.1795332618674334,-0.005138042535036019,-0.0627999841210867
2024-09-25,-0.0627999841210867,-0.010436650306363187,0.3672687426537521
2024-09-26,0.3672687426537521,-0.01599205133124167,-0.2237838287890455
2024-09-27,-0.2237838287890455,0.00958082176675184,-0.1255380365731804
2024-09-30,-0.1255380365731804,-0.007667290873108226,-0.7023259555183893
2024-10-01,-0.7023259555183893,-0.013764546025116333,-0.1537279318886478
2024-10-02,-0.1537279318886478,0.0710115032453114,-0.3172447709455476
2024-10-03,-0.3172447709455476,-0.013137147416209211,-0.4914462020719949
2024-10-04,-0.4914462020719949,-4.374995838685773e-05,0.1367552749942927
2024-10-07,0.1367552749942927,0.022990298724900632,-0.0546796696390439
2024-10-08,-0.0546796696390439,-0.01352840519099543,-0.1733497993516813
2024-10-09,-0.1733497993516813,-0.016431876875698505,-0.237703531196816
2024-10-10,-0.237703531196816,-0.01177077911936568,0.1554854659980402
2024-10-11,0.1554854659980402,-0.006964836391228365,-0.3937553734459584
2024-10-15,-0.3937553734459584,-0.011843779094104287,-0.2388389891562321
2024-10-16,-0.2388389891562321,0.011139101128484803,-0.3316447074754118
2024-10-17,-0.3316447074754118,-0.006672465099852304,0.1567470700354654
2024-10-18,0.1567470700354654,0.0029420183076527126,-0.3137402222877494
2024-10-21,-0.3137402222877494,-0.011697606783283743,-0.1387283459486239
2024-10-22,-0.1387283459486239,0.0012508069898042506,-0.2409193159357888
2024-10-23,-0.2409193159357888,-0.01317611857937004,0.2501738622382625
2024-10-24,0.2501738622382625,-0.005755321766629642,0.0647578541526016
2024-10-25,0.0647578541526016,-0.0036217555085281718,0.055473374203636
2024-10-28,0.055473374203636,-0.015385877318313713,-0.1942915909341126
2024-10-29,-0.1942915909341126,-0.015497541618971005,0.6093639020244951
2024-10-30,0.6093639020244951,-0.008691746491484272,-0.0828767486085255
2024-10-31,-0.0828767486085255,0.05937209046210643,-0.0645072132215376
2024-11-01,-0.0645072132215376,-0.015373732807314851,0.3313089722960194
2024-11-04,0.3313089722960194,-0.015725755056092187,0.3302149395759253
2024-11-05,0.3302149395759253,0.0063098084342910424,-1.736603775338144
2024-11-06,-1.736603775338144,0.005848513579029749,0.557518634207711
2024-11-07,0.557518634207711,0.375619533636661,-0.7627234445797312
2024-11-08,-0.7627234445797312,0.010778648821858985,-1.0512580389086912
2024-11-12,-1.0512580389086912,0.0319016585142452,-0.2929366611676675
2024-11-13,-0.2929366611676675,0.06814928021943384,-0.0473283174152232
2024-11-14,-0.0473283174152232,-0.01235732138900031,-0.0947238869728061
2024-11-15,-0.0947238869728061,-0.01837103662070518,0.3216958020782466
2024-11-18,0.3216958020782466,-0.017820197152485086,-0.0756000792007552
2024-11-19,-0.0756000792007552,-0.00957233065998819,-0.5403112817637451
2024-11-20,-0.5403112817637451,-0.017962833137462816,-0.4381794017949224
2024-11-21,-0.4381794017949224,0.006147251999512749,-0.7281818130105793
2024-11-22,-0.7281818130105793,-0.0023874385226341564,0.7568173307932298
2024-11-25,0.7568173307932298,0.02517857330590437,0.0286273202012179
2024-11-26,0.0286273202012179,0.027590603495936613,0.8928630744301398
2024-11-27,0.8928630744301398,-0.018392096561595357,-0.2651265637864582
2024-11-29,-0.2651265637864582,0.043283555367848815,-0.599117383331719
2024-12-02,-0.599117383331719,-0.013557769260367229,0.3237789705992525
2024-12-03,0.3237789705992525,0.0077688689261265565,0.0855310102035174
2024-12-04,0.0855310102035174,-0.010404702347591352,0.4171017517338103
2024-12-05,0.4171017517338103,-0.017866336969031543,-0.0757073945500724
2024-12-06,-0.0757073945500724,-0.004378686773997601,0.0662471041121012
2024-12-09,0.0662471041121012,-0.018053675342525694,-0.550233813989159
2024-12-10,-0.550233813989159,-0.01796276561300195,-0.0380589918961167
2024-12-11,-0.0380589918961167,0.0066788917431034505,0.0570830573962771
2024-12-12,0.0570830573962771,-0.018273679444364678,-0.1522939567148063
2024-12-13,-0.1522939567148063,-0.0179573467965219,0.1332698912146597
2024-12-16,0.1332698912146597,-0.016283956858336186,-0.0570939210484807
2024-12-17,-0.0570939210484807,-0.01636755882715863,-0.3528013194551885
2024-12-18,-0.3528013194551885,-0.017885089226349238,-1.0755889730475996
2024-12-19,-1.0755889730475996,-0.006000106240132961,0.7023649405939089
2024-12-20,0.7023649405939089,0.08756575787553861,-0.2015452479349715
2024-12-23,-0.2015452479349715,0.023160014490066234,-0.2019522732829271
2024-12-24,-0.2019522732829271,-0.015266899762955102,0.3363608956683202
2024-12-26,0.3363608956683202,-0.015111938039061584,0.0
2024-12-27,0.0,-0.008179625420451215,-0.3556157335058079
2024-12-30,-0.3556157335058079,-0.018297127199732845,-0.3375612020514108
2024-12-31,-0.3375612020514108,-0.0070719483365444535,-0.8732832521540961
2025-01-02,-0.8732832521540961,-0.00801970365110217,0.3016593539425505
2025-01-03,0.3016593539425505,0.048707801699419496,1.0150408576335674
2025-01-06,1.0150408576335674,-0.010254044264162994,-0.2696717419692196
2025-01-07,-0.2696717419692196,0.06597056334942535,-0.5415350242209006
2025-01-08,-0.5415350242209006,-0.013155306780212843,-0.1455533709982344
2025-01-09,-0.1455533709982344,0.003787277175988638,-0.5843413588558072
2025-01-10,-0.5843413588558072,-0.01694488540415152,-0.2836603848513231
2025-01-13,-0.2836603848513231,0.008098345532667403,0.8097210232619303
2025-01-14,0.8097210232619303,-0.012308595035370393,-0.0972100786184719
2025-01-15,-0.0972100786184719,0.03339149857511645,0.2040321329618099
2025-01-16,0.2040321329618099,-0.017871518456572647,-0.155415281403807
2025-01-17,-0.155415281403807,-0.014973134697438871,1.3133940608292327
2025-01-21,1.3133940608292327,-0.01658969231978951,-0.0287866431964381
2025-01-22,-0.0287866431964381,0.1108773060844028,0.0
2025-01-23,0.0,-0.018631796951302102,0.907577282944233
2025-01-24,0.907577282944233,-0.018620479706602636,-0.2189747150036065
2025-01-27,-0.2189747150036065,0.03902405135392915,-0.621446619717114
2025-01-28,-0.621446619717114,-0.015604335521770471,-0.1055510341242493
2025-01-29,-0.1055510341242493,0.0071609542177753895,0.0383950859007494
2025-01-30,0.0383950859007494,-0.01796700292316673,-0.1921230177893932
2025-01-31,-0.1921230177893932,-0.018468747632348716,-1.1897417504390877
2025-02-03,-1.1897417504390877,-0.015996899393548154,0.9876145340215916
2025-02-04,0.9876145340215916,0.0785667279975925,0.3846528446894787
2025-02-05,0.3846528446894787,0.04194527596917029,-0.4906922820127921
2025-02-06,-0.4906922820127921,-0.009725298093271651,-0.3768666585422475
2025-02-07,-0.3768666585422475,-0.0045780085241501275,-0.1647207387610134
2025-02-10,-0.1647207387610134,-0.010329650186987761,0.3291705944437149
2025-02-11,0.3291705944437149,-0.017159361977627026,0.4436307786974995
2025-02-12,0.4436307786974995,-0.011436756256739065,0.3458216702956889
2025-02-13,0.3458216702956889,-0.005366316142377772,0.6690266758852824
2025-02-14,0.6690266758852824,-0.010391412183248561,-0.3913152213656268
2025-02-18,-0.3913152213656268,0.011811848033399339,-0.4889047748340027
2025-02-19,-0.4889047748340027,-0.008763374864499051,0.6608902940089804
2025-02-20,0.6608902940089804,-0.00290614869642844,-0.191113292760448
2025-02-21,-0.191113292760448,0.011094458367397008,0.2197488105431075
2025-02-24,0.2197488105431075,-0.01636512706894167,0.1906941844080023
2025-02-25,0.1906941844080023,-0.015105418627534993,0.1522939567148133
2025-02-26,0.1522939567148133,-0.015835462276404526,-0.9556647656548758
2025-02-27,-0.9556647656548758,-0.01671115232853729,-0.1152959389826702
2025-02-28,-0.1152959389826702,0.04624697494624995,0.8996136850852571
2025-03-03,0.8996136850852571,-0.017796494473125913,0.3613888859464186
2025-03-04,0.3613888859464186,0.03749676030704312,2.1970651841174376
2025-03-05,2.1970651841174376,-0.009704360186310892,0.4632640546863434
2025-03-06,0.4632640546863434,0.23619211857060324,0.3782815785528102
2025-03-07,0.3782815785528102,-0.009789726935083926,-0.2028024293905222
2025-03-10,-0.2028024293905222,-0.012703412318049919,0.8270585647750011
2025-03-11,0.8270585647750011,-0.017340383646396427,-0.0183049606954462
2025-03-12,-0.0183049606954462,0.012072193863066395,-0.605951174689039
2025-03-13,-0.605951174689039,-0.019057670209450445,0.1196447614079128
2025-03-14,0.1196447614079128,-0.0024064397920461763,0.4588426881119481
2025-03-17,0.4588426881119481,-0.01828881843284738,0.0457686858646258
2025-03-18,0.0457686858646258,-0.008549332188796839,-0.4586322476895164
2025-03-19,-0.4586322476895164,-0.018852740554322157,-0.2669736913673328
2025-03-20,-0.2669736913673328,-0.008466374529265767,-0.387919577616572
2025-03-21,-0.387919577616572,-0.0153640596106418,-0.1111111225423085
2025-03-24,-0.1111111225423085,-0.01105684887227677,0.0926011733918084
2025-03-25,0.0926011733918084,-0.018272441082898633,-0.2131110373388266
2025-03-26,-0.2131110373388266,-0.018294947943341827,0.1760808573193253
2025-03-27,0.1760808573193253,-0.01625846905879209,0.2404514244612148
2025-03-28,0.2404514244612148,-0.01674740665068144,-0.2774953219028063
2025-03-31,-0.2774953219028063,-0.014898460079134035,0.0370438974415993
2025-04-01,0.0370438974415993,-0.01389159707638282,0.6276557433927246
2025-04-02,0.6276557433927246,-0.018553346212522907,1.6788715497068716
2025-04-03,1.6788715497068716,0.008676230375733864,-0.3444216220880354
2025-04-04,-0.3444216220880354,0.14608824204788612,-0.9304089739183462
2025-04-07,-0.9304089739183462,-0.013101040551511506,0.0
2025-04-08,0.0,0.024226477239046702,1.1661939747843175
2025-04-09,1.1661939747843175,-0.01897497809356781,1.3674196514230683
2025-04-10,1.3674196514230683,0.0480297839497377,1.1813434005917718
2025-04-11,1.1813434005917718,0.06321467781010219,0.2909670086143015
2025-04-14,0.2909670086143015,0.03654256632090499,-0.6004963293670114
2025-04-15,-0.6004963293670114,-0.01576657162287298,0.8115782019361528
2025-04-16,0.8115782019361528,-0.005173481574378224,-0.1582696188990709
2025-04-17,-0.1582696188990709,0.007204820684264418,0.2285313467149142
2025-04-18,0.2285313467149142,-0.018229089947017805,1.0306668230210676
2025-04-21,1.0306668230210676,-0.016862750954391697,-0.3656311203110431
2025-04-22,-0.3656311203110431,0.02489888667050664,-1.0168390558779397
2025-04-23,-1.0168390558779397,-0.013893876843742525,0.1144719008460414
2025-04-24,0.1144719008460414,0.021964173958069492,0.1582835363880551
2025-04-25,0.1582835363880551,-0.01857414648536364,0.0527055528715238
2025-04-28,0.0527055528715238,-0.018008447955767462,0.0790062807193908
2025-04-29,0.0790062807193908,-0.018953069767158805,-0.4132782316659948
2025-04-30,-0.4132782316659948,-0.0187496474624805,-0.6187044661222213
2025-05-01,-0.6187044661222213,-0.01137867781531758,0.4511485382135364
2025-05-02,0.4511485382135364,-0.0014633730684295299,-0.1324795954414289
2025-05-05,-0.1324795954414289,-0.00915716448737694,0.2647839146304498
2025-05-06,0.2647839146304498,-0.018225931721878873,0.0264398714799817
2025-05-07,0.0264398714799817,-0.015298440822009202,-0.8762281135916069
2025-05-08,-0.8762281135916069,-0.01889272832798525,0.1865092240995991
2025-05-09,0.1865092240995991,0.02038158698238513,-1.4658825232269463
2025-05-12,-1.4658825232269463,-0.017037622701928625,0.6283119135245065
2025-05-13,0.6283119135245065,0.08398371594578821,0.2680727188432244
2025-05-14,0.2680727188432244,-0.00116454140386622,-0.151819631750875
2025-05-15,-0.151819631750875,-0.0156653784359946,-0.4299155748404618
2025-05-16,-0.4299155748404618,-0.018036810393522274,0.8490912164817698
2025-05-19,0.8490912164817698,-0.010340502502916975,0.1600711769090101
2025-05-20,0.1600711769090101,0.016007479289475244,0.7877192565818453
2025-05-21,0.7877192565818453,-0.017695225933211257,-0.5480918954122243
2025-05-22,-0.5480918954122243,0.011408917092058865,0.6097849304628272
2025-05-23,0.6097849304628272,-0.004897889990239663,-0.2116776235798348
2025-05-27,-0.2116776235798348,-0.0007192960441406938,-0.3537948144664958
2025-05-28,-0.3537948144664958,-0.016913536628908273,0.7415288215496325
2025-05-29,0.7415288215496325,-0.012840008745422826,-0.2024915953592333
2025-05-30,-0.2024915953592333,0.009395705455366176,0.74630488187139
2025-06-02,0.74630488187139,-0.016980499161404455,-0.5174315425258867
2025-06-03,-0.5174315425258867,0.010187982245269428,0.4474280394921107
2025-06-04,0.4474280394921107,-0.0055322545400676455,0.1399580354423041
2025-06-05,0.1399580354423041,-0.008265399515303681,-0.3765823078053576
2025-06-06,-0.3765823078053576,-0.01778902872144888,0.2453773906670329
2025-06-09,0.2453773906670329,-0.011339552126498306,-0.0175070028458281
2025-06-10,-0.0175070028458281,-0.01530927289005774,0.5848225108854134
2025-06-11,0.5848225108854134,-0.018827268869129603,0.762965379614841
2025-06-12,0.762965379614841,0.0018981625548477941,-0.1815431663508649
2025-06-13,-0.1815431663508649,0.015647009378748716,0.2074510208936404
2025-06-16,0.2074510208936404,-0.01702909404383085,-0.3979932576523549
2025-06-17,-0.3979932576523549,-0.016053629176767437,-0.1214434569800532
2025-06-18,-0.1214434569800532,-0.009242794058729038,-0.00868017881713
2025-06-20,-0.00868017881713,-0.01789203154403678,0.156128056695241
2025-06-23,0.156128056695241,-0.018701788530895366,0.6048579747189203
2025-06-24,0.6048579747189203,-0.016866992534514735,0.103323584187835
2025-06-25,0.103323584187835,0.007111866522299146,0.8313027262253473
2025-06-26,0.8313027262253473,-0.017804751582689644,0.0597244162627556
2025-06-27,0.0597244162627556,0.02968723496958105,0.3915898423539306
2025-06-30,0.3915898423539306,-0.01837117749174644,0.0509640714334959
2025-07-01,0.0509640714334959,-0.0075750574126342805,0.1188152562759289
2025-07-02,0.1188152562759289,-0.018369267055453574,-0.2717854569216388
2025-07-03,-0.2717854569216388,-0.017398748072243914,-0.2128475538576376
2025-07-07,-0.2128475538576376,-0.013081290522250584,-0.2218430943951303
2025-07-08,-0.2218430943951303,-0.015090099134234692,0.0
2025-07-09,0.0,-0.014636698904344828,-0.1624279049137037
2025-07-10,-0.1624279049137037,-0.01838488261398679,0.0684228559024322
2025-07-11,0.0684228559024322,-0.016199830860254567,-0.2054091786938118
2025-07-14,-0.2054091786938118,-0.017787784838746625,-0.4551122019759807
2025-07-15,-0.4551122019759807,-0.014524909078620847,0.0860289110181464
2025-07-16,0.0860289110181464,0.0008301545097947849,-0.2755534336340087
2025-07-17,-0.2755534336340087,-0.01737426643260326,0.4130459361738181
2025-07-18,0.4130459361738181,-0.010955838323282485,0.5139197606569673
2025-07-21,0.5139197606569673,-0.000611142526675643,0.3752029642561394
2025-07-22,0.3752029642561394,0.00860507217454363,-0.008511724906188
2025-07-23,-0.008511724906188,-0.003836685334056166,0.1446008842952183
2025-07-24,0.1446008842952183,-0.01809777395192715,-0.2979359513941798
2025-07-25,-0.2979359513941798,-0.015682533290604445,-1.0369003309485405
2025-07-28,-1.0369003309485405,-0.008881070891624944,-0.6481464162677959
2025-07-29,-0.6481464162677959,0.08667702275362744,-0.556426405194149
2025-07-30,-0.556426405194149,0.01837757137011197,-0.340596809763794
2025-07-31,-0.340596809763794,0.007913807912779713,1.0789280682702735
2025-08-01,1.0789280682702735,-0.008627003087800834,0.112442169006491
2025-08-04,0.112442169006491,0.07667791916786111,0.1036806728440308
2025-08-05,0.1036806728440308,-0.01745665790180814,0.5769163975665834
2025-08-06,0.5769163975665834,-0.017529022714399777,-0.0515286854411036
2025-08-07,-0.0515286854411036,0.008607349715401993,0.1630831656242332
2025-08-08,0.1630831656242332,-0.018281646471436677,-0.4555816535860579
2025-08-11,-0.4555816535860579,-0.016025165300899577,0.5670118284040613
2025-08-12,0.5670118284040613,-0.0012251987507719507,0.3591589289232652
2025-08-13,0.3591589289232652,0.009201497180071766,-0.6079046076382115
2025-08-14,-0.6079046076382115,-0.007212340888780409,0.5481342946262499
2025-08-15,0.5481342946262499,0.011886215723766162,-0.3508024987919497
2025-08-18,-0.3508024987919497,0.006732865958329271,-0.0600162919373708
2025-08-19,-0.0600162919373708,-0.008641564203481158,-0.0943841504706313
2025-08-20,-0.0943841504706313,-0.01813448133709835,-0.3784299691239506
2025-08-21,-0.3784299691239506,-0.017642557643950105,0.9263296361337072
2025-08-22,0.9263296361337072,-0.005858914299289825,-0.3677889789272973
2025-08-25,-0.3677889789272973,0.0555833803061549,-0.1114588360769364
2025-08-26,-0.1114588360769364,-0.007793874590289086,-0.3953933292826169
2025-08-27,-0.3953933292826169,-0.017471356720586112,0.5239886575615367
2025-08-28,0.5239886575615367,-0.005430661015937737,0.1968588815657702
2025-08-29,0.1968588815657702,0.0055469558900532,-0.3597742445016096
2025-09-02,-0.3597742445016096,-0.01482234060386564,0.1971795400742037
2025-09-03,0.1971795400742037,-0.007301410545732476,-0.2400961537538039
2025-09-04,-0.2400961537538039,-0.014584346389739634,0.9484413386948446
2025-09-05,0.9484413386948446,-0.01316909188024448,-0.0680561489474692
2025-09-08,-0.0680561489474692,0.061747761318575074,-0.2385619262112844
2025-09-09,-0.2385619262112844,-0.018057972703270274,-0.0768016422100597
2025-09-10,-0.0768016422100597,-0.013624302988811903,0.1535443447613993
2025-09-11,0.1535443447613993,-0.017836386908577122,-0.1535443447614077
2025-09-12,-0.1535443447614077,-0.015878825997058976,0.4939122703635859
2025-09-15,0.4939122703635859,-0.01609011592204421,0.6435246594271294
2025-09-16,0.6435246594271294,0.006008218730863033,-0.0253239354748848
2025-09-17,-0.0253239354748848,0.021491362994953366,-0.5502659387308275
2025-09-18,-0.5502659387308275,-0.01818140315084181,-0.2294651072723534
2025-09-19,-0.2294651072723534,0.009859488340511128,0.1700246945342569
2025-09-22,0.1700246945342569,-0.013443743017411436,0.2290757375559161
2025-09-23,0.2290757375559161,-0.015127942634741024,-0.4927373829624875
2025-09-24,-0.4927373829624875,-0.012557922773197032,-0.5893674971467899
2025-09-25,-0.5893674971467899,0.005900311108402886,0.1626364578473261
2025-09-26,0.1626364578473261,0.01559266506297051,0.3244815416384696
2025-09-29,0.3244815416384696,-0.01531993601267883,0.042616663760273
2025-09-30,0.042616663760273,-0.007046376403343221,-0.1023105213295719
2025-10-01,-0.1023105213295719,-0.017801702015975408,-0.2305821082268482
2025-10-02,-0.2305821082268482,-0.016979504815366385,0.4350985834326353
2025-10-03,0.4350985834326353,-0.012332894333825227,-0.3410935344213549
2025-10-06,-0.3410935344213549,0.0037838644772343125,-0.2822806715936142
2025-10-07,-0.2822806715936142,-0.005337552287931417,-0.5841941013182705
2025-10-08,-0.5841941013182705,-0.009205854703456452,-0.4057851456286422
2025-10-09,-0.4057851456286422,0.01964519899390059,0.4660805951490567
2025-10-10,0.4660805951490567,-0.0003203437639265382,-0.0430644681733956
2025-10-14,-0.0430644681733956,0.0064149797887038795,0.258109065259133
2025-10-15,0.258109065259133,-0.017771064912256638,0.2317299238915201
2025-10-16,0.2317299238915201,-0.009946844002336622,0.0771241308206011
2025-10-17,0.0771241308206011,-0.011271671958399985,-0.1543077888695576
2025-10-20,-0.1543077888695576,-0.0169485724880274,-0.3437610810463464
2025-10-21,-0.3437610810463464,-0.014979811844976215,-0.0344411920056805
2025-10-22,-0.0344411920056805,-0.003303719121826902,0.0
2025-10-23,0.0,-0.017511638710136904,0.120492311677532
2025-10-24,0.120492311677532,-0.01753290606680767,0.0859771353796389
2025-10-27,0.0859771353796389,-0.01526983875609226,0.1974673318198996
2025-10-28,0.1974673318198996,-0.016190163329599605,0.0428761315148097
2025-10-29,0.0428761315148097,-0.011295808690380885,-0.8610351112202658
2025-10-30,-0.8610351112202658,-0.016887556190504506,-0.1990911715832022
2025-10-31,-0.1990911715832022,0.08482093858285687,-0.0866851649288494
2025-11-03,-0.0866851649288494,-0.012714797175192059,-0.3474940513482462
2025-11-04,-0.3474940513482462,-0.016637660627409956,-0.0522284134435027
2025-11-05,-0.0522284134435027,-0.001520397074395042,0.469076607146892
2025-11-06,0.469076607146892,-0.01712795693520862,0.3374143444282209
2025-11-07,0.3374143444282209,0.014057331044857024,-0.2854302850354108
2025-11-10,-0.2854302850354108,-0.0012169231511378498,0.4062762211922415
2025-11-12,0.4062762211922415,-0.006569142511900714,0.4905134399258765
2025-11-13,0.4905134399258765,0.006162625361035588,-0.2750796886302291
2025-11-14,-0.2750796886302291,0.01598924680945616,-0.1636873077088929
2025-11-17,-0.1636873077088929,-0.0077277428896558266,-0.1639556824112865
2025-11-18,-0.1639556824112865,-0.014017536115058455,-0.3373851550182476
2025-11-19,-0.3373851550182476,-0.013840691157995666,-0.0520065886732573
2025-11-20,-0.0520065886732573,-0.0015282344969998122,-0.2430556752119148
2025-11-21,-0.2430556752119148,-0.01698700310422055,0.1042390643378758
2025-11-24,0.1042390643378758,-0.008767600433142555,0.3034114416400998
2025-11-25,0.3034114416400998,-0.015305169167662594,0.3283791405726472
2025-11-26,0.3283791405726472,-0.002137816500312398,0.0776163205710822
2025-11-28,0.0776163205710822,0.0004145609569200475,0.1980795549252038
2025-12-01,0.1980795549252038,-0.015965768088895337,-0.232568260216196
2025-12-02,-0.232568260216196,-0.010197749670891345,0.5503969862937308
2025-12-03,0.5503969862937308,-0.008370291076344108,-0.0085766971191974
2025-12-04,-0.0085766971191974,0.03327755479207096,-0.2060617196899284
2025-12-05,-0.2060617196899284,-0.017063713812999398,-0.0773827475096123
2025-12-08,-0.0773827475096123,-0.010388402502107898,0.1117558680680392
2025-12-09,0.1117558680680392,-0.016044630776704007,0.0944652051870331
2025-12-10,0.0944652051870331,-0.01441384759654865,0.905756854496138
2025-12-11,0.905756854496138,-0.014927209853777528,-0.212883803308764
2025-12-12,-0.212883803308764,0.1170776210955225,0.2128838033087558
2025-12-15,0.2128838033087558,-0.011069959922971072,0.1190172715514485
2025-12-16,0.1190172715514485,-0.010149311523279109,-0.1870907935811731
2025-12-17,-0.1870907935811731,-0.014820954939612661,-0.1618605797005602
2025-12-18,-0.1618605797005602,-0.011974434525905093,-0.0682302798324943
2025-12-19,-0.0682302798324943,-0.013141496280590163,0.247113584912482
2025-12-22,0.247113584912482,-0.016325958521399436,0.221032139635233
2025-12-23,0.221032139635233,-0.006085142287005364,0.0339616236920204
2025-12-24,0.0339616236920204,-0.00803620480372263,-0.1189161781176309
2025-12-26,-0.1189161781176309,-0.016511931599099732,-0.0850267885593376
2025-12-29,-0.0850267885593376,-0.014372055303331858,0.0765273622654985
2025-12-30,0.0765273622654985,-0.015424622673495415,-0.2467981338645341
2025-12-31,-0.2467981338645341,-0.015191610869970828,0.0170401295462225
2026-01-02,0.0170401295462225,-0.00500803544335708,-0.1961370176383786
2026-01-05,-0.1961370176383786,-0.016250333658803594,-0.2221843334125688
2026-01-06,-0.2221843334125688,-0.008804432050415546,0.0085546858343692
2026-01-07,0.0085546858343692,-0.006419815370146721,-0.2998502996256669
2026-01-08,-0.2998502996256669,-0.01608437309053547,-0.1803426999150682
2026-01-09,-0.1803426999150682,0.002662945273832635,0.3260965731914794
2026-01-12,0.3260965731914794,-0.009403596584899008,-0.2230037805556317
2026-01-13,-0.2230037805556317,0.008016331079208861,0.0772499072792067
2026-01-14,0.0772499072792067,-0.00576893033353905,-0.4299232761319947
2026-01-15,-0.4299232761319947,-0.014444495459330804,-0.0517152226661323
2026-01-16,-0.0517152226661323,0.023628192665900712,1.1997744396645889
2026-01-20,1.1997744396645889,-0.0155830313808169,-0.2900530953510886
2026-01-21,-0.2900530953510886,0.2354894333024894,0.2815341193268569
2026-01-22,0.2815341193268569,-0.006147021040689754,0.2807437294200792
2026-01-23,0.2807437294200792,-0.005737529452841723,0.972235751412527
2026-01-26,0.972235751412527,-0.0056407915353067105,0.7877355742834216
2026-01-27,0.7877355742834216,0.10567254090997634,-0.3260736136055723
2026-01-28,-0.3260736136055723,0.05154070755405374,0.0167476135042259
2026-01-29,0.0167476135042259,-0.007176600098190446,-0.4868231874132566
2026-01-30,-0.4868231874132566,-0.017911069659832274,-0.6584524887184431
2026-02-02,-0.6584524887184431,0.00738033742282794,0.1015830105130828
2026-02-03,0.1015830105130828,0.02702416774613212,-0.1354669583171566
2026-02-04,-0.1354669583171566,-0.01682249638352003,-0.0084727811954951
2026-02-05,-0.0084727811954951,-0.016148452963631987,0.0846955246699356
2026-02-06,0.0846955246699356,-0.017902058491658494,0.7254354884037686
2026-02-09,0.7254354884037686,-0.016885044694852004,0.0
2026-02-10,0.0,0.04248140370586874,-0.1177361165352803
2026-02-11,-0.1177361165352803,-0.01792890126515784,-0.1178748978784359
2026-02-12,-0.1178748978784359,-0.016435471662165562,0.0
2026-02-13,0.0,-0.01631804296241736,-0.3291003350050988
2026-02-17,-0.3291003350050988,-0.01772415667361382,-0.1776575062254793
2026-02-18,-0.1776575062254793,-0.004641963075268752,-0.407263417150683
2026-02-19,-0.407263417150683,-0.01388596244981282,0.1614068226218089
2026-02-20,0.1614068226218089,0.003086000015622739,0.1950392816710771
2026-02-23,0.1950392816710771,-0.01396161491762579,-0.1271563770702405
2026-02-24,-0.1271563770702405,-0.012156114019550761,0.1271563770702427
2026-02-25,0.1271563770702427,-0.015447826108636068,-0.1017121633712093
2026-02-26,-0.1017121633712093,-0.014896815432367011,0.2540866955196821
2026-02-27,0.2540866955196821,-0.015975177574592565,-1.1228426918200622
2026-03-02,-1.1228426918200622,-0.007189119487801165,-0.73839092248194
2026-03-03,-0.73839092248194,0.1439279413188212,0.2925739975320529
2026-03-04,0.2925739975320529,0.04005481931737154,-0.4564448350138536
2026-03-05,-0.4564448350138536,-0.008694903878896806,0.1811047884076971
2026-03-06,0.1811047884076971,0.003386023946381081,-0.1207000750035338
2026-03-09,-0.1207000750035338,-0.014275568759154906,0.4819286435948922
2026-03-10,0.4819286435948922,-0.016487841313839204,-0.7064731718303671
2026-03-11,-0.7064731718303671,0.008419715143637279,-0.381150842583531
2026-03-12,-0.381150842583531,0.03408940592201649,-0.6792676122327354
2026-03-13,-0.6792676122327354,-0.0035522442350407893,0.3750385975403277
2026-03-16,0.3750385975403277,0.02747891227236784,0.3302627719445148
2026-03-17,0.3302627719445148,-0.003903710826241136,-0.1041757191184946
2026-03-18,-0.1041757191184946,-0.006915791529544241,0.0173701581121213
2026-03-19,0.0173701581121213,-0.017097550717098346,0.2428659360126702
2026-03-20,0.2428659360126702,-0.017962221896521448,0.3804587382150101
2026-03-23,0.3804587382150101,-0.011261446524783386,-0.0777034358112448
2026-03-24,-0.0777034358112448,-0.0015584417836230664,-0.0691204451227625
2026-03-25,-0.0691204451227625,-0.01732459361871628,-0.2422984916810645
2026-03-26,-0.2422984916810645,-0.017369866629082645,-0.1907901021029534
2026-03-27,-0.1907901021029534,-0.01110803120668002,-0.5745641296079513
2026-03-30,-0.5745641296079513,-0.013542559298159269,0.5572015112815032
2026-03-31,0.5572015112815032,0.02146260087210183,0.8300237865377442
2026-04-01,0.8300237865377442,0.019059310830841832,-0.5872210311116272
2026-04-02,-0.5872210311116272,0.05728861152209889,-0.1994018606864395
2026-04-03,-0.1994018606864395,0.015777274521202204,0.1907404774581234
2026-04-06,0.1907404774581234,-0.014356150361132731,0.2249525087741743
2026-04-07,0.2249525087741743,-0.014081027674955332,0.988957623804485
2026-04-08,0.988957623804485,-0.012380446983173686,0.1709986736783971
2026-04-09,0.1709986736783971,0.07955349309286429,0.1451193220661965
2026-04-10,0.1451193220661965,-0.015339300276107519,-0.1109546480065178
2026-04-13,-0.1109546480065178,-0.01600703987262077,0.6893350984910219
2026-04-14,0.6893350984910219,-0.017035968915922198,0.0678253523245912
2026-04-15,0.0678253523245912,0.029047834776448057,-0.1356967386578594
2026-04-16,-0.1356967386578594,-0.017646373487967798,0.1526458912407918
2026-04-17,0.1526458912407918,-0.016424358754245784,-0.1356737255517104
2026-04-20,-0.1356737255517104,-0.015464849053073569,-0.2804097516518322
2026-04-21,-0.2804097516518322,-0.0162000698458569,-0.3238731203985716
2026-04-22,-0.3238731203985716,-0.00970403080891896,-0.0854043949767269
2026-04-23,-0.0854043949767269,-0.006673977000515418,0.1195457404773509
2026-04-24,0.1195457404773509,-0.0171490545331814,0.110878940098651
2026-04-27,0.110878940098651,-0.01595620838850953,-0.1364838563824389
2026-04-28,-0.1364838563824389,-0.016084092522298338,-0.1708671923616595
2026-04-29,-0.1708671923616595,-0.015527633896427853,0.2903007503225706
2026-04-30,0.2903007503225706,-0.014084399030176156,0.2214274452664711
2026-05-01,0.2214274452664711,-0.006008481354389615,-0.4860794971198846
2026-05-04,-0.4860794971198846,-0.010604216132717979,0.0769066476701345
2026-05-05,0.0769066476701345,0.013287634818051015,0.3921573653181643
2026-05-06,0.3921573653181643,-0.016601563701841057,0.0935493541031484
2026-05-07,0.0935493541031484,0.00400470688243084,0.0764753404311158
2026-05-08,0.0764753404311158,-0.01610408171389119,0.0594404127380806
2026-05-11,0.0594404127380806,-0.016420232850882836,-0.3997793781953865
2026-05-12,-0.3997793781953865,-0.016673337090185165,-0.1876813381486514
2026-05-13,-0.1876813381486514,0.005752654074567652,-0.2821841198654452
2026-05-14,-0.2821841198654452,-0.012312501582677332,-0.437675017487462
2026-05-15,-0.437675017487462,-0.005593583746924015,0.1890359731168771
2026-05-18,0.1890359731168771,0.01097556589676253,-0.4042842373767492
2026-05-19,-0.4042842373767492,-0.01147761658178504,0.1550254379892634
2026-05-20,0.1550254379892634,0.006920495044073723,-0.2671379071511157
2026-05-21,-0.2671379071511157,-0.013235463782457917,0.1207313013154531
2026-05-22,0.1207313013154531,-0.006483991865432392,0.146406605835656
2026-05-26,0.146406605835656,-0.01452967337911064,0.0946195933136665
2026-05-27,0.0946195933136665,-0.013208265406739472,0.1546392060738283
2026-05-28,0.1546392060738283,-0.015220354350258435,0.2572017878788261
2026-05-29,0.2572017878788261,-0.012379703780425352,-0.472043102844641
2026-06-01,-0.472043102844641,-0.00460287794951151,0.1547322581561839
2026-06-02,0.1547322581561839,0.02083294276000524,-0.3183209123143283
2026-06-03,-0.3183209123143283,-0.01243150905057175,0.206593858450586
2026-06-04,0.206593858450586,0.0001710229125762702,-0.8289487067104516
2026-06-05,-0.8289487067104516,-0.008880368581457401,0.1039951562657108
2026-06-08,0.1039951562657108,0.09214752591855435,0.0952339797530139
2026-06-09,0.0952339797530139,-0.015445497462311076,-0.0519345636186248
2026-06-10,-0.0519345636186248,-0.015591493082844361,-0.3034903695154047
2026-06-11,-0.3034903695154047,-0.016738035167862476,0.5024265593292163
2026-06-12,0.5024265593292163,-0.002625127368632079,0.2244088633798505
2026-06-15,0.2244088633798505,0.023976039773505365,0.1378478722633414
2026-06-16,0.1378478722633414,-0.008825021267284102,-0.189589853410802
2026-06-17,-0.189589853410802,-0.013757222639606138,-1.0666536546985053
2026-06-18,-1.0666536546985053,-0.01144016602540149,-0.3318490513713063
2026-06-22,-0.3318490513713063,0.1438953686209538,-0.4295426284486555
2026-06-23,-0.4295426284486555,-0.004364311389424554,-0.3079497396474688
2026-06-24,-0.3079497396474688,0.0047928440092318385,0.325518256909813
2026-06-25,0.325518256909813,-0.006229829985369729,0.1579779159518433
2026-06-26,0.1579779159518433,-0.0037578395281046523,0.1927458105046914
2026-06-29,0.1927458105046914,-0.014153222457685584,-0.0700464086078422
2026-06-30,-0.0700464086078422,-0.012333776739879817,-0.2894611906638786
2026-07-01,-0.2894611906638786,-0.01691726642563529,0.5606181466598464
2026-07-02,0.5606181466598464,-0.006205125250801759,-0.1923581951878961
2026-07-06,-0.1923581951878961,0.02634602123968989,-0.0262593550460676
2026-07-07,-0.0262593550460676,-0.012812244800691758,-0.2366450116148293
2026-07-08,-0.2366450116148293,-0.017374604647803837,0.3766152907874517
2026-07-09,0.3766152907874517,-0.009757897801853875,-0.0087424050411892
2026-07-10,-0.0087424050411892,0.003649437479427143,-0.3152366883734209
2026-07-13,-0.3152366883734209,-0.01731540123677385,0.2277705759136509
2026-07-14,0.2277705759136509,-0.00303499682176973,0.0699790091538731
2026-07-15,0.0699790091538731,-0.009029335555345143,0.0961412476274002
2026-07-16,0.0961412476274002,-0.016280618511816048,-0.0611700984687541
2026-07-17,-0.0611700984687541,-0.01542538146241958,-0.253818349910916
2026-07-20,-0.253818349910916,-0.016485232702465876,-0.0262938780602477
2026-07-21,-0.0262938780602477,-0.00657351104185515,0.0525808442576148
2026-07-22,0.0525808442576148,-0.016781115643026034,-0.3598546912208908
2026-07-23,-0.3598546912208908,-0.01614701057157322,0.1054574313395595
2026-07-24,0.1054574313395595,0.005819012336443323,-0.0790826454817984
2026-07-27,-0.0790826454817984,-0.014449579344279003,0.2195197790697612
2026-07-28,0.2195197790697612,-0.01559330933568163,-0.1492210064031265
2026-07-29,-0.1492210064031265,-0.006821716136528966,1.204939052264004
2026-07-30,1.204939052264004,-0.012449842964890916,-0.0260405365822021
2026-07-31,-0.0260405365822021,0.21422123536288712,-0.0868507958015195
2026-08-03,-0.0868507958015195,-0.017520509240552387,0.1562771632521568
2026-08-04,0.1562771632521568,-0.016605507814329186,0.1733553350843207
2026-08-05,0.1733553350843207,-0.013757944694953329,-0.2254205913802393
2026-08-06,-0.2254205913802393,-0.012759296549259556,0.3292897256213693
2026-08-07,0.3292897256213693,-0.010226449507967288,-0.0605772161659788
2026-08-10,-0.0605772161659788,-0.0006320291289156704,-0.0779389517695217
2026-08-11,-0.0779389517695217,-0.0167731196484386,-0.0259931552821762
2026-08-12,-0.0259931552821762,-0.016325895086728874,-0.0780200290974255
2026-08-13,-0.0780200290974255,-0.016979798923968302,0.4326763413261351
2026-08-14,0.4326763413261351,-0.016081971627637602,0.0863110704367392
2026-08-17,0.0863110704367392,0.015101823190814706,-0.0949462761758815
2026-08-18,-0.0949462761758815,-0.015532368972478016,0.7227703121453264
2026-08-19,0.7227703121453264,-0.015487584602393871,0.1285182030125799
2026-08-20,0.1285182030125799,0.06941168904523773,0.0428027229066318
2026-08-21,0.0428027229066318,-0.014381710121740112,-0.162747905210125
2026-08-24,-0.162747905210125,-0.016704406056258506,0.0685577197132763
2026-08-25,0.0685577197132763,-0.012956498735111939,-0.1886469432722072
2026-08-26,-0.1886469432722072,-0.015980054921586342,0.0257455483078443
2026-08-27,0.0257455483078443,-0.011033434680339146,-0.4816799266633595
2026-08-28,-0.4816799266633595,-0.016570671592849376,0.163687307708891
2026-08-31,0.163687307708891,0.023321073715711294,-0.2068074843073344
2026-09-01,-0.2068074843073344,-0.01177713390519289,-0.0086262669883106
2026-09-02,-0.0086262669883106,-0.0095128951345522,0.2670688643189804
2026-09-03,0.2670688643189804,-0.0166545132638359,-0.0430274091230262
2026-09-04,-0.0430274091230262,-0.002663365031993001,0.0774360116130453
2026-09-08,0.0774360116130453,-0.016266827679651444,0.0
2026-09-09,0.0,-0.01506302481234497,0.0171998624434929
2026-09-10,0.0171998624434929,-0.016309703744626078,-0.2152112051748573
